{"textures":{"red":"minemakers/color/red","texture":"minemakers/color/yellow","hardened_clay_stained_black":"minemakers/color/black","iron_block":"minemakers/iron","hardened_clay_stained_lime":"minemakers/color/lime"},"elements":[{"from":[6,0,2],"to":[9,1,5],"faces":{"down":{"uv":[9,14,6,11],"rotation":180,"texture":"#hardened_clay_stained_black"},"up":{"uv":[7,11,10,14],"rotation":180,"texture":"#hardened_clay_stained_black"},"north":{"uv":[7,15,10,16],"texture":"#hardened_clay_stained_black"},"south":{"uv":[6,15,9,16],"texture":"#hardened_clay_stained_black"},"west":{"uv":[2,15,5,16],"texture":"#hardened_clay_stained_black"},"east":{"uv":[11,15,14,16],"texture":"#hardened_clay_stained_black"}}},{"from":[6,1,2],"to":[9,1.5,5],"faces":{"down":{"uv":[9,14,6,11],"rotation":180,"texture":"#texture"},"up":{"uv":[7,11,10,14],"rotation":180,"texture":"#texture"},"north":{"uv":[7,14.5,10,15],"texture":"#texture"},"south":{"uv":[6,14.5,9,15],"texture":"#texture"},"west":{"uv":[2,14.5,5,15],"texture":"#texture"},"east":{"uv":[11,14.5,14,15],"texture":"#texture"}}},{"from":[7,1.5,2.5],"to":[8.5,10,5],"faces":{"down":{"uv":[8.75,13.75,7.25,11.25],"rotation":180,"texture":"#hardened_clay_stained_black"},"up":{"uv":[7.25,11.25,8.75,13.75],"rotation":180,"texture":"#hardened_clay_stained_black"},"north":{"uv":[7.25,6,8.75,14.5],"texture":"#hardened_clay_stained_black"},"south":{"uv":[7.25,6,8.75,14.5],"texture":"#hardened_clay_stained_black"},"west":{"uv":[2.25,6,4.75,14.5],"texture":"#hardened_clay_stained_black"},"east":{"uv":[11.25,6,13.75,14.5],"texture":"#hardened_clay_stained_black"}}},{"from":[5.5,10,2],"to":[9.5,13.5,13.5],"faces":{"down":{"uv":[9.5,14,5.5,2.5],"rotation":180,"texture":"#texture"},"up":{"uv":[6.5,2.5,10.5,14],"rotation":180,"texture":"#texture"},"north":{"uv":[6.5,2.5,10.5,6],"texture":"#texture"},"south":{"uv":[5.5,2.5,9.5,6],"texture":"#texture"},"west":{"uv":[2,2.5,13.5,6],"texture":"#texture"},"east":{"uv":[2.5,2.5,14,6],"texture":"#texture"}}},{"from":[6,1.5,4.5],"to":[7,10,5],"faces":{"down":{"uv":[7.25,11.75,6.25,11.25],"rotation":180,"texture":"#hardened_clay_stained_black"},"up":{"uv":[8.75,11.25,9.75,11.75],"rotation":180,"texture":"#hardened_clay_stained_black"},"north":{"uv":[8.75,6,9.75,14.5],"texture":"#hardened_clay_stained_black"},"south":{"uv":[6.25,6,7.25,14.5],"texture":"#hardened_clay_stained_black"},"west":{"uv":[4.25,6,4.75,14.5],"texture":"#hardened_clay_stained_black"},"east":{"uv":[11.25,6,11.75,14.5],"texture":"#hardened_clay_stained_black"}}},{"from":[6,1.5,2.5],"to":[7,10,3],"faces":{"down":{"uv":[7.25,13.75,6.25,13.25],"rotation":180,"texture":"#hardened_clay_stained_black"},"up":{"uv":[8.75,13.25,9.75,13.75],"rotation":180,"texture":"#hardened_clay_stained_black"},"north":{"uv":[8.75,6,9.75,14.5],"texture":"#hardened_clay_stained_black"},"south":{"uv":[6.25,6,7.25,14.5],"texture":"#hardened_clay_stained_black"},"west":{"uv":[2.25,6,2.75,14.5],"texture":"#hardened_clay_stained_black"},"east":{"uv":[13.25,6,13.75,14.5],"texture":"#hardened_clay_stained_black"}}},{"from":[6,1.5,3],"to":[7,4.5,4.5],"faces":{"down":{"uv":[7.25,13.25,6.25,11.75],"rotation":180,"texture":"#hardened_clay_stained_black"},"up":{"uv":[8.75,11.75,9.75,13.25],"rotation":180,"texture":"#hardened_clay_stained_black"},"north":{"uv":[8.75,11.5,9.75,14.5],"texture":"#hardened_clay_stained_black"},"south":{"uv":[6.25,11.5,7.25,14.5],"texture":"#hardened_clay_stained_black"},"west":{"uv":[2.75,11.5,4.25,14.5],"texture":"#hardened_clay_stained_black"},"east":{"uv":[11.75,11.5,13.25,14.5],"texture":"#hardened_clay_stained_black"}}},{"from":[6,9,3],"to":[7,10,4.5],"faces":{"down":{"uv":[7.25,13.25,6.25,11.75],"rotation":180,"texture":"#hardened_clay_stained_black"},"up":{"uv":[8.75,11.75,9.75,13.25],"rotation":180,"texture":"#hardened_clay_stained_black"},"north":{"uv":[8.75,6,9.75,7],"texture":"#hardened_clay_stained_black"},"south":{"uv":[6.25,6,7.25,7],"texture":"#hardened_clay_stained_black"},"west":{"uv":[2.75,6,4.25,7],"texture":"#hardened_clay_stained_black"},"east":{"uv":[11.75,6,13.25,7],"texture":"#hardened_clay_stained_black"}}},{"from":[5.5,9.5,2],"to":[9.5,10,7.5],"faces":{"down":{"uv":[10.5,7.5,6.5,2],"texture":"#hardened_clay_stained_black"},"up":{"uv":[5.5,2,9.5,7.5],"texture":"#hardened_clay_stained_black"},"north":{"uv":[6.5,6,10.5,6.5],"texture":"#hardened_clay_stained_black"},"south":{"uv":[5.5,6,9.5,6.5],"texture":"#hardened_clay_stained_black"},"west":{"uv":[2,6,7.5,6.5],"texture":"#hardened_clay_stained_black"},"east":{"uv":[8.5,6,14,6.5],"texture":"#hardened_clay_stained_black"}}},{"from":[5,9,0],"to":[10,14,2],"faces":{"down":{"uv":[5,3.5,9,5.5],"texture":"#iron_block"},"up":{"uv":[5.5,3.5,9.5,5.5],"texture":"#iron_block"},"north":{"uv":[5.5,2.5,9.5,6],"texture":"#iron_block"},"south":{"uv":[5.5,2.5,9.5,6],"texture":"#iron_block"},"west":{"uv":[2,2.5,4,6],"texture":"#iron_block"},"east":{"uv":[1,2.5,3,6],"texture":"#iron_block"}}},{"from":[6,10,-0.1875],"to":[9,13,0.3125],"faces":{"down":{"uv":[10,0.3125,7,0],"texture":"#hardened_clay_stained_black"},"up":{"uv":[6,0,9,0.3125],"texture":"#hardened_clay_stained_black"},"north":{"uv":[7,3,10,6],"texture":"#hardened_clay_stained_black"},"south":{"uv":[6,3,9,6],"texture":"#hardened_clay_stained_black"},"west":{"uv":[0,3,0.3125,6],"texture":"#hardened_clay_stained_black"},"east":{"uv":[15.6875,3,16,6],"texture":"#hardened_clay_stained_black"}}},{"from":[6.5,8.5,5.5],"to":[8,10.5,6.5],"rotation":{"origin":[6.5,10.5,5.5],"axis":"x","angle":45},"faces":{"down":{"uv":[16,5,16,4],"texture":"#hardened_clay_stained_black"},"up":{"uv":[0,4,0,5],"texture":"#hardened_clay_stained_black"},"north":{"uv":[16,0,16,2],"texture":"#hardened_clay_stained_black"},"south":{"uv":[0,0,0,2],"texture":"#hardened_clay_stained_black"},"west":{"uv":[4,0,5,2],"texture":"#hardened_clay_stained_black"},"east":{"uv":[11,0,12,2],"texture":"#hardened_clay_stained_black"}}},{"from":[7,8.25,6],"to":[7.5,9.75,6.5],"rotation":{"origin":[7,9.75,6],"axis":"x","angle":-22.5},"faces":{"down":{"uv":[9,7,8.5,6.5],"texture":"#red"},"up":{"uv":[7,6.5,7.5,7],"texture":"#red"},"north":{"uv":[8.5,6,9,7.5],"texture":"#red"},"south":{"uv":[7,6,7.5,7.5],"texture":"#red"},"west":{"uv":[6.5,6,7,7.5],"texture":"#red"},"east":{"uv":[9,6,9.5,7.5],"texture":"#red"}}},{"from":[5,10.5,12.5625],"to":[10,13,13.5625],"faces":{"down":{"uv":[11,13.5625,6,12.5625],"texture":"#hardened_clay_stained_black"},"up":{"uv":[5,12.5625,10,13.5625],"texture":"#hardened_clay_stained_black"},"north":{"uv":[6,3,11,5.5],"texture":"#hardened_clay_stained_black"},"south":{"uv":[5,3,10,5.5],"texture":"#hardened_clay_stained_black"},"west":{"uv":[12.5625,3,13.5625,5.5],"texture":"#hardened_clay_stained_black"},"east":{"uv":[2.4375,3,3.4375,5.5],"texture":"#hardened_clay_stained_black"}}},{"from":[7,11.5,13.5],"to":[8,12.5,14.5],"faces":{"down":{"uv":[9,14.5,8,13.5],"texture":"#red"},"up":{"uv":[7,13.5,8,14.5],"texture":"#red"},"north":{"uv":[8,3.5,9,4.5],"texture":"#red"},"south":{"uv":[7,3.5,8,4.5],"texture":"#red"},"west":{"uv":[13.5,3.5,14.5,4.5],"texture":"#red"},"east":{"uv":[1.5,3.5,2.5,4.5],"texture":"#red"}}},{"from":[7.25,11.75,14.5],"to":[7.75,12.25,17],"faces":{"down":{"uv":[8.75,16,8.25,14.5],"texture":"#hardened_clay_stained_black"},"up":{"uv":[7.25,14.5,7.75,16],"texture":"#hardened_clay_stained_black"},"north":{"uv":[8.25,3.75,8.75,4.25],"texture":"#hardened_clay_stained_black"},"south":{"uv":[7.25,3.75,7.75,4.25],"texture":"#hardened_clay_stained_black"},"west":{"uv":[14.5,3.75,16,4.25],"texture":"#hardened_clay_stained_black"},"east":{"uv":[0,3.75,1.5,4.25],"texture":"#hardened_clay_stained_black"}}},{"from":[7,-1,12],"to":[8,12,14],"rotation":{"origin":[7,12,12],"axis":"x","angle":45},"faces":{"down":{"uv":[16,8.5,16,7.5],"texture":"#hardened_clay_stained_black"},"up":{"uv":[0,7.5,0,8.5],"texture":"#hardened_clay_stained_black"},"north":{"uv":[16,8.5,16,16],"texture":"#hardened_clay_stained_black"},"south":{"uv":[0,8.5,0,16],"texture":"#hardened_clay_stained_black"},"west":{"uv":[7.5,8.5,8.5,16],"texture":"#hardened_clay_stained_black"},"east":{"uv":[7.5,8.5,8.5,16],"texture":"#hardened_clay_stained_black"}}},{"from":[6,11,3],"to":[7,12,10.5],"rotation":{"origin":[6,11,3],"axis":"y","angle":-22.5},"faces":{"down":{"uv":[11.5,11.5,10.5,4],"texture":"#hardened_clay_stained_black"},"up":{"uv":[4.5,4,5.5,11.5],"texture":"#hardened_clay_stained_black"},"north":{"uv":[10.5,4,11.5,5],"texture":"#hardened_clay_stained_black"},"south":{"uv":[4.5,4,5.5,5],"texture":"#hardened_clay_stained_black"},"west":{"uv":[4,4,11.5,5],"texture":"#hardened_clay_stained_black"},"east":{"uv":[4.5,4,12,5],"texture":"#hardened_clay_stained_black"}}},{"from":[8,11,3.5],"to":[9,12,11],"rotation":{"origin":[8,11,3.5],"axis":"y","angle":22.5},"faces":{"down":{"uv":[11.5,11.5,10.5,4],"texture":"#hardened_clay_stained_black"},"up":{"uv":[4.5,4,5.5,11.5],"texture":"#hardened_clay_stained_black"},"north":{"uv":[10.5,4,11.5,5],"texture":"#hardened_clay_stained_black"},"south":{"uv":[4.5,4,5.5,5],"texture":"#hardened_clay_stained_black"},"west":{"uv":[4,4,11.5,5],"texture":"#hardened_clay_stained_black"},"east":{"uv":[4.5,4,12,5],"texture":"#hardened_clay_stained_black"}}},{"from":[7,12,3],"to":[8,13,10.5],"rotation":{"origin":[7,13,3],"axis":"x","angle":-22.5},"faces":{"down":{"uv":[11.5,11.5,10.5,4],"texture":"#hardened_clay_stained_black"},"up":{"uv":[4.5,4,5.5,11.5],"texture":"#hardened_clay_stained_black"},"north":{"uv":[10.5,4,11.5,5],"texture":"#hardened_clay_stained_black"},"south":{"uv":[4.5,4,5.5,5],"texture":"#hardened_clay_stained_black"},"west":{"uv":[4,4,11.5,5],"texture":"#hardened_clay_stained_black"},"east":{"uv":[4.5,4,12,5],"texture":"#hardened_clay_stained_black"}}},{"from":[7.6875,11.8125,-0.3125],"to":[8.6875,12.8125,0.6875],"faces":{"down":{"uv":[8.3125,0.6875,7.3125,0],"texture":"#red"},"up":{"uv":[7.6875,0,8.6875,0.6875],"texture":"#red"},"north":{"uv":[7.3125,3.1875,8.3125,4.1875],"texture":"#red"},"south":{"uv":[7.6875,3.1875,8.6875,4.1875],"texture":"#red"},"west":{"uv":[0,3.1875,0.6875,4.1875],"texture":"#red"},"east":{"uv":[15.3125,3.1875,16,4.1875],"texture":"#red"}}}],"display":{"thirdperson_righthand":{"rotation":[0,180,0],"translation":[-0.76,0.19,-2.65],"scale":[1.4,1.4,1.4]},"firstperson_righthand":{"rotation":[0,180,0],"translation":[0.94,-1.51,-6.05],"scale":[1.4,1.4,1.4]},"gui":{"rotation":[0,75,10],"translation":[0.6,-0.1,0],"scale":[0.85,0.85,0.85]}},"overrides":[{"predicate":{"pulling":1},"model":"item/bow_pulling_0"},{"predicate":{"pulling":1,"pull":0.5},"model":"item/bow_pulling_1"},{"predicate":{"pulling":1,"pull":0.8},"model":"item/bow_pulling_2"}]}