{"parent":"item/handheld","textures":{"layer0":"items/carrot_on_a_stick"},"overrides":[{"predicate":{"damaged":0,"damage":0},"model":"item/carrot_on_a_stick"},{"predicate":{"damaged":0,"damage":0.08},"model":"custom/c2w2"},{"predicate":{"damaged":0,"damage":0.12},"model":"custom/c3w2"},{"predicate":{"damaged":0,"damage":0.16},"model":"custom/c7w2"},{"predicate":{"damaged":0,"damage":0.2},"model":"custom/c1w3_gui"},{"predicate":{"damaged":0,"damage":0.24},"model":"custom/c2w3_gui"},{"predicate":{"damaged":0,"damage":0.28},"model":"custom/c3w3_gui"},{"predicate":{"damaged":0,"damage":0.32},"model":"custom/c4w3_gui"},{"predicate":{"damaged":0,"damage":0.36},"model":"custom/c5w3_gui"},{"predicate":{"damaged":0,"damage":0.4},"model":"custom/c6w3_gui"},{"predicate":{"damaged":0,"damage":0.44},"model":"custom/c7w3_gui"},{"predicate":{"damaged":0,"damage":0.48},"model":"custom/i1"},{"predicate":{"damaged":0,"damage":0.52},"model":"custom/i2"},{"predicate":{"damaged":0,"damage":0.56},"model":"custom/i3"},{"predicate":{"damaged":0,"damage":0.6},"model":"custom/i4"},{"predicate":{"damaged":0,"damage":0.64},"model":"custom/i5"},{"predicate":{"damaged":0,"damage":0.68},"model":"custom/i6"},{"predicate":{"damaged":0,"damage":0.72},"model":"custom/i7"},{"predicate":{"damaged":0,"damage":0.76},"model":"custom/i8"},{"predicate":{"damaged":0,"damage":0.8},"model":"custom/i9"},{"predicate":{"damaged":0,"damage":0.84},"model":"custom/i10"}]}