{"parent":"item/handheld","textures":{"layer0":"items/diamond_hoe"},"overrides":[{"predicate":{"damaged":0,"damage":0},"model":"item/diamond_hoe"},{"predicate":{"damaged":0,"damage":0.0006406149903907751},"model":"custom/c1w1"},{"predicate":{"damaged":0,"damage":0.0012812299807815502},"model":"custom/c3w1"},{"predicate":{"damaged":0,"damage":0.0019218449711723253},"model":"custom/c5w1"},{"predicate":{"damaged":0,"damage":0.0025624599615631004},"model":"custom/c6w1"},{"predicate":{"damaged":0,"damage":0.0032030749519538753},"model":"custom/c6w2"},{"predicate":{"damaged":0,"damage":0.0038436899423446506},"model":"custom/c7w1"},{"predicate":{"damaged":0,"damage":0.004484303},"model":"custom/c5ulti"},{"predicate":{"damaged":0,"damage":0.005124917},"model":"custom/c6ulti"}]}