{"textures":{"texture":"minemakers/pumpkin"},"elements":[{"from":[0,0,0],"to":[16,16,16],"faces":{"down":{"uv":[0,0,8,8],"texture":"#texture"},"up":{"uv":[0,0,8,8],"texture":"#texture"},"north":{"uv":[8,0,16,8],"texture":"#texture"},"south":{"uv":[8,8,16,16],"texture":"#texture"},"west":{"uv":[8,0,16,8],"texture":"#texture"},"east":{"uv":[8,0,16,8],"texture":"#texture"}}},{"from":[7,16,7],"to":[8,18.5,8],"faces":{"down":{"uv":[3.5,3.5,4.5,4.5],"texture":"#texture"},"up":{"uv":[3.5,3.5,4.5,4.5],"texture":"#texture"},"north":{"uv":[3.5,3.5,4.5,4.5],"texture":"#texture"},"south":{"uv":[3.5,3.5,4.5,4.5],"texture":"#texture"},"west":{"uv":[3.5,3.5,4.5,4.5],"texture":"#texture"},"east":{"uv":[3.5,3.5,4.5,4.5],"texture":"#texture"}}}],"display":{"thirdperson_righthand":{"rotation":[45,153,-9],"translation":[0,0,0],"scale":[0.6,0.6,0.6]},"gui":{"rotation":[26,51,0],"translation":[0,0,0],"scale":[0.57,0.57,0.57]}}}