{"textures":{"texture":"blocks/hardened_clay_stained_red","gold_block":"blocks/gold_block","snow":"blocks/snow"},"elements":[{"from":[3.5,7.5,7.5],"to":[12.5,8.5,8.5],"faces":{"down":{"uv":[12.5,8.5,3.5,7.5],"texture":"#texture"},"up":{"uv":[3.5,7.5,12.5,8.5],"texture":"#texture"},"north":{"uv":[3.5,7.5,12.5,8.5],"texture":"#texture"},"south":{"uv":[3.5,7.5,12.5,8.5],"texture":"#texture"},"west":{"uv":[7.5,7.5,8.5,8.5],"texture":"#texture"},"east":{"uv":[7.5,7.5,8.5,8.5],"texture":"#texture"}}},{"from":[7.5,7.5,3.5],"to":[8.5,8.5,12.5],"faces":{"down":{"uv":[8.5,12.5,7.5,3.5],"texture":"#texture"},"up":{"uv":[7.5,3.5,8.5,12.5],"texture":"#texture"},"north":{"uv":[7.5,7.5,8.5,8.5],"texture":"#texture"},"south":{"uv":[7.5,7.5,8.5,8.5],"texture":"#texture"},"west":{"uv":[3.5,7.5,12.5,8.5],"texture":"#texture"},"east":{"uv":[3.5,7.5,12.5,8.5],"texture":"#texture"}}},{"from":[7.5,3.5,7.5],"to":[8.5,12.5,8.5],"faces":{"down":{"uv":[8.5,8.5,7.5,7.5],"texture":"#texture"},"up":{"uv":[7.5,7.5,8.5,8.5],"texture":"#texture"},"north":{"uv":[7.5,3.5,8.5,12.5],"texture":"#texture"},"south":{"uv":[7.5,3.5,8.5,12.5],"texture":"#texture"},"west":{"uv":[7.5,3.5,8.5,12.5],"texture":"#texture"},"east":{"uv":[7.5,3.5,8.5,12.5],"texture":"#texture"}}},{"from":[6.5,6.5,2.5],"to":[9.5,9.5,3.5],"faces":{"down":{"uv":[9.5,3.5,6.5,2.5],"texture":"#texture"},"up":{"uv":[6.5,2.5,9.5,3.5],"texture":"#texture"},"north":{"uv":[6.5,6.5,9.5,9.5],"texture":"#texture"},"south":{"uv":[6.5,6.5,9.5,9.5],"texture":"#texture"},"west":{"uv":[2.5,6.5,3.5,9.5],"texture":"#texture"},"east":{"uv":[12.5,6.5,13.5,9.5],"texture":"#texture"}}},{"from":[6.5,12.5,6.5],"to":[9.5,13.5,9.5],"faces":{"down":{"uv":[9.5,9.5,6.5,6.5],"texture":"#texture"},"up":{"uv":[6.5,6.5,9.5,9.5],"texture":"#texture"},"north":{"uv":[6.5,2.5,9.5,3.5],"texture":"#texture"},"south":{"uv":[6.5,2.5,9.5,3.5],"texture":"#texture"},"west":{"uv":[6.5,2.5,9.5,3.5],"texture":"#texture"},"east":{"uv":[6.5,2.5,9.5,3.5],"texture":"#texture"}}},{"from":[6.5,6.5,12.5],"to":[9.5,9.5,13.5],"faces":{"down":{"uv":[9.5,13.5,6.5,12.5],"texture":"#texture"},"up":{"uv":[6.5,12.5,9.5,13.5],"texture":"#texture"},"north":{"uv":[6.5,6.5,9.5,9.5],"texture":"#texture"},"south":{"uv":[6.5,6.5,9.5,9.5],"texture":"#texture"},"west":{"uv":[12.5,6.5,13.5,9.5],"texture":"#texture"},"east":{"uv":[2.5,6.5,3.5,9.5],"texture":"#texture"}}},{"from":[2.5,6.5,6.5],"to":[3.5,9.5,9.5],"faces":{"down":{"uv":[13.5,9.5,12.5,6.5],"texture":"#texture"},"up":{"uv":[2.5,6.5,3.5,9.5],"texture":"#texture"},"north":{"uv":[12.5,6.5,13.5,9.5],"texture":"#texture"},"south":{"uv":[2.5,6.5,3.5,9.5],"texture":"#texture"},"west":{"uv":[6.5,6.5,9.5,9.5],"texture":"#texture"},"east":{"uv":[6.5,6.5,9.5,9.5],"texture":"#texture"}}},{"from":[12.5,6.5,6.5],"to":[13.5,9.5,9.5],"faces":{"down":{"uv":[3.5,9.5,2.5,6.5],"texture":"#texture"},"up":{"uv":[12.5,6.5,13.5,9.5],"texture":"#texture"},"north":{"uv":[2.5,6.5,3.5,9.5],"texture":"#texture"},"south":{"uv":[12.5,6.5,13.5,9.5],"texture":"#texture"},"west":{"uv":[6.5,6.5,9.5,9.5],"texture":"#texture"},"east":{"uv":[6.5,6.5,9.5,9.5],"texture":"#texture"}}},{"from":[6.5,2.5,6.5],"to":[9.5,3.5,9.5],"faces":{"down":{"uv":[9.5,9.5,6.5,6.5],"texture":"#texture"},"up":{"uv":[6.5,6.5,9.5,9.5],"texture":"#texture"},"north":{"uv":[6.5,12.5,9.5,13.5],"texture":"#texture"},"south":{"uv":[6.5,12.5,9.5,13.5],"texture":"#texture"},"west":{"uv":[6.5,12.5,9.5,13.5],"texture":"#texture"},"east":{"uv":[6.5,12.5,9.5,13.5],"texture":"#texture"}}},{"from":[5.5,11.5,5.5],"to":[9.5,12.5,6.5],"faces":{"down":{"uv":[10.5,6.5,6.5,5.5],"texture":"#texture"},"up":{"uv":[5.5,5.5,9.5,6.5],"texture":"#texture"},"north":{"uv":[6.5,3.5,10.5,4.5],"texture":"#texture"},"south":{"uv":[5.5,3.5,9.5,4.5],"texture":"#texture"},"west":{"uv":[5.5,3.5,6.5,4.5],"texture":"#texture"},"east":{"uv":[9.5,3.5,10.5,4.5],"texture":"#texture"}}},{"from":[5.5,11.5,9.5],"to":[10.5,12.5,10.5],"faces":{"down":{"uv":[10.5,10.5,5.5,9.5],"texture":"#texture"},"up":{"uv":[5.5,9.5,10.5,10.5],"texture":"#texture"},"north":{"uv":[5.5,3.5,10.5,4.5],"texture":"#texture"},"south":{"uv":[5.5,3.5,10.5,4.5],"texture":"#texture"},"west":{"uv":[9.5,3.5,10.5,4.5],"texture":"#texture"},"east":{"uv":[5.5,3.5,6.5,4.5],"texture":"#texture"}}},{"from":[6.5,3.5,10.5],"to":[9.5,4.5,11.5],"faces":{"down":{"uv":[9.5,11.5,6.5,10.5],"texture":"#texture"},"up":{"uv":[6.5,10.5,9.5,11.5],"texture":"#texture"},"north":{"uv":[6.5,11.5,9.5,12.5],"texture":"#texture"},"south":{"uv":[6.5,11.5,9.5,12.5],"texture":"#texture"},"west":{"uv":[10.5,11.5,11.5,12.5],"texture":"#texture"},"east":{"uv":[4.5,11.5,5.5,12.5],"texture":"#texture"}}},{"from":[4.5,3.5,6.5],"to":[11.5,4.5,9.5],"faces":{"down":{"uv":[11.5,9.5,4.5,6.5],"texture":"#texture"},"up":{"uv":[4.5,6.5,11.5,9.5],"texture":"#texture"},"north":{"uv":[4.5,11.5,11.5,12.5],"texture":"#texture"},"south":{"uv":[4.5,11.5,11.5,12.5],"texture":"#texture"},"west":{"uv":[6.5,11.5,9.5,12.5],"texture":"#texture"},"east":{"uv":[6.5,11.5,9.5,12.5],"texture":"#texture"}}},{"from":[4.5,11.5,6.5],"to":[11.5,12.5,9.5],"faces":{"down":{"uv":[11.5,9.5,4.5,6.5],"texture":"#texture"},"up":{"uv":[4.5,6.5,11.5,9.5],"texture":"#texture"},"north":{"uv":[4.5,3.5,11.5,4.5],"texture":"#texture"},"south":{"uv":[4.5,3.5,11.5,4.5],"texture":"#texture"},"west":{"uv":[6.5,3.5,9.5,4.5],"texture":"#texture"},"east":{"uv":[6.5,3.5,9.5,4.5],"texture":"#texture"}}},{"from":[6.5,11.5,4.5],"to":[9.5,12.5,5.5],"faces":{"down":{"uv":[9.5,5.5,6.5,4.5],"texture":"#texture"},"up":{"uv":[6.5,4.5,9.5,5.5],"texture":"#texture"},"north":{"uv":[6.5,3.5,9.5,4.5],"texture":"#texture"},"south":{"uv":[6.5,3.5,9.5,4.5],"texture":"#texture"},"west":{"uv":[4.5,3.5,5.5,4.5],"texture":"#texture"},"east":{"uv":[10.5,3.5,11.5,4.5],"texture":"#texture"}}},{"from":[5.5,3.5,9.5],"to":[10.5,4.5,10.5],"faces":{"down":{"uv":[10.5,10.5,5.5,9.5],"texture":"#texture"},"up":{"uv":[5.5,9.5,10.5,10.5],"texture":"#texture"},"north":{"uv":[5.5,11.5,10.5,12.5],"texture":"#texture"},"south":{"uv":[5.5,11.5,10.5,12.5],"texture":"#texture"},"west":{"uv":[9.5,11.5,10.5,12.5],"texture":"#texture"},"east":{"uv":[5.5,11.5,6.5,12.5],"texture":"#texture"}}},{"from":[6.5,11.5,10.5],"to":[9.5,12.5,11.5],"faces":{"down":{"uv":[9.5,11.5,6.5,10.5],"texture":"#texture"},"up":{"uv":[6.5,10.5,9.5,11.5],"texture":"#texture"},"north":{"uv":[6.5,3.5,9.5,4.5],"texture":"#texture"},"south":{"uv":[6.5,3.5,9.5,4.5],"texture":"#texture"},"west":{"uv":[10.5,3.5,11.5,4.5],"texture":"#texture"},"east":{"uv":[4.5,3.5,5.5,4.5],"texture":"#texture"}}},{"from":[5.5,3.5,5.5],"to":[10.5,4.5,6.5],"faces":{"down":{"uv":[10.5,6.5,5.5,5.5],"texture":"#texture"},"up":{"uv":[5.5,5.5,10.5,6.5],"texture":"#texture"},"north":{"uv":[5.5,11.5,10.5,12.5],"texture":"#texture"},"south":{"uv":[5.5,11.5,10.5,12.5],"texture":"#texture"},"west":{"uv":[5.5,11.5,6.5,12.5],"texture":"#texture"},"east":{"uv":[9.5,11.5,10.5,12.5],"texture":"#texture"}}},{"from":[6.5,3.5,4.5],"to":[9.5,4.5,5.5],"faces":{"down":{"uv":[9.5,5.5,6.5,4.5],"texture":"#texture"},"up":{"uv":[6.5,4.5,9.5,5.5],"texture":"#texture"},"north":{"uv":[6.5,11.5,9.5,12.5],"texture":"#texture"},"south":{"uv":[6.5,11.5,9.5,12.5],"texture":"#texture"},"west":{"uv":[4.5,11.5,5.5,12.5],"texture":"#texture"},"east":{"uv":[10.5,11.5,11.5,12.5],"texture":"#texture"}}},{"from":[3.5,5.5,6.5],"to":[4.5,11.5,9.5],"faces":{"down":{"uv":[12.5,9.5,11.5,6.5],"texture":"#texture"},"up":{"uv":[3.5,6.5,4.5,9.5],"texture":"#texture"},"north":{"uv":[11.5,4.5,12.5,10.5],"texture":"#texture"},"south":{"uv":[3.5,4.5,4.5,10.5],"texture":"#texture"},"west":{"uv":[6.5,4.5,9.5,10.5],"texture":"#texture"},"east":{"uv":[6.5,4.5,9.5,10.5],"texture":"#texture"}}},{"from":[3.5,5.5,5.5],"to":[4.5,10.5,6.5],"faces":{"down":{"uv":[12.5,6.5,11.5,5.5],"texture":"#texture"},"up":{"uv":[3.5,5.5,4.5,6.5],"texture":"#texture"},"north":{"uv":[11.5,5.5,12.5,10.5],"texture":"#texture"},"south":{"uv":[3.5,5.5,4.5,10.5],"texture":"#texture"},"west":{"uv":[5.5,5.5,6.5,10.5],"texture":"#texture"},"east":{"uv":[9.5,5.5,10.5,10.5],"texture":"#texture"}}},{"from":[3.5,5.5,9.5],"to":[4.5,10.5,10.5],"faces":{"down":{"uv":[12.5,10.5,11.5,9.5],"texture":"#texture"},"up":{"uv":[3.5,9.5,4.5,10.5],"texture":"#texture"},"north":{"uv":[11.5,5.5,12.5,10.5],"texture":"#texture"},"south":{"uv":[3.5,5.5,4.5,10.5],"texture":"#texture"},"west":{"uv":[9.5,5.5,10.5,10.5],"texture":"#texture"},"east":{"uv":[5.5,5.5,6.5,10.5],"texture":"#texture"}}},{"from":[3.5,6.5,4.5],"to":[4.5,9.5,5.5],"faces":{"down":{"uv":[12.5,5.5,11.5,4.5],"texture":"#texture"},"up":{"uv":[3.5,4.5,4.5,5.5],"texture":"#texture"},"north":{"uv":[11.5,6.5,12.5,9.5],"texture":"#texture"},"south":{"uv":[3.5,6.5,4.5,9.5],"texture":"#texture"},"west":{"uv":[4.5,6.5,5.5,9.5],"texture":"#texture"},"east":{"uv":[10.5,6.5,11.5,9.5],"texture":"#texture"}}},{"from":[3.5,6.5,10.5],"to":[4.5,9.5,11.5],"faces":{"down":{"uv":[12.5,11.5,11.5,10.5],"texture":"#texture"},"up":{"uv":[3.5,10.5,4.5,11.5],"texture":"#texture"},"north":{"uv":[11.5,6.5,12.5,9.5],"texture":"#texture"},"south":{"uv":[3.5,6.5,4.5,9.5],"texture":"#texture"},"west":{"uv":[10.5,6.5,11.5,9.5],"texture":"#texture"},"east":{"uv":[4.5,6.5,5.5,9.5],"texture":"#texture"}}},{"from":[11.5,4.5,6.5],"to":[12.5,11.5,9.5],"faces":{"down":{"uv":[4.5,9.5,3.5,6.5],"texture":"#texture"},"up":{"uv":[11.5,6.5,12.5,9.5],"texture":"#texture"},"north":{"uv":[3.5,4.5,4.5,11.5],"texture":"#texture"},"south":{"uv":[11.5,4.5,12.5,11.5],"texture":"#texture"},"west":{"uv":[6.5,4.5,9.5,11.5],"texture":"#texture"},"east":{"uv":[6.5,4.5,9.5,11.5],"texture":"#texture"}}},{"from":[11.5,5.5,5.5],"to":[12.5,10.5,6.5],"faces":{"down":{"uv":[4.5,6.5,3.5,5.5],"texture":"#texture"},"up":{"uv":[11.5,5.5,12.5,6.5],"texture":"#texture"},"north":{"uv":[3.5,5.5,4.5,10.5],"texture":"#texture"},"south":{"uv":[11.5,5.5,12.5,10.5],"texture":"#texture"},"west":{"uv":[5.5,5.5,6.5,10.5],"texture":"#texture"},"east":{"uv":[9.5,5.5,10.5,10.5],"texture":"#texture"}}},{"from":[11.5,6.5,4.5],"to":[12.5,9.5,5.5],"faces":{"down":{"uv":[4.5,5.5,3.5,4.5],"texture":"#texture"},"up":{"uv":[11.5,4.5,12.5,5.5],"texture":"#texture"},"north":{"uv":[3.5,6.5,4.5,9.5],"texture":"#texture"},"south":{"uv":[11.5,6.5,12.5,9.5],"texture":"#texture"},"west":{"uv":[4.5,6.5,5.5,9.5],"texture":"#texture"},"east":{"uv":[10.5,6.5,11.5,9.5],"texture":"#texture"}}},{"from":[11.5,5.5,9.5],"to":[12.5,10.5,10.5],"faces":{"down":{"uv":[4.5,10.5,3.5,9.5],"texture":"#texture"},"up":{"uv":[11.5,9.5,12.5,10.5],"texture":"#texture"},"north":{"uv":[3.5,5.5,4.5,10.5],"texture":"#texture"},"south":{"uv":[11.5,5.5,12.5,10.5],"texture":"#texture"},"west":{"uv":[9.5,5.5,10.5,10.5],"texture":"#texture"},"east":{"uv":[5.5,5.5,6.5,10.5],"texture":"#texture"}}},{"from":[11.5,6.5,10.5],"to":[12.5,9.5,11.5],"faces":{"down":{"uv":[4.5,11.5,3.5,10.5],"texture":"#texture"},"up":{"uv":[11.5,10.5,12.5,11.5],"texture":"#texture"},"north":{"uv":[3.5,6.5,4.5,9.5],"texture":"#texture"},"south":{"uv":[11.5,6.5,12.5,9.5],"texture":"#texture"},"west":{"uv":[10.5,6.5,11.5,9.5],"texture":"#texture"},"east":{"uv":[4.5,6.5,5.5,9.5],"texture":"#texture"}}},{"from":[6.5,4.5,3.5],"to":[9.5,11.5,4.5],"faces":{"down":{"uv":[9.5,4.5,6.5,3.5],"texture":"#texture"},"up":{"uv":[6.5,3.5,9.5,4.5],"texture":"#texture"},"north":{"uv":[6.5,4.5,9.5,11.5],"texture":"#texture"},"south":{"uv":[6.5,4.5,9.5,11.5],"texture":"#texture"},"west":{"uv":[3.5,4.5,4.5,11.5],"texture":"#texture"},"east":{"uv":[11.5,4.5,12.5,11.5],"texture":"#texture"}}},{"from":[5.5,5.5,3.5],"to":[6.5,10.5,4.5],"faces":{"down":{"uv":[10.5,4.5,9.5,3.5],"texture":"#texture"},"up":{"uv":[5.5,3.5,6.5,4.5],"texture":"#texture"},"north":{"uv":[9.5,5.5,10.5,10.5],"texture":"#texture"},"south":{"uv":[5.5,5.5,6.5,10.5],"texture":"#texture"},"west":{"uv":[3.5,5.5,4.5,10.5],"texture":"#texture"},"east":{"uv":[11.5,5.5,12.5,10.5],"texture":"#texture"}}},{"from":[9.5,5.5,3.5],"to":[10.5,10.5,4.5],"faces":{"down":{"uv":[6.5,4.5,5.5,3.5],"texture":"#texture"},"up":{"uv":[9.5,3.5,10.5,4.5],"texture":"#texture"},"north":{"uv":[5.5,5.5,6.5,10.5],"texture":"#texture"},"south":{"uv":[9.5,5.5,10.5,10.5],"texture":"#texture"},"west":{"uv":[3.5,5.5,4.5,10.5],"texture":"#texture"},"east":{"uv":[11.5,5.5,12.5,10.5],"texture":"#texture"}}},{"from":[4.5,6.5,3.5],"to":[5.5,9.5,4.5],"faces":{"down":{"uv":[11.5,4.5,10.5,3.5],"texture":"#texture"},"up":{"uv":[4.5,3.5,5.5,4.5],"texture":"#texture"},"north":{"uv":[10.5,6.5,11.5,9.5],"texture":"#texture"},"south":{"uv":[4.5,6.5,5.5,9.5],"texture":"#texture"},"west":{"uv":[3.5,6.5,4.5,9.5],"texture":"#texture"},"east":{"uv":[11.5,6.5,12.5,9.5],"texture":"#texture"}}},{"from":[10.5,6.5,3.5],"to":[11.5,9.5,4.5],"faces":{"down":{"uv":[5.5,4.5,4.5,3.5],"texture":"#texture"},"up":{"uv":[10.5,3.5,11.5,4.5],"texture":"#texture"},"north":{"uv":[4.5,6.5,5.5,9.5],"texture":"#texture"},"south":{"uv":[10.5,6.5,11.5,9.5],"texture":"#texture"},"west":{"uv":[3.5,6.5,4.5,9.5],"texture":"#texture"},"east":{"uv":[11.5,6.5,12.5,9.5],"texture":"#texture"}}},{"from":[6.5,4.5,11.5],"to":[9.5,11.5,12.5],"faces":{"down":{"uv":[9.5,12.5,6.5,11.5],"texture":"#texture"},"up":{"uv":[6.5,11.5,9.5,12.5],"texture":"#texture"},"north":{"uv":[6.5,4.5,9.5,11.5],"texture":"#texture"},"south":{"uv":[6.5,4.5,9.5,11.5],"texture":"#texture"},"west":{"uv":[11.5,4.5,12.5,11.5],"texture":"#texture"},"east":{"uv":[3.5,4.5,4.5,11.5],"texture":"#texture"}}},{"from":[5.5,5.5,11.5],"to":[6.5,10.5,12.5],"faces":{"down":{"uv":[10.5,12.5,9.5,11.5],"texture":"#texture"},"up":{"uv":[5.5,11.5,6.5,12.5],"texture":"#texture"},"north":{"uv":[9.5,5.5,10.5,10.5],"texture":"#texture"},"south":{"uv":[5.5,5.5,6.5,10.5],"texture":"#texture"},"west":{"uv":[11.5,5.5,12.5,10.5],"texture":"#texture"},"east":{"uv":[3.5,5.5,4.5,10.5],"texture":"#texture"}}},{"from":[9.5,6.5,11.5],"to":[10.5,10.5,12.5],"faces":{"down":{"uv":[6.5,12.5,5.5,11.5],"texture":"#texture"},"up":{"uv":[9.5,11.5,10.5,12.5],"texture":"#texture"},"north":{"uv":[5.5,5.5,6.5,9.5],"texture":"#texture"},"south":{"uv":[9.5,5.5,10.5,9.5],"texture":"#texture"},"west":{"uv":[11.5,5.5,12.5,9.5],"texture":"#texture"},"east":{"uv":[3.5,5.5,4.5,9.5],"texture":"#texture"}}},{"from":[4.5,6.5,11.5],"to":[5.5,9.5,12.5],"faces":{"down":{"uv":[11.5,12.5,10.5,11.5],"texture":"#texture"},"up":{"uv":[4.5,11.5,5.5,12.5],"texture":"#texture"},"north":{"uv":[10.5,6.5,11.5,9.5],"texture":"#texture"},"south":{"uv":[4.5,6.5,5.5,9.5],"texture":"#texture"},"west":{"uv":[11.5,6.5,12.5,9.5],"texture":"#texture"},"east":{"uv":[3.5,6.5,4.5,9.5],"texture":"#texture"}}},{"from":[10.5,6.5,11.5],"to":[11.5,9.5,12.5],"faces":{"down":{"uv":[5.5,12.5,4.5,11.5],"texture":"#texture"},"up":{"uv":[10.5,11.5,11.5,12.5],"texture":"#texture"},"north":{"uv":[4.5,6.5,5.5,9.5],"texture":"#texture"},"south":{"uv":[10.5,6.5,11.5,9.5],"texture":"#texture"},"west":{"uv":[11.5,6.5,12.5,9.5],"texture":"#texture"},"east":{"uv":[3.5,6.5,4.5,9.5],"texture":"#texture"}}},{"from":[4.5,5.5,4.5],"to":[5.5,10.5,5.5],"faces":{"down":{"uv":[11.5,5.5,10.5,4.5],"texture":"#texture"},"up":{"uv":[4.5,4.5,5.5,5.5],"texture":"#texture"},"north":{"uv":[10.5,5.5,11.5,10.5],"texture":"#texture"},"south":{"uv":[4.5,5.5,5.5,10.5],"texture":"#texture"},"west":{"uv":[4.5,5.5,5.5,10.5],"texture":"#texture"},"east":{"uv":[10.5,5.5,11.5,10.5],"texture":"#texture"}}},{"from":[5.5,10.5,4.5],"to":[6.5,11.5,5.5],"faces":{"down":{"uv":[10.5,5.5,9.5,4.5],"texture":"#snow"},"up":{"uv":[5.5,4.5,6.5,5.5],"texture":"#snow"},"north":{"uv":[9.5,4.5,10.5,5.5],"texture":"#snow"},"south":{"uv":[5.5,4.5,6.5,5.5],"texture":"#snow"},"west":{"uv":[4.5,4.5,5.5,5.5],"texture":"#snow"},"east":{"uv":[10.5,4.5,11.5,5.5],"texture":"#snow"}}},{"from":[4.5,10.5,5.5],"to":[5.5,11.5,6.5],"faces":{"down":{"uv":[11.5,6.5,10.5,5.5],"texture":"#texture"},"up":{"uv":[4.5,5.5,5.5,6.5],"texture":"#texture"},"north":{"uv":[10.5,4.5,11.5,5.5],"texture":"#texture"},"south":{"uv":[4.5,4.5,5.5,5.5],"texture":"#texture"},"west":{"uv":[5.5,4.5,6.5,5.5],"texture":"#texture"},"east":{"uv":[9.5,4.5,10.5,5.5],"texture":"#texture"}}},{"from":[10.5,5.5,4.5],"to":[11.5,10.5,5.5],"faces":{"down":{"uv":[5.5,5.5,4.5,4.5],"texture":"#texture"},"up":{"uv":[10.5,4.5,11.5,5.5],"texture":"#texture"},"north":{"uv":[4.5,5.5,5.5,10.5],"texture":"#texture"},"south":{"uv":[10.5,5.5,11.5,10.5],"texture":"#texture"},"west":{"uv":[4.5,5.5,5.5,10.5],"texture":"#texture"},"east":{"uv":[10.5,5.5,11.5,10.5],"texture":"#texture"}}},{"from":[10.5,5.5,10.5],"to":[11.5,9.5,11.5],"faces":{"down":{"uv":[5.5,11.5,4.5,10.5],"texture":"#texture"},"up":{"uv":[10.5,10.5,11.5,11.5],"texture":"#texture"},"north":{"uv":[4.5,6.5,5.5,10.5],"texture":"#texture"},"south":{"uv":[10.5,6.5,11.5,10.5],"texture":"#texture"},"west":{"uv":[10.5,6.5,11.5,10.5],"texture":"#texture"},"east":{"uv":[4.5,6.5,5.5,10.5],"texture":"#texture"}}},{"from":[4.5,5.5,10.5],"to":[5.5,10.5,11.5],"faces":{"down":{"uv":[11.5,11.5,10.5,10.5],"texture":"#texture"},"up":{"uv":[4.5,10.5,5.5,11.5],"texture":"#texture"},"north":{"uv":[10.5,5.5,11.5,10.5],"texture":"#texture"},"south":{"uv":[4.5,5.5,5.5,10.5],"texture":"#texture"},"west":{"uv":[10.5,5.5,11.5,10.5],"texture":"#texture"},"east":{"uv":[4.5,5.5,5.5,10.5],"texture":"#texture"}}},{"from":[4.5,10.5,9.5],"to":[5.5,11.5,10.5],"faces":{"down":{"uv":[11.5,10.5,10.5,9.5],"texture":"#snow"},"up":{"uv":[4.5,9.5,5.5,10.5],"texture":"#snow"},"north":{"uv":[10.5,4.5,11.5,5.5],"texture":"#snow"},"south":{"uv":[4.5,4.5,5.5,5.5],"texture":"#snow"},"west":{"uv":[9.5,4.5,10.5,5.5],"texture":"#snow"},"east":{"uv":[5.5,4.5,6.5,5.5],"texture":"#snow"}}},{"from":[5.5,10.5,10.5],"to":[6.5,11.5,11.5],"faces":{"down":{"uv":[10.5,11.5,9.5,10.5],"texture":"#texture"},"up":{"uv":[5.5,10.5,6.5,11.5],"texture":"#texture"},"north":{"uv":[9.5,4.5,10.5,5.5],"texture":"#texture"},"south":{"uv":[5.5,4.5,6.5,5.5],"texture":"#texture"},"west":{"uv":[10.5,4.5,11.5,5.5],"texture":"#texture"},"east":{"uv":[4.5,4.5,5.5,5.5],"texture":"#texture"}}},{"from":[5.5,4.5,10.5],"to":[6.5,5.5,11.5],"faces":{"down":{"uv":[10.5,11.5,9.5,10.5],"texture":"#texture"},"up":{"uv":[5.5,10.5,6.5,11.5],"texture":"#texture"},"north":{"uv":[9.5,10.5,10.5,11.5],"texture":"#texture"},"south":{"uv":[5.5,10.5,6.5,11.5],"texture":"#texture"},"west":{"uv":[10.5,10.5,11.5,11.5],"texture":"#texture"},"east":{"uv":[4.5,10.5,5.5,11.5],"texture":"#texture"}}},{"from":[4.5,4.5,9.5],"to":[5.5,5.5,10.5],"faces":{"down":{"uv":[11.5,10.5,10.5,9.5],"texture":"#texture"},"up":{"uv":[4.5,9.5,5.5,10.5],"texture":"#texture"},"north":{"uv":[10.5,10.5,11.5,11.5],"texture":"#texture"},"south":{"uv":[4.5,10.5,5.5,11.5],"texture":"#texture"},"west":{"uv":[9.5,10.5,10.5,11.5],"texture":"#texture"},"east":{"uv":[5.5,10.5,6.5,11.5],"texture":"#texture"}}},{"from":[4.5,4.5,5.5],"to":[5.5,5.5,6.5],"faces":{"down":{"uv":[11.5,6.5,10.5,5.5],"texture":"#texture"},"up":{"uv":[4.5,5.5,5.5,6.5],"texture":"#texture"},"north":{"uv":[10.5,10.5,11.5,11.5],"texture":"#texture"},"south":{"uv":[4.5,10.5,5.5,11.5],"texture":"#texture"},"west":{"uv":[5.5,10.5,6.5,11.5],"texture":"#texture"},"east":{"uv":[9.5,10.5,10.5,11.5],"texture":"#texture"}}},{"from":[5.5,4.5,4.5],"to":[6.5,5.5,5.5],"faces":{"down":{"uv":[10.5,5.5,9.5,4.5],"texture":"#texture"},"up":{"uv":[5.5,4.5,6.5,5.5],"texture":"#texture"},"north":{"uv":[9.5,10.5,10.5,11.5],"texture":"#texture"},"south":{"uv":[5.5,10.5,6.5,11.5],"texture":"#texture"},"west":{"uv":[4.5,10.5,5.5,11.5],"texture":"#texture"},"east":{"uv":[10.5,10.5,11.5,11.5],"texture":"#texture"}}},{"from":[9.5,10.5,4.5],"to":[10.5,11.5,5.5],"faces":{"down":{"uv":[6.5,5.5,5.5,4.5],"texture":"#texture"},"up":{"uv":[9.5,4.5,10.5,5.5],"texture":"#texture"},"north":{"uv":[5.5,4.5,6.5,5.5],"texture":"#texture"},"south":{"uv":[9.5,4.5,10.5,5.5],"texture":"#texture"},"west":{"uv":[4.5,4.5,5.5,5.5],"texture":"#texture"},"east":{"uv":[10.5,4.5,11.5,5.5],"texture":"#texture"}}},{"from":[9.5,4.5,4.5],"to":[10.5,5.5,5.5],"faces":{"down":{"uv":[6.5,5.5,5.5,4.5],"texture":"#texture"},"up":{"uv":[9.5,4.5,10.5,5.5],"texture":"#texture"},"north":{"uv":[5.5,10.5,6.5,11.5],"texture":"#texture"},"south":{"uv":[9.5,10.5,10.5,11.5],"texture":"#texture"},"west":{"uv":[4.5,10.5,5.5,11.5],"texture":"#texture"},"east":{"uv":[10.5,10.5,11.5,11.5],"texture":"#texture"}}},{"from":[10.5,10.5,5.5],"to":[11.5,11.5,6.5],"faces":{"down":{"uv":[5.5,6.5,4.5,5.5],"texture":"#texture"},"up":{"uv":[10.5,5.5,11.5,6.5],"texture":"#texture"},"north":{"uv":[4.5,4.5,5.5,5.5],"texture":"#texture"},"south":{"uv":[10.5,4.5,11.5,5.5],"texture":"#texture"},"west":{"uv":[5.5,4.5,6.5,5.5],"texture":"#texture"},"east":{"uv":[9.5,4.5,10.5,5.5],"texture":"#texture"}}},{"from":[10.5,4.5,5.5],"to":[11.5,5.5,6.5],"faces":{"down":{"uv":[5.5,6.5,4.5,5.5],"texture":"#snow"},"up":{"uv":[10.5,5.5,11.5,6.5],"texture":"#snow"},"north":{"uv":[4.5,10.5,5.5,11.5],"texture":"#snow"},"south":{"uv":[10.5,10.5,11.5,11.5],"texture":"#snow"},"west":{"uv":[5.5,10.5,6.5,11.5],"texture":"#snow"},"east":{"uv":[9.5,10.5,10.5,11.5],"texture":"#snow"}}},{"from":[9.5,10.5,10.5],"to":[10.5,11.5,11.5],"faces":{"down":{"uv":[6.5,11.5,5.5,10.5],"texture":"#texture"},"up":{"uv":[9.5,10.5,10.5,11.5],"texture":"#texture"},"north":{"uv":[5.5,4.5,6.5,5.5],"texture":"#texture"},"south":{"uv":[9.5,4.5,10.5,5.5],"texture":"#texture"},"west":{"uv":[10.5,4.5,11.5,5.5],"texture":"#texture"},"east":{"uv":[4.5,4.5,5.5,5.5],"texture":"#texture"}}},{"from":[10.5,10.5,9.5],"to":[11.5,11.5,10.5],"faces":{"down":{"uv":[5.5,10.5,4.5,9.5],"texture":"#texture"},"up":{"uv":[10.5,9.5,11.5,10.5],"texture":"#texture"},"north":{"uv":[4.5,4.5,5.5,5.5],"texture":"#texture"},"south":{"uv":[10.5,4.5,11.5,5.5],"texture":"#texture"},"west":{"uv":[9.5,4.5,10.5,5.5],"texture":"#texture"},"east":{"uv":[5.5,4.5,6.5,5.5],"texture":"#texture"}}},{"from":[9.5,4.5,10.5],"to":[10.5,5.5,11.5],"faces":{"down":{"uv":[6.5,11.5,5.5,10.5],"texture":"#texture"},"up":{"uv":[9.5,10.5,10.5,11.5],"texture":"#texture"},"north":{"uv":[5.5,10.5,6.5,11.5],"texture":"#texture"},"south":{"uv":[9.5,10.5,10.5,11.5],"texture":"#texture"},"west":{"uv":[10.5,10.5,11.5,11.5],"texture":"#texture"},"east":{"uv":[4.5,10.5,5.5,11.5],"texture":"#texture"}}},{"from":[10.5,4.5,9.5],"to":[11.5,5.5,10.5],"faces":{"down":{"uv":[5.5,10.5,4.5,9.5],"texture":"#texture"},"up":{"uv":[10.5,9.5,11.5,10.5],"texture":"#texture"},"north":{"uv":[4.5,10.5,5.5,11.5],"texture":"#texture"},"south":{"uv":[10.5,10.5,11.5,11.5],"texture":"#texture"},"west":{"uv":[9.5,10.5,10.5,11.5],"texture":"#texture"},"east":{"uv":[5.5,10.5,6.5,11.5],"texture":"#texture"}}},{"from":[7,13.5,7],"to":[9,14,9],"faces":{"down":{"uv":[9,9,7,7],"texture":"#gold_block"},"up":{"uv":[7,7,9,9],"texture":"#gold_block"},"north":{"uv":[7,2,9,2.5],"texture":"#gold_block"},"south":{"uv":[7,2,9,2.5],"texture":"#gold_block"},"west":{"uv":[7,2,9,2.5],"texture":"#gold_block"},"east":{"uv":[7,2,9,2.5],"texture":"#gold_block"}}},{"from":[7.75,14,7.1875],"to":[8.25,15,7.6875],"faces":{"down":{"uv":[8.25,7.6875,7.75,7.1875],"texture":"#gold_block"},"up":{"uv":[7.75,7.1875,8.25,7.6875],"texture":"#gold_block"},"north":{"uv":[7.75,1,8.25,2],"texture":"#gold_block"},"south":{"uv":[7.75,1,8.25,2],"texture":"#gold_block"},"west":{"uv":[7.1875,1,7.6875,2],"texture":"#gold_block"},"east":{"uv":[8.3125,1,8.8125,2],"texture":"#gold_block"}}},{"from":[7.75,14,8.3125],"to":[8.25,15,8.8125],"faces":{"down":{"uv":[8.25,8.8125,7.75,8.3125],"texture":"#gold_block"},"up":{"uv":[7.75,8.3125,8.25,8.8125],"texture":"#gold_block"},"north":{"uv":[7.75,1,8.25,2],"texture":"#gold_block"},"south":{"uv":[7.75,1,8.25,2],"texture":"#gold_block"},"west":{"uv":[8.3125,1,8.8125,2],"texture":"#gold_block"},"east":{"uv":[7.1875,1,7.6875,2],"texture":"#gold_block"}}},{"from":[7.75,15,7.1875],"to":[8.25,15.5,8.875],"faces":{"down":{"uv":[8.25,8.875,7.75,7.1875],"texture":"#gold_block"},"up":{"uv":[7.75,7.1875,8.25,8.875],"texture":"#gold_block"},"north":{"uv":[7.75,0.5,8.25,1],"texture":"#gold_block"},"south":{"uv":[7.75,0.5,8.25,1],"texture":"#gold_block"},"west":{"uv":[7.1875,0.5,8.875,1],"texture":"#gold_block"},"east":{"uv":[7.125,0.5,8.8125,1],"texture":"#gold_block"}}},{"from":[9.5,5.5,11.5],"to":[10.5,6.5,12.5],"faces":{"down":{"uv":[6.5,12.5,5.5,11.5],"texture":"#snow"},"up":{"uv":[9.5,11.5,10.5,12.5],"texture":"#snow"},"north":{"uv":[5.5,9.5,6.5,10.5],"texture":"#snow"},"south":{"uv":[9.5,9.5,10.5,10.5],"texture":"#snow"},"west":{"uv":[11.5,9.5,12.5,10.5],"texture":"#snow"},"east":{"uv":[3.5,9.5,4.5,10.5],"texture":"#snow"}}},{"from":[3.5,4.5,6.5],"to":[4.5,5.5,8.5],"faces":{"down":{"uv":[12.5,8.5,11.5,6.5],"texture":"#texture"},"up":{"uv":[3.5,6.5,4.5,8.5],"texture":"#texture"},"north":{"uv":[11.5,10.5,12.5,11.5],"texture":"#texture"},"south":{"uv":[3.5,10.5,4.5,11.5],"texture":"#texture"},"west":{"uv":[6.5,10.5,8.5,11.5],"texture":"#texture"},"east":{"uv":[7.5,10.5,9.5,11.5],"texture":"#texture"}}},{"from":[3.5,4.5,8.5],"to":[4.5,5.5,9.5],"faces":{"down":{"uv":[12.5,9.5,11.5,8.5],"texture":"#snow"},"up":{"uv":[3.5,8.5,4.5,9.5],"texture":"#snow"},"north":{"uv":[11.5,10.5,12.5,11.5],"texture":"#snow"},"south":{"uv":[3.5,10.5,4.5,11.5],"texture":"#snow"},"west":{"uv":[8.5,10.5,9.5,11.5],"texture":"#snow"},"east":{"uv":[6.5,10.5,7.5,11.5],"texture":"#snow"}}},{"from":[10.5,9.5,10.5],"to":[11.5,10.5,11.5],"faces":{"down":{"uv":[5.5,11.5,4.5,10.5],"texture":"#snow"},"up":{"uv":[10.5,10.5,11.5,11.5],"texture":"#snow"},"north":{"uv":[4.5,5.5,5.5,6.5],"texture":"#snow"},"south":{"uv":[10.5,5.5,11.5,6.5],"texture":"#snow"},"west":{"uv":[10.5,5.5,11.5,6.5],"texture":"#snow"},"east":{"uv":[4.5,5.5,5.5,6.5],"texture":"#snow"}}},{"from":[9.5,11.5,5.5],"to":[10.5,12.5,6.5],"faces":{"down":{"uv":[6.5,6.5,5.5,5.5],"texture":"#snow"},"up":{"uv":[9.5,5.5,10.5,6.5],"texture":"#snow"},"north":{"uv":[5.5,3.5,6.5,4.5],"texture":"#snow"},"south":{"uv":[9.5,3.5,10.5,4.5],"texture":"#snow"},"west":{"uv":[5.5,3.5,6.5,4.5],"texture":"#snow"},"east":{"uv":[9.5,3.5,10.5,4.5],"texture":"#snow"}}}],"display":{"thirdperson_righthand":{"rotation":[54,-37,38],"translation":[-0.38,0,0.19],"scale":[0.6,0.6,0.6]},"ground":{"rotation":[0,0,0],"translation":[0,1.5,0],"scale":[1,1,1]},"firstperson_righthand":{"rotation":[-14,-11,26],"translation":[0,0,0],"scale":[1,1,1]},"gui":{"rotation":[0,-47,-34],"translation":[0,0,0],"scale":[1,1,1]}}}