{"parent":"item/handheld","textures":{"layer0":"items/gold_pickaxe"},"overrides":[{"predicate":{"damaged":0,"damage":0},"model":"item/golden_pickaxe"},{"predicate":{"damaged":0,"damage":0.03125},"model":"custom/i11"},{"predicate":{"damaged":0,"damage":0.09375},"model":"custom/i13"},{"predicate":{"damaged":0,"damage":0.125},"model":"custom/i14"},{"predicate":{"damaged":0,"damage":0.15625},"model":"custom/i15"},{"predicate":{"damaged":0,"damage":0.1875},"model":"custom/i16"},{"predicate":{"damaged":0,"damage":0.21875},"model":"custom/i17"},{"predicate":{"damaged":0,"damage":0.25},"model":"custom/c1ulti2"}]}