{"parent":"item/handheld","textures":{"layer0":"items/gold_hoe"},"overrides":[{"predicate":{"damaged":0,"damage":0},"model":"item/golden_hoe"},{"predicate":{"damaged":0,"damage":0.03125},"model":"custom/health1"},{"predicate":{"damaged":0,"damage":0.0625},"model":"custom/health2"},{"predicate":{"damaged":0,"damage":0.09375},"model":"custom/health3"},{"predicate":{"damaged":0,"damage":0.125},"model":"custom/health4"},{"predicate":{"damaged":0,"damage":0.15625},"model":"custom/health5"},{"predicate":{"damaged":0,"damage":0.1875},"model":"custom/health6"},{"predicate":{"damaged":0,"damage":0.21875},"model":"custom/health7"},{"predicate":{"damaged":0,"damage":0.25},"model":"custom/health8"},{"predicate":{"damaged":0,"damage":0.28125},"model":"custom/health9"},{"predicate":{"damaged":0,"damage":0.3125},"model":"custom/health10"},{"predicate":{"damaged":0,"damage":0.34375},"model":"custom/health11"},{"predicate":{"damaged":0,"damage":0.375},"model":"custom/health12"},{"predicate":{"damaged":0,"damage":0.40625},"model":"custom/health13"},{"predicate":{"damaged":0,"damage":0.4375},"model":"custom/health14"},{"predicate":{"damaged":0,"damage":0.46875},"model":"custom/health15"},{"predicate":{"damaged":0,"damage":0.5},"model":"custom/health16"},{"predicate":{"damaged":0,"damage":0.53125},"model":"custom/health17"},{"predicate":{"damaged":0,"damage":0.5625},"model":"custom/health18"},{"predicate":{"damaged":0,"damage":0.59375},"model":"custom/health19"},{"predicate":{"damaged":0,"damage":0.625},"model":"custom/health20"},{"predicate":{"damaged":0,"damage":0.65625},"model":"custom/health21"}]}