{"parent":"item/handheld","textures":{"layer0":"items/iron_hoe"},"overrides":[{"predicate":{"damaged":0,"damage":0},"model":"item/iron_hoe"},{"predicate":{"damaged":0,"damage":0.004},"model":"custom/c1head"},{"predicate":{"damaged":0,"damage":0.008},"model":"custom/c3head"},{"predicate":{"damaged":0,"damage":0.012},"model":"custom/c4head"},{"predicate":{"damaged":0,"damage":0.016},"model":"custom/c5head"},{"predicate":{"damaged":0,"damage":0.02},"model":"custom/c1w3_1"},{"predicate":{"damaged":0,"damage":0.024},"model":"custom/c1w3_2"},{"predicate":{"damaged":0,"damage":0.028},"model":"custom/c1w3_3"},{"predicate":{"damaged":0,"damage":0.032},"model":"custom/c1w3_4"},{"predicate":{"damaged":0,"damage":0.036},"model":"custom/c1w3_5"},{"predicate":{"damaged":0,"damage":0.04},"model":"custom/c1w3_6"},{"predicate":{"damaged":0,"damage":0.044},"model":"custom/c1w3_7"},{"predicate":{"damaged":0,"damage":0.048},"model":"custom/c1w3_8"},{"predicate":{"damaged":0,"damage":0.052},"model":"custom/c1w3_9"},{"predicate":{"damaged":0,"damage":0.056},"model":"custom/c1w3_10"},{"predicate":{"damaged":0,"damage":0.06},"model":"custom/c1w3_11"},{"predicate":{"damaged":0,"damage":0.064},"model":"custom/c1w3"},{"predicate":{"damaged":0,"damage":0.068},"model":"custom/c2w3"},{"predicate":{"damaged":0,"damage":0.072},"model":"custom/c7w3"},{"predicate":{"damaged":0,"damage":0.076},"model":"custom/c1ulti"},{"predicate":{"damaged":0,"damage":0.08},"model":"item/iron_hoe"}]}