{"textures":{"particle":"blocks/hardened_clay_stained_red","texture":"blocks/hardened_clay_stained_red","snow":"blocks/snow","iron_block":"blocks/iron_block","coal_block":"blocks/coal_block","hardened_clay_stained_lime":"blocks/hardened_clay_stained_lime","hardened_clay_stained_blue":"blocks/hardened_clay_stained_blue","hardened_clay_stained_yellow":"blocks/hardened_clay_stained_yellow","hardened_clay_stained_magenta":"blocks/hardened_clay_stained_magenta","hardened_clay_stained_cyan":"blocks/hardened_clay_stained_cyan","hardened_clay_stained_orange":"blocks/hardened_clay_stained_orange","hardened_clay_stained_light_blue":"blocks/hardened_clay_stained_light_blue","hardened_clay_stained_white":"blocks/hardened_clay_stained_white","hardened_clay":"blocks/hardened_clay","hardened_clay_stained_black":"blocks/hardened_clay_stained_black","log_oak":"blocks/log_oak"},"elements":[{"from":[7.3,0,13.2],"to":[26.8,0.65,13.85],"faces":{"down":{"uv":[8.7,13.85,0,13.2],"texture":"#iron_block"},"up":{"uv":[7.3,13.2,16,13.85],"texture":"#iron_block"},"north":{"uv":[0,15.35,8.7,16],"texture":"#iron_block"},"south":{"uv":[7.3,15.35,16,16],"texture":"#iron_block"},"west":{"uv":[13.2,15.35,13.85,16],"texture":"#iron_block"},"east":{"uv":[2.15,15.35,2.8,16],"texture":"#iron_block"}}},{"from":[7.3,0,2.15],"to":[26.8,0.65,2.8],"faces":{"down":{"uv":[8.7,2.8,0,2.15],"texture":"#iron_block"},"up":{"uv":[7.3,2.15,16,2.8],"texture":"#iron_block"},"north":{"uv":[0,15.35,8.7,16],"texture":"#iron_block"},"south":{"uv":[7.3,15.35,16,16],"texture":"#iron_block"},"west":{"uv":[2.15,15.35,2.8,16],"texture":"#iron_block"},"east":{"uv":[13.2,15.35,13.85,16],"texture":"#iron_block"}}},{"from":[9.9,3.25,4.75],"to":[24.525,3.9,11.25],"faces":{"down":{"uv":[6.1,11.25,0,4.75],"texture":"#texture"},"up":{"uv":[9.9,4.75,16,11.25],"texture":"#texture"},"north":{"uv":[0,12.1,6.1,12.75],"texture":"#texture"},"south":{"uv":[9.9,12.1,16,12.75],"texture":"#texture"},"west":{"uv":[4.75,12.1,11.25,12.75],"texture":"#texture"},"east":{"uv":[4.75,12.1,11.25,12.75],"texture":"#texture"}}},{"from":[9.25,3.25,4.1],"to":[24.85,7.15,4.75],"faces":{"down":{"uv":[6.75,4.75,0,4.1],"texture":"#texture"},"up":{"uv":[9.25,4.1,16,4.75],"texture":"#texture"},"north":{"uv":[0,8.85,6.75,12.75],"texture":"#texture"},"south":{"uv":[9.25,8.85,16,12.75],"texture":"#texture"},"west":{"uv":[4.1,8.85,4.75,12.75],"texture":"#texture"},"east":{"uv":[11.25,8.85,11.9,12.75],"texture":"#texture"}}},{"from":[9.25,3.25,11.25],"to":[24.85,7.15,11.9],"faces":{"down":{"uv":[6.75,11.9,0,11.25],"texture":"#texture"},"up":{"uv":[9.25,11.25,16,11.9],"texture":"#texture"},"north":{"uv":[0,8.85,6.75,12.75],"texture":"#texture"},"south":{"uv":[9.25,8.85,16,12.75],"texture":"#texture"},"west":{"uv":[11.25,8.85,11.9,12.75],"texture":"#texture"},"east":{"uv":[4.1,8.85,4.75,12.75],"texture":"#texture"}}},{"from":[9.25,3.25,4.75],"to":[9.9,7.8,11.25],"faces":{"down":{"uv":[6.75,11.25,6.1,4.75],"texture":"#texture"},"up":{"uv":[9.25,4.75,9.9,11.25],"texture":"#texture"},"north":{"uv":[6.1,8.2,6.75,12.75],"texture":"#texture"},"south":{"uv":[9.25,8.2,9.9,12.75],"texture":"#texture"},"west":{"uv":[4.75,8.2,11.25,12.75],"texture":"#texture"},"east":{"uv":[4.75,8.2,11.25,12.75],"texture":"#texture"}}},{"from":[17.05,7.15,11.25],"to":[24.85,8.45,11.9],"faces":{"down":{"uv":[0,11.9,0,11.25],"texture":"#texture"},"up":{"uv":[16,11.25,16,11.9],"texture":"#texture"},"north":{"uv":[0,7.55,0,8.85],"texture":"#texture"},"south":{"uv":[16,7.55,16,8.85],"texture":"#texture"},"west":{"uv":[11.25,7.55,11.9,8.85],"texture":"#texture"},"east":{"uv":[4.1,7.55,4.75,8.85],"texture":"#texture"}}},{"from":[17.05,7.15,4.1],"to":[24.85,8.45,4.75],"faces":{"down":{"uv":[0,4.75,0,4.1],"texture":"#texture"},"up":{"uv":[16,4.1,16,4.75],"texture":"#texture"},"north":{"uv":[0,7.55,0,8.85],"texture":"#texture"},"south":{"uv":[16,7.55,16,8.85],"texture":"#texture"},"west":{"uv":[4.1,7.55,4.75,8.85],"texture":"#texture"},"east":{"uv":[11.25,7.55,11.9,8.85],"texture":"#texture"}}},{"from":[20.95,8.45,11.25],"to":[24.85,9.1,11.9],"faces":{"down":{"uv":[0,11.9,0,11.25],"texture":"#texture"},"up":{"uv":[16,11.25,16,11.9],"texture":"#texture"},"north":{"uv":[0,6.9,0,7.55],"texture":"#texture"},"south":{"uv":[16,6.9,16,7.55],"texture":"#texture"},"west":{"uv":[11.25,6.9,11.9,7.55],"texture":"#texture"},"east":{"uv":[4.1,6.9,4.75,7.55],"texture":"#texture"}}},{"from":[20.95,8.45,4.1],"to":[24.85,9.1,4.75],"faces":{"down":{"uv":[0,4.75,0,4.1],"texture":"#texture"},"up":{"uv":[16,4.1,16,4.75],"texture":"#texture"},"north":{"uv":[0,6.9,0,7.55],"texture":"#texture"},"south":{"uv":[16,6.9,16,7.55],"texture":"#texture"},"west":{"uv":[4.1,6.9,4.75,7.55],"texture":"#texture"},"east":{"uv":[11.25,6.9,11.9,7.55],"texture":"#texture"}}},{"from":[24.2,3.9,4.75],"to":[24.85,9.75,11.25],"faces":{"down":{"uv":[0,11.25,0,4.75],"texture":"#texture"},"up":{"uv":[16,4.75,16,11.25],"texture":"#texture"},"north":{"uv":[0,6.25,0,12.1],"texture":"#texture"},"south":{"uv":[16,6.25,16,12.1],"texture":"#texture"},"west":{"uv":[4.75,6.25,11.25,12.1],"texture":"#texture"},"east":{"uv":[4.75,6.25,11.25,12.1],"texture":"#texture"}}},{"from":[5.47187,2.15313,13.2],"to":[8.72188,2.80313,13.85],"rotation":{"origin":[5.47187,2.80313,13.2],"axis":"z","angle":-45},"faces":{"down":{"uv":[16,8.5,16,7.5],"texture":"#iron_block"},"up":{"uv":[0,7.5,0,8.5],"texture":"#iron_block"},"north":{"uv":[16,11,16,12],"texture":"#iron_block"},"south":{"uv":[0,11,0,12],"texture":"#iron_block"},"west":{"uv":[7.5,11,8.5,12],"texture":"#iron_block"},"east":{"uv":[7.5,11,8.5,12],"texture":"#iron_block"}}},{"from":[5.55312,2.07187,2.15],"to":[8.80312,2.72187,2.8],"rotation":{"origin":[5.55312,2.72187,2.15],"axis":"z","angle":-45},"faces":{"down":{"uv":[16,8.5,16,7.5],"texture":"#iron_block"},"up":{"uv":[0,7.5,0,8.5],"texture":"#iron_block"},"north":{"uv":[16,10.5,16,11.5],"texture":"#iron_block"},"south":{"uv":[0,10.5,0,11.5],"texture":"#iron_block"},"west":{"uv":[7.5,10.5,8.5,11.5],"texture":"#iron_block"},"east":{"uv":[7.5,10.5,8.5,11.5],"texture":"#iron_block"}}},{"from":[21.925,-1.43461,9.95],"to":[22.575,3.11539,10.6],"rotation":{"origin":[21.925,3.11539,9.95],"axis":"x","angle":-45},"faces":{"down":{"uv":[16,8.5,15,7.5],"texture":"#iron_block"},"up":{"uv":[0,7.5,1,8.5],"texture":"#iron_block"},"north":{"uv":[15,10,16,15],"texture":"#iron_block"},"south":{"uv":[0,10,1,15],"texture":"#iron_block"},"west":{"uv":[7.5,10,8.5,15],"texture":"#iron_block"},"east":{"uv":[7.5,10,8.5,15],"texture":"#iron_block"}}},{"from":[12.5,-1.23149,9.95],"to":[13.15,3.31851,10.6],"rotation":{"origin":[12.5,3.31851,9.95],"axis":"x","angle":-45},"faces":{"down":{"uv":[16,8.5,15,7.5],"texture":"#iron_block"},"up":{"uv":[0,7.5,1,8.5],"texture":"#iron_block"},"north":{"uv":[15,10,16,15],"texture":"#iron_block"},"south":{"uv":[0,10,1,15],"texture":"#iron_block"},"west":{"uv":[7.5,10,8.5,15],"texture":"#iron_block"},"east":{"uv":[7.5,10,8.5,15],"texture":"#iron_block"}}},{"from":[21.925,-0.975,5.4],"to":[22.575,3.575,6.05],"rotation":{"origin":[21.925,3.575,5.4],"axis":"x","angle":45},"faces":{"down":{"uv":[16,8.5,15,7.5],"texture":"#iron_block"},"up":{"uv":[0,7.5,1,8.5],"texture":"#iron_block"},"north":{"uv":[15,10,16,15],"texture":"#iron_block"},"south":{"uv":[0,10,1,15],"texture":"#iron_block"},"west":{"uv":[7.5,10,8.5,15],"texture":"#iron_block"},"east":{"uv":[7.5,10,8.5,15],"texture":"#iron_block"}}},{"from":[12.5,-0.975,5.4],"to":[13.15,3.575,6.05],"rotation":{"origin":[12.5,3.575,5.4],"axis":"x","angle":45},"faces":{"down":{"uv":[16,8.5,15,7.5],"texture":"#iron_block"},"up":{"uv":[0,7.5,1,8.5],"texture":"#iron_block"},"north":{"uv":[15,10,16,15],"texture":"#iron_block"},"south":{"uv":[0,10,1,15],"texture":"#iron_block"},"west":{"uv":[7.5,10,8.5,15],"texture":"#iron_block"},"east":{"uv":[7.5,10,8.5,15],"texture":"#iron_block"}}},{"from":[12.825,7.8,4.1],"to":[17.05,8.45,4.75],"faces":{"down":{"uv":[0.5,13,7,14],"texture":"#snow"},"up":{"uv":[0.5,13,7,14],"texture":"#snow"},"north":{"uv":[0.5,3,7,4],"texture":"#snow"},"south":{"uv":[0.5,3,7,4],"texture":"#snow"},"west":{"uv":[13,3,14,4],"texture":"#snow"},"east":{"uv":[13,3,14,4],"texture":"#snow"}}},{"from":[21.6,9.75,11.25],"to":[24.85,10.725,11.9],"faces":{"down":{"uv":[12.0625,11.25,15.3125,11.875],"texture":"#snow"},"up":{"uv":[11.5625,11.25,14.8125,11.875],"texture":"#snow"},"north":{"uv":[12.0625,5.25,15.3125,6.1875],"texture":"#snow"},"south":{"uv":[11.0625,5.25,14.3125,6.1875],"texture":"#snow"},"west":{"uv":[11.25,5.25,11.875,6.1875],"texture":"#snow"},"east":{"uv":[11.25,5.25,11.875,6.1875],"texture":"#snow"}}},{"from":[22.9,10.725,4.05938],"to":[24.85,11.375,4.70938],"faces":{"down":{"uv":[7.5,13,10.5,14],"texture":"#snow"},"up":{"uv":[7.5,13,10.5,14],"texture":"#snow"},"north":{"uv":[7.5,13.5,10.5,14.5],"texture":"#snow"},"south":{"uv":[7.5,13.5,10.5,14.5],"texture":"#snow"},"west":{"uv":[13,13.5,14,14.5],"texture":"#snow"},"east":{"uv":[13,13.5,14,14.5],"texture":"#snow"}}},{"from":[9.25,7.71875,4.1],"to":[9.9,8.36875,11.9],"faces":{"down":{"uv":[6.75,11.9,6.1,4.1],"texture":"#snow"},"up":{"uv":[9.25,4.1,9.9,11.9],"texture":"#snow"},"north":{"uv":[6.1,7.63125,6.75,8.28125],"texture":"#snow"},"south":{"uv":[9.25,7.63125,9.9,8.28125],"texture":"#snow"},"west":{"uv":[4.1,7.63125,11.9,8.28125],"texture":"#snow"},"east":{"uv":[4.1,7.63125,11.9,8.28125],"texture":"#snow"}}},{"from":[24.2,9.75,4.75],"to":[24.85,12.35,11.25],"faces":{"down":{"uv":[14.5,3,15.5,13],"texture":"#snow"},"up":{"uv":[14.5,3,15.5,13],"texture":"#snow"},"north":{"uv":[14.5,11.5,15.5,15.5],"texture":"#snow"},"south":{"uv":[14.5,11.5,15.5,15.5],"texture":"#snow"},"west":{"uv":[3,11.5,13,15.5],"texture":"#snow"},"east":{"uv":[3,11.5,13,15.5],"texture":"#snow"}}},{"from":[18.35,9.1,4.1],"to":[24.85,9.75,4.75],"faces":{"down":{"uv":[5.5,13,15.5,14],"texture":"#snow"},"up":{"uv":[5,13,15,14],"texture":"#snow"},"north":{"uv":[4.5,1,14.5,2],"texture":"#snow"},"south":{"uv":[5,1,15,2],"texture":"#snow"},"west":{"uv":[13,1,14,2],"texture":"#snow"},"east":{"uv":[12,1,13,2],"texture":"#snow"}}},{"from":[16.075,8.45,11.25],"to":[20.95,9.1,11.9],"faces":{"down":{"uv":[5.5,13,13,14],"texture":"#snow"},"up":{"uv":[5.5,13,13,14],"texture":"#snow"},"north":{"uv":[5.5,2,13,3],"texture":"#snow"},"south":{"uv":[5.5,2,13,3],"texture":"#snow"},"west":{"uv":[13,2,14,3],"texture":"#snow"},"east":{"uv":[13,2,14,3],"texture":"#snow"}}},{"from":[9.25,7.15,4.1],"to":[17.05,7.8,4.75],"faces":{"down":{"uv":[1,13,13,14],"texture":"#snow"},"up":{"uv":[1.5,13,13.5,14],"texture":"#snow"},"north":{"uv":[0.5,4,12.5,5],"texture":"#snow"},"south":{"uv":[0.5,4,12.5,5],"texture":"#snow"},"west":{"uv":[13,4,14,5],"texture":"#snow"},"east":{"uv":[13,4,14,5],"texture":"#snow"}}},{"from":[12.825,7.8,11.25],"to":[17.05,8.45,11.9],"faces":{"down":{"uv":[0.5,13,7,14],"texture":"#snow"},"up":{"uv":[0.5,13,7,14],"texture":"#snow"},"north":{"uv":[0.5,3,7,4],"texture":"#snow"},"south":{"uv":[0.5,3,7,4],"texture":"#snow"},"west":{"uv":[13,3,14,4],"texture":"#snow"},"east":{"uv":[13,3,14,4],"texture":"#snow"}}},{"from":[21.6,9.75,4.1],"to":[24.85,10.725,4.75],"faces":{"down":{"uv":[10.5,13,15.5,14],"texture":"#snow"},"up":{"uv":[10,13,15,14],"texture":"#snow"},"north":{"uv":[10,1,15,2.5],"texture":"#snow"},"south":{"uv":[10,1.5,15,3],"texture":"#snow"},"west":{"uv":[13,0,14,1.5],"texture":"#snow"},"east":{"uv":[13,0,14,1.5],"texture":"#snow"}}},{"from":[22.9,10.725,11.25],"to":[24.85,11.375,11.9],"faces":{"down":{"uv":[7.5,13,10.5,14],"texture":"#snow"},"up":{"uv":[7.5,13,10.5,14],"texture":"#snow"},"north":{"uv":[7.5,13.5,10.5,14.5],"texture":"#snow"},"south":{"uv":[7.5,13.5,10.5,14.5],"texture":"#snow"},"west":{"uv":[13,13.5,14,14.5],"texture":"#snow"},"east":{"uv":[13,13.5,14,14.5],"texture":"#snow"}}},{"from":[18.35,9.1,11.25],"to":[24.85,9.75,11.9],"faces":{"down":{"uv":[4.5,13,14.5,14],"texture":"#snow"},"up":{"uv":[5,13,15,14],"texture":"#snow"},"north":{"uv":[5,2.5,15,3.5],"texture":"#snow"},"south":{"uv":[5,1.5,15,2.5],"texture":"#snow"},"west":{"uv":[13,1,14,2],"texture":"#snow"},"east":{"uv":[13,1,14,2],"texture":"#snow"}}},{"from":[16.075,8.45,4.1],"to":[20.95,9.1,4.75],"faces":{"down":{"uv":[5.5,13,13,14],"texture":"#snow"},"up":{"uv":[5.5,13,13,14],"texture":"#snow"},"north":{"uv":[5.5,2,13,3],"texture":"#snow"},"south":{"uv":[5.5,2,13,3],"texture":"#snow"},"west":{"uv":[13,2,14,3],"texture":"#snow"},"east":{"uv":[13,2,14,3],"texture":"#snow"}}},{"from":[9.25,7.15,11.25],"to":[17.05,7.8,11.9],"faces":{"down":{"uv":[0.5,13,12.5,14],"texture":"#snow"},"up":{"uv":[0.5,13,12.5,14],"texture":"#snow"},"north":{"uv":[0,4,12,5],"texture":"#snow"},"south":{"uv":[1.5,4,13.5,5],"texture":"#snow"},"west":{"uv":[13,4,14,5],"texture":"#snow"},"east":{"uv":[13,4,14,5],"texture":"#snow"}}},{"from":[10.55,3.9,11.9],"to":[11.85,5.2,13.2],"faces":{"down":{"uv":[5.45,13.2,4.15,11.9],"texture":"#hardened_clay_stained_lime"},"up":{"uv":[10.55,11.9,11.85,13.2],"texture":"#hardened_clay_stained_lime"},"north":{"uv":[4.15,10.8,5.45,12.1],"texture":"#hardened_clay_stained_lime"},"south":{"uv":[10.55,10.8,11.85,12.1],"texture":"#hardened_clay_stained_lime"},"west":{"uv":[11.9,10.8,13.2,12.1],"texture":"#hardened_clay_stained_lime"},"east":{"uv":[2.8,10.8,4.1,12.1],"texture":"#hardened_clay_stained_lime"}}},{"from":[14.775,5.2,11.9],"to":[16.075,6.5,13.2],"faces":{"down":{"uv":[1.225,13.2,0,11.9],"texture":"#hardened_clay_stained_yellow"},"up":{"uv":[14.775,11.9,16,13.2],"texture":"#hardened_clay_stained_yellow"},"north":{"uv":[0,9.5,1.225,10.8],"texture":"#hardened_clay_stained_yellow"},"south":{"uv":[14.775,9.5,16,10.8],"texture":"#hardened_clay_stained_yellow"},"west":{"uv":[11.9,9.5,13.2,10.8],"texture":"#hardened_clay_stained_yellow"},"east":{"uv":[2.8,9.5,4.1,10.8],"texture":"#hardened_clay_stained_yellow"}}},{"from":[18.025,4.225,11.9],"to":[19.325,5.525,13.2],"faces":{"down":{"uv":[0,13.2,0,11.9],"texture":"#hardened_clay_stained_blue"},"up":{"uv":[16,11.9,16,13.2],"texture":"#hardened_clay_stained_blue"},"north":{"uv":[0,10.475,0,11.775],"texture":"#hardened_clay_stained_blue"},"south":{"uv":[16,10.475,16,11.775],"texture":"#hardened_clay_stained_blue"},"west":{"uv":[11.9,10.475,13.2,11.775],"texture":"#hardened_clay_stained_blue"},"east":{"uv":[2.8,10.475,4.1,11.775],"texture":"#hardened_clay_stained_blue"}}},{"from":[21.6,5.525,11.9],"to":[22.9,6.825,13.2],"faces":{"down":{"uv":[0,13.2,0,11.9],"texture":"#hardened_clay_stained_magenta"},"up":{"uv":[16,11.9,16,13.2],"texture":"#hardened_clay_stained_magenta"},"north":{"uv":[0,9.175,0,10.475],"texture":"#hardened_clay_stained_magenta"},"south":{"uv":[16,9.175,16,10.475],"texture":"#hardened_clay_stained_magenta"},"west":{"uv":[11.9,9.175,13.2,10.475],"texture":"#hardened_clay_stained_magenta"},"east":{"uv":[2.8,9.175,4.1,10.475],"texture":"#hardened_clay_stained_magenta"}}},{"from":[25.175,3.77813,3.73438],"to":[25.5,4.10313,5.35938],"rotation":{"origin":[25.175,4.10313,3.73438],"axis":"x","angle":-22.5},"faces":{"down":{"uv":[0,2.5,0,2],"texture":"#coal_block"},"up":{"uv":[16,2,16,2.5],"texture":"#coal_block"},"north":{"uv":[0,8.5,0,9],"texture":"#coal_block"},"south":{"uv":[16,8.5,16,9],"texture":"#coal_block"},"west":{"uv":[2,8.5,2.5,9],"texture":"#coal_block"},"east":{"uv":[13.5,8.5,14,9],"texture":"#coal_block"}}},{"from":[11.525,4.225,12.225],"to":[15.425,4.55,12.55],"rotation":{"origin":[11.525,4.55,12.225],"axis":"z","angle":22.5},"faces":{"down":{"uv":[16,15,12,14.5],"texture":"#coal_block"},"up":{"uv":[0,14.5,4,15],"texture":"#coal_block"},"north":{"uv":[12,9,16,9.5],"texture":"#coal_block"},"south":{"uv":[0,9,4,9.5],"texture":"#coal_block"},"west":{"uv":[14.5,9,15,9.5],"texture":"#coal_block"},"east":{"uv":[1,9,1.5,9.5],"texture":"#coal_block"}}},{"from":[25.175,5.85,6.375],"to":[25.5,6.175,8.975],"rotation":{"origin":[25.175,6.175,6.375],"axis":"x","angle":-45},"faces":{"down":{"uv":[9.5,11.5,3.5,8.5],"texture":"#coal_block"},"up":{"uv":[6.5,8.5,12.5,11.5],"texture":"#coal_block"},"north":{"uv":[3.5,16,9.5,16],"texture":"#coal_block"},"south":{"uv":[6.5,16,12.5,16],"texture":"#coal_block"},"west":{"uv":[8.5,16,11.5,16],"texture":"#coal_block"},"east":{"uv":[4.5,16,7.5,16],"texture":"#coal_block"}}},{"from":[16.075,5.525,12.225],"to":[18.675,5.85,12.55],"rotation":{"origin":[16.075,5.85,12.225],"axis":"z","angle":-22.5},"faces":{"down":{"uv":[16,15,12,14.5],"texture":"#coal_block"},"up":{"uv":[0,14.5,4,15],"texture":"#coal_block"},"north":{"uv":[12,16,16,16],"texture":"#coal_block"},"south":{"uv":[0,16,4,16],"texture":"#coal_block"},"west":{"uv":[14.5,16,15,16],"texture":"#coal_block"},"east":{"uv":[1,16,1.5,16],"texture":"#coal_block"}}},{"from":[17.375,4.875,3.40937],"to":[20.3,5.2,3.73438],"rotation":{"origin":[17.375,5.2,3.40937],"axis":"z","angle":22.5},"faces":{"down":{"uv":[9.5,15,5,14.5],"texture":"#coal_block"},"up":{"uv":[6.5,14.5,11,15],"texture":"#coal_block"},"north":{"uv":[5,13.5,9.5,14],"texture":"#coal_block"},"south":{"uv":[6.5,13.5,11,14],"texture":"#coal_block"},"west":{"uv":[14.5,13.5,15,14],"texture":"#coal_block"},"east":{"uv":[1,13.5,1.5,14],"texture":"#coal_block"}}},{"from":[18.675,4.55,12.225],"to":[22.575,4.875,12.55],"rotation":{"origin":[18.675,4.875,12.225],"axis":"z","angle":22.5},"faces":{"down":{"uv":[16,15,12,14.5],"texture":"#coal_block"},"up":{"uv":[0,14.5,4,15],"texture":"#coal_block"},"north":{"uv":[12,16,16,16],"texture":"#coal_block"},"south":{"uv":[0,16,4,16],"texture":"#coal_block"},"west":{"uv":[14.5,16,15,16],"texture":"#coal_block"},"east":{"uv":[1,16,1.5,16],"texture":"#coal_block"}}},{"from":[25.175,4.225,5.725],"to":[25.5,6.175,6.05],"rotation":{"origin":[25.175,6.175,5.725],"axis":"x","angle":22.5},"faces":{"down":{"uv":[0,3.5,0,3],"texture":"#coal_block"},"up":{"uv":[16,3,16,3.5],"texture":"#coal_block"},"north":{"uv":[0,16,0,16],"texture":"#coal_block"},"south":{"uv":[16,16,16,16],"texture":"#coal_block"},"west":{"uv":[3,16,3.5,16],"texture":"#coal_block"},"east":{"uv":[12.5,16,13,16],"texture":"#coal_block"}}},{"from":[22.9,5.85,12.225],"to":[26.475,6.175,12.55],"rotation":{"origin":[22.9,6.175,12.225],"axis":"z","angle":-45},"faces":{"down":{"uv":[0,15,0,14.5],"texture":"#coal_block"},"up":{"uv":[16,14.5,16,15],"texture":"#coal_block"},"north":{"uv":[0,6.5,0,7],"texture":"#coal_block"},"south":{"uv":[16,6.5,16,7],"texture":"#coal_block"},"west":{"uv":[14.5,6.5,15,7],"texture":"#coal_block"},"east":{"uv":[1,6.5,1.5,7],"texture":"#coal_block"}}},{"from":[24.85,4.55,9.95],"to":[26.15,5.85,11.25],"faces":{"down":{"uv":[0,11.25,0,9.95],"texture":"#hardened_clay_stained_lime"},"up":{"uv":[16,9.95,16,11.25],"texture":"#hardened_clay_stained_lime"},"north":{"uv":[0,10.15,0,11.45],"texture":"#hardened_clay_stained_lime"},"south":{"uv":[16,10.15,16,11.45],"texture":"#hardened_clay_stained_lime"},"west":{"uv":[9.95,10.15,11.25,11.45],"texture":"#hardened_clay_stained_lime"},"east":{"uv":[4.75,10.15,6.05,11.45],"texture":"#hardened_clay_stained_lime"}}},{"from":[24.85,5.2,5.4],"to":[26.15,6.5,6.7],"faces":{"down":{"uv":[0,6.7,0,5.4],"texture":"#hardened_clay_stained_light_blue"},"up":{"uv":[16,5.4,16,6.7],"texture":"#hardened_clay_stained_light_blue"},"north":{"uv":[0,9.5,0,10.8],"texture":"#hardened_clay_stained_light_blue"},"south":{"uv":[16,9.5,16,10.8],"texture":"#hardened_clay_stained_light_blue"},"west":{"uv":[5.4,9.5,6.7,10.8],"texture":"#hardened_clay_stained_light_blue"},"east":{"uv":[9.3,9.5,10.6,10.8],"texture":"#hardened_clay_stained_light_blue"}}},{"from":[24.85,7.15,8],"to":[26.15,8.45,9.3],"faces":{"down":{"uv":[0,9.3,0,8],"texture":"#hardened_clay_stained_orange"},"up":{"uv":[16,8,16,9.3],"texture":"#hardened_clay_stained_orange"},"north":{"uv":[0,7.55,0,8.85],"texture":"#hardened_clay_stained_orange"},"south":{"uv":[16,7.55,16,8.85],"texture":"#hardened_clay_stained_orange"},"west":{"uv":[8,7.55,9.3,8.85],"texture":"#hardened_clay_stained_orange"},"east":{"uv":[6.7,7.55,8,8.85],"texture":"#hardened_clay_stained_orange"}}},{"from":[25.0938,4.55,11.25],"to":[25.4187,4.875,12.875],"rotation":{"origin":[25.0938,4.875,11.25],"axis":"x","angle":45},"faces":{"down":{"uv":[0,16,0,13.5],"texture":"#coal_block"},"up":{"uv":[16,13.5,16,16],"texture":"#coal_block"},"north":{"uv":[0,10.25,0,10.75],"texture":"#coal_block"},"south":{"uv":[16,10.25,16,10.75],"texture":"#coal_block"},"west":{"uv":[13.5,10.25,16,10.75],"texture":"#coal_block"},"east":{"uv":[0,10.25,2.5,10.75],"texture":"#coal_block"}}},{"from":[25.175,7.15,8.975],"to":[25.5,7.475,11.25],"rotation":{"origin":[25.175,7.475,8.975],"axis":"x","angle":45},"faces":{"down":{"uv":[0,11.5,0,8.5],"texture":"#coal_block"},"up":{"uv":[16,8.5,16,11.5],"texture":"#coal_block"},"north":{"uv":[0,13.5,0,14],"texture":"#coal_block"},"south":{"uv":[16,13.5,16,14],"texture":"#coal_block"},"west":{"uv":[8.5,13.5,11.5,14],"texture":"#coal_block"},"east":{"uv":[4.5,13.5,7.5,14],"texture":"#coal_block"}}},{"from":[20.936,6.175,3.40937],"to":[23.536,6.5,3.73438],"rotation":{"origin":[20.936,6.5,3.40937],"axis":"z","angle":-45},"faces":{"down":{"uv":[6,2,1,1.5],"texture":"#coal_block"},"up":{"uv":[10,1.5,15,2],"texture":"#coal_block"},"north":{"uv":[1,6,6,6.5],"texture":"#coal_block"},"south":{"uv":[10,6,15,6.5],"texture":"#coal_block"},"west":{"uv":[1.5,6,2,6.5],"texture":"#coal_block"},"east":{"uv":[14,6,14.5,6.5],"texture":"#coal_block"}}},{"from":[22.8188,4.91562,3.57188],"to":[25.7438,5.24062,3.89688],"rotation":{"origin":[22.8188,5.24062,3.57188],"axis":"z","angle":-22.5},"faces":{"down":{"uv":[4,15,0,14.5],"texture":"#coal_block"},"up":{"uv":[12,14.5,16,15],"texture":"#coal_block"},"north":{"uv":[0,9.5,4,10],"texture":"#coal_block"},"south":{"uv":[12,9.5,16,10],"texture":"#coal_block"},"west":{"uv":[14.5,9.5,15,10],"texture":"#coal_block"},"east":{"uv":[1,9.5,1.5,10],"texture":"#coal_block"}}},{"from":[12.5,5.2,2.8],"to":[13.8,6.5,4.1],"faces":{"down":{"uv":[3.5,4.1,2.2,2.8],"texture":"#texture"},"up":{"uv":[12.5,2.8,13.8,4.1],"texture":"#texture"},"north":{"uv":[2.2,9.5,3.5,10.8],"texture":"#texture"},"south":{"uv":[12.5,9.5,13.8,10.8],"texture":"#texture"},"west":{"uv":[2.8,9.5,4.1,10.8],"texture":"#texture"},"east":{"uv":[11.9,9.5,13.2,10.8],"texture":"#texture"}}},{"from":[16.4,4.225,2.8],"to":[17.7,5.525,4.1],"faces":{"down":{"uv":[0,4.1,0,2.8],"texture":"#hardened_clay_stained_lime"},"up":{"uv":[16,2.8,16,4.1],"texture":"#hardened_clay_stained_lime"},"north":{"uv":[0,10.475,0,11.775],"texture":"#hardened_clay_stained_lime"},"south":{"uv":[16,10.475,16,11.775],"texture":"#hardened_clay_stained_lime"},"west":{"uv":[2.8,10.475,4.1,11.775],"texture":"#hardened_clay_stained_lime"},"east":{"uv":[11.9,10.475,13.2,11.775],"texture":"#hardened_clay_stained_lime"}}},{"from":[22.575,4.225,2.8],"to":[23.875,5.525,4.1],"faces":{"down":{"uv":[0,4.1,0,2.8],"texture":"#hardened_clay_stained_magenta"},"up":{"uv":[16,2.8,16,4.1],"texture":"#hardened_clay_stained_magenta"},"north":{"uv":[0,10.475,0,11.775],"texture":"#hardened_clay_stained_magenta"},"south":{"uv":[16,10.475,16,11.775],"texture":"#hardened_clay_stained_magenta"},"west":{"uv":[2.8,10.475,4.1,11.775],"texture":"#hardened_clay_stained_magenta"},"east":{"uv":[11.9,10.475,13.2,11.775],"texture":"#hardened_clay_stained_magenta"}}},{"from":[19.65,5.85,2.8],"to":[20.95,7.15,4.1],"faces":{"down":{"uv":[0,4.1,0,2.8],"texture":"#hardened_clay_stained_orange"},"up":{"uv":[16,2.8,16,4.1],"texture":"#hardened_clay_stained_orange"},"north":{"uv":[0,8.85,0,10.15],"texture":"#hardened_clay_stained_orange"},"south":{"uv":[16,8.85,16,10.15],"texture":"#hardened_clay_stained_orange"},"west":{"uv":[2.8,8.85,4.1,10.15],"texture":"#hardened_clay_stained_orange"},"east":{"uv":[11.9,8.85,13.2,10.15],"texture":"#hardened_clay_stained_orange"}}},{"from":[8.6,4.225,3.45],"to":[8.925,4.55,6.375],"faces":{"down":{"uv":[7.4,6.375,7.075,3.45],"texture":"#coal_block"},"up":{"uv":[8.6,3.45,8.925,6.375],"texture":"#coal_block"},"north":{"uv":[7.075,11.45,7.4,11.775],"texture":"#coal_block"},"south":{"uv":[8.6,11.45,8.925,11.775],"texture":"#coal_block"},"west":{"uv":[3.45,11.45,6.375,11.775],"texture":"#coal_block"},"east":{"uv":[9.625,11.45,12.55,11.775],"texture":"#coal_block"}}},{"from":[13.15,5.85,3.40937],"to":[17.375,6.175,3.73438],"rotation":{"origin":[13.15,6.175,3.40937],"axis":"z","angle":-22.5},"faces":{"down":{"uv":[9.5,15,3,14.5],"texture":"#coal_block"},"up":{"uv":[6.5,14.5,13,15],"texture":"#coal_block"},"north":{"uv":[3,16,9.5,16],"texture":"#coal_block"},"south":{"uv":[6.5,16,13,16],"texture":"#coal_block"},"west":{"uv":[14.5,16,15,16],"texture":"#coal_block"},"east":{"uv":[1,16,1.5,16],"texture":"#coal_block"}}},{"from":[7.95,3.9,5.725],"to":[9.25,5.2,7.025],"faces":{"down":{"uv":[8.05,7.025,6.75,5.725],"texture":"#hardened_clay_stained_yellow"},"up":{"uv":[7.95,5.725,9.25,7.025],"texture":"#hardened_clay_stained_yellow"},"north":{"uv":[6.75,10.8,8.05,12.1],"texture":"#hardened_clay_stained_yellow"},"south":{"uv":[7.95,10.8,9.25,12.1],"texture":"#hardened_clay_stained_yellow"},"west":{"uv":[5.725,10.8,7.025,12.1],"texture":"#hardened_clay_stained_yellow"},"east":{"uv":[8.975,10.8,10.275,12.1],"texture":"#hardened_clay_stained_yellow"}}},{"from":[7.95,5.525,8.65],"to":[9.25,6.825,9.95],"faces":{"down":{"uv":[8.05,9.95,6.75,8.65],"texture":"#hardened_clay_stained_cyan"},"up":{"uv":[7.95,8.65,9.25,9.95],"texture":"#hardened_clay_stained_cyan"},"north":{"uv":[6.75,9.175,8.05,10.475],"texture":"#hardened_clay_stained_cyan"},"south":{"uv":[7.95,9.175,9.25,10.475],"texture":"#hardened_clay_stained_cyan"},"west":{"uv":[8.65,9.175,9.95,10.475],"texture":"#hardened_clay_stained_cyan"},"east":{"uv":[6.05,9.175,7.35,10.475],"texture":"#hardened_clay_stained_cyan"}}},{"from":[8.6,5.85,9.625],"to":[8.925,6.175,12.55],"rotation":{"origin":[8.6,6.175,9.625],"axis":"x","angle":22.5},"faces":{"down":{"uv":[16,10,16,5.5],"texture":"#coal_block"},"up":{"uv":[0,5.5,0,10],"texture":"#coal_block"},"north":{"uv":[16,9,16,9.5],"texture":"#coal_block"},"south":{"uv":[0,9,0,9.5],"texture":"#coal_block"},"west":{"uv":[5.5,9,10,9.5],"texture":"#coal_block"},"east":{"uv":[6,9,10.5,9.5],"texture":"#coal_block"}}},{"from":[8.6,4.225,3.45],"to":[13.15,4.55,3.775],"rotation":{"origin":[8.6,4.55,3.45],"axis":"z","angle":22.5},"faces":{"down":{"uv":[16,1.5,15,1],"texture":"#coal_block"},"up":{"uv":[0,1,1,1.5],"texture":"#coal_block"},"north":{"uv":[15,11.5,16,12],"texture":"#coal_block"},"south":{"uv":[0,11.5,1,12],"texture":"#coal_block"},"west":{"uv":[1,11.5,1.5,12],"texture":"#coal_block"},"east":{"uv":[14.5,11.5,15,12],"texture":"#coal_block"}}},{"from":[8.6,4.0625,6.7],"to":[8.925,4.3875,9.625],"rotation":{"origin":[8.6,4.3875,6.7],"axis":"x","angle":-45},"faces":{"down":{"uv":[16,10,16,5.5],"texture":"#coal_block"},"up":{"uv":[0,5.5,0,10],"texture":"#coal_block"},"north":{"uv":[16,9,16,9.5],"texture":"#coal_block"},"south":{"uv":[0,9,0,9.5],"texture":"#coal_block"},"west":{"uv":[5.5,9,10,9.5],"texture":"#coal_block"},"east":{"uv":[6,9,10.5,9.5],"texture":"#coal_block"}}},{"from":[8.6,4.875,12.225],"to":[10.875,5.2,12.55],"rotation":{"origin":[8.6,5.2,12.225],"axis":"z","angle":-22.5},"faces":{"down":{"uv":[16,15,12,14.5],"texture":"#coal_block"},"up":{"uv":[0,14.5,4,15],"texture":"#coal_block"},"north":{"uv":[12,9,16,9.5],"texture":"#coal_block"},"south":{"uv":[0,9,4,9.5],"texture":"#coal_block"},"west":{"uv":[14.5,9,15,9.5],"texture":"#coal_block"},"east":{"uv":[1,9,1.5,9.5],"texture":"#coal_block"}}},{"from":[-1.32106,0,9.56],"to":[-0.281062,3.12,10.6],"rotation":{"origin":[-1.32106,3.12,9.56],"axis":"z","angle":-22.5},"faces":{"down":{"uv":[7.5,10,6.5,9],"texture":"#hardened_clay_stained_orange"},"up":{"uv":[8.5,9,9.5,10],"texture":"#hardened_clay_stained_orange"},"north":{"uv":[6.5,13,7.5,16],"texture":"#hardened_clay_stained_orange"},"south":{"uv":[8.5,13,9.5,16],"texture":"#hardened_clay_stained_orange"},"west":{"uv":[9,13,10,16],"texture":"#hardened_clay_stained_orange"},"east":{"uv":[6,13,7,16],"texture":"#hardened_clay_stained_orange"}}},{"from":[-9.6,0,5.92],"to":[-8.56,3.12,6.96],"faces":{"down":{"uv":[16,6.96,16,5.92],"texture":"#hardened_clay_stained_orange"},"up":{"uv":[0,5.92,0,6.96],"texture":"#hardened_clay_stained_orange"},"north":{"uv":[16,12.88,16,16],"texture":"#hardened_clay_stained_orange"},"south":{"uv":[0,12.88,0,16],"texture":"#hardened_clay_stained_orange"},"west":{"uv":[5.92,12.88,6.96,16],"texture":"#hardened_clay_stained_orange"},"east":{"uv":[9.04,12.88,10.08,16],"texture":"#hardened_clay_stained_orange"}}},{"from":[-10.12,3.12,9.56],"to":[-8.04,6.24,10.6],"faces":{"down":{"uv":[16,10.6,16,9.56],"texture":"#hardened_clay_stained_orange"},"up":{"uv":[0,9.56,0,10.6],"texture":"#hardened_clay_stained_orange"},"north":{"uv":[16,9.76,16,12.88],"texture":"#hardened_clay_stained_orange"},"south":{"uv":[0,9.76,0,12.88],"texture":"#hardened_clay_stained_orange"},"west":{"uv":[9.56,9.76,10.6,12.88],"texture":"#hardened_clay_stained_orange"},"east":{"uv":[5.4,9.76,6.44,12.88],"texture":"#hardened_clay_stained_orange"}}},{"from":[-10.12,3.12,5.92],"to":[-8.04,6.24,6.96],"faces":{"down":{"uv":[16,6.96,16,5.92],"texture":"#hardened_clay_stained_orange"},"up":{"uv":[0,5.92,0,6.96],"texture":"#hardened_clay_stained_orange"},"north":{"uv":[16,9.76,16,12.88],"texture":"#hardened_clay_stained_orange"},"south":{"uv":[0,9.76,0,12.88],"texture":"#hardened_clay_stained_orange"},"west":{"uv":[5.92,9.76,6.96,12.88],"texture":"#hardened_clay_stained_orange"},"east":{"uv":[9.04,9.76,10.08,12.88],"texture":"#hardened_clay_stained_orange"}}},{"from":[-9.6,0,9.56],"to":[-8.56,3.12,10.6],"faces":{"down":{"uv":[16,10.6,16,9.56],"texture":"#hardened_clay_stained_orange"},"up":{"uv":[0,9.56,0,10.6],"texture":"#hardened_clay_stained_orange"},"north":{"uv":[16,12.88,16,16],"texture":"#hardened_clay_stained_orange"},"south":{"uv":[0,12.88,0,16],"texture":"#hardened_clay_stained_orange"},"west":{"uv":[9.56,12.88,10.6,16],"texture":"#hardened_clay_stained_orange"},"east":{"uv":[5.4,12.88,6.44,16],"texture":"#hardened_clay_stained_orange"}}},{"from":[-1.32106,0,5.92],"to":[-0.281062,3.12,6.96],"rotation":{"origin":[-1.32106,3.12,5.92],"axis":"z","angle":-22.5},"faces":{"down":{"uv":[7.5,7.5,6.5,6.5],"texture":"#hardened_clay_stained_orange"},"up":{"uv":[8.5,6.5,9.5,7.5],"texture":"#hardened_clay_stained_orange"},"north":{"uv":[6.5,13,7.5,16],"texture":"#hardened_clay_stained_orange"},"south":{"uv":[8.5,13,9.5,16],"texture":"#hardened_clay_stained_orange"},"west":{"uv":[6.5,13,7.5,16],"texture":"#hardened_clay_stained_orange"},"east":{"uv":[8.5,13,9.5,16],"texture":"#hardened_clay_stained_orange"}}},{"from":[-3.035,1.755,9.56],"to":[-0.955,4.875,10.6],"rotation":{"origin":[-3.035,4.875,9.56],"axis":"z","angle":22.5},"faces":{"down":{"uv":[8,10,6,9],"texture":"#hardened_clay_stained_orange"},"up":{"uv":[8,9,10,10],"texture":"#hardened_clay_stained_orange"},"north":{"uv":[6,10,8,13],"texture":"#hardened_clay_stained_orange"},"south":{"uv":[8,10,10,13],"texture":"#hardened_clay_stained_orange"},"west":{"uv":[9,10,10,13],"texture":"#hardened_clay_stained_orange"},"east":{"uv":[6,10,7,13],"texture":"#hardened_clay_stained_orange"}}},{"from":[-3.035,1.69,5.92],"to":[-0.955,4.81,6.96],"rotation":{"origin":[-3.035,4.81,5.92],"axis":"z","angle":22.5},"faces":{"down":{"uv":[8,7.5,6,6.5],"texture":"#hardened_clay_stained_orange"},"up":{"uv":[8,6.5,10,7.5],"texture":"#hardened_clay_stained_orange"},"north":{"uv":[6,10,8,13],"texture":"#hardened_clay_stained_orange"},"south":{"uv":[8,10,10,13],"texture":"#hardened_clay_stained_orange"},"west":{"uv":[6.5,10,7.5,13],"texture":"#hardened_clay_stained_orange"},"east":{"uv":[8.5,10,9.5,13],"texture":"#hardened_clay_stained_orange"}}},{"from":[-3.88,2.6,5.92],"to":[-0.76,5.72,6.96],"rotation":{"origin":[-3.88,5.72,5.92],"axis":"z","angle":22.5},"faces":{"down":{"uv":[9.5,8.5,6.5,7.5],"texture":"#hardened_clay_stained_orange"},"up":{"uv":[6.5,7.5,9.5,8.5],"texture":"#hardened_clay_stained_orange"},"north":{"uv":[6.5,9,9.5,12],"texture":"#hardened_clay_stained_orange"},"south":{"uv":[6.5,9,9.5,12],"texture":"#hardened_clay_stained_orange"},"west":{"uv":[7.5,9,8.5,12],"texture":"#hardened_clay_stained_orange"},"east":{"uv":[7.5,9,8.5,12],"texture":"#hardened_clay_stained_orange"}}},{"from":[-3.88,2.6,9.56],"to":[-0.76,5.72,10.6],"rotation":{"origin":[-3.88,5.72,9.56],"axis":"z","angle":22.5},"faces":{"down":{"uv":[9.5,8.5,6.5,7.5],"texture":"#hardened_clay_stained_orange"},"up":{"uv":[6.5,7.5,9.5,8.5],"texture":"#hardened_clay_stained_orange"},"north":{"uv":[6.5,9,9.5,12],"texture":"#hardened_clay_stained_orange"},"south":{"uv":[6.5,9,9.5,12],"texture":"#hardened_clay_stained_orange"},"west":{"uv":[7.5,9,8.5,12],"texture":"#hardened_clay_stained_orange"},"east":{"uv":[7.5,9,8.5,12],"texture":"#hardened_clay_stained_orange"}}},{"from":[-10.952,4.576,6.752],"to":[-0.136,5.408,9.664],"faces":{"down":{"uv":[16,9.664,16,6.752],"texture":"#hardened_clay"},"up":{"uv":[0,6.752,0,9.664],"texture":"#hardened_clay"},"north":{"uv":[16,10.592,16,11.424],"texture":"#hardened_clay"},"south":{"uv":[0,10.592,0,11.424],"texture":"#hardened_clay"},"west":{"uv":[6.752,10.592,9.664,11.424],"texture":"#hardened_clay"},"east":{"uv":[6.336,10.592,9.248,11.424],"texture":"#hardened_clay"}}},{"from":[-10.952,5.408,6.752],"to":[-8.872,6.24,9.664],"faces":{"down":{"uv":[16,9.664,16,6.752],"texture":"#hardened_clay"},"up":{"uv":[0,6.752,0,9.664],"texture":"#hardened_clay"},"north":{"uv":[16,9.76,16,10.592],"texture":"#hardened_clay"},"south":{"uv":[0,9.76,0,10.592],"texture":"#hardened_clay"},"west":{"uv":[6.752,9.76,9.664,10.592],"texture":"#hardened_clay"},"east":{"uv":[6.336,9.76,9.248,10.592],"texture":"#hardened_clay"}}},{"from":[-10.952,6.24,7.584],"to":[-10.12,7.904,8.832],"faces":{"down":{"uv":[16,8.832,16,7.584],"texture":"#hardened_clay"},"up":{"uv":[0,7.584,0,8.832],"texture":"#hardened_clay"},"north":{"uv":[16,8.096,16,9.76],"texture":"#hardened_clay"},"south":{"uv":[0,8.096,0,9.76],"texture":"#hardened_clay"},"west":{"uv":[7.584,8.096,8.832,9.76],"texture":"#hardened_clay"},"east":{"uv":[7.168,8.096,8.416,9.76],"texture":"#hardened_clay"}}},{"from":[-11.94,3.926,7.805],"to":[-11.108,9.75,8.637],"rotation":{"origin":[-11.94,9.75,7.805],"axis":"z","angle":22.5},"faces":{"down":{"uv":[12.5,8.5,11.5,7.5],"texture":"#hardened_clay"},"up":{"uv":[3.5,7.5,4.5,8.5],"texture":"#hardened_clay"},"north":{"uv":[11.5,1,12.5,7.5],"texture":"#hardened_clay"},"south":{"uv":[3.5,1,4.5,7.5],"texture":"#hardened_clay"},"west":{"uv":[7.5,1,8.5,7.5],"texture":"#hardened_clay"},"east":{"uv":[7.5,1,8.5,7.5],"texture":"#hardened_clay"}}},{"from":[-10.12,6.24,6.752],"to":[-0.136,7.904,9.664],"faces":{"down":{"uv":[16,9.664,16,6.752],"texture":"#hardened_clay_stained_orange"},"up":{"uv":[0,6.752,0,9.664],"texture":"#hardened_clay_stained_orange"},"north":{"uv":[16,8.096,16,9.76],"texture":"#hardened_clay_stained_orange"},"south":{"uv":[0,8.096,0,9.76],"texture":"#hardened_clay_stained_orange"},"west":{"uv":[6.752,8.096,9.664,9.76],"texture":"#hardened_clay_stained_orange"},"east":{"uv":[6.336,8.096,9.248,9.76],"texture":"#hardened_clay_stained_orange"}}},{"from":[-8.872,5.408,6.752],"to":[-0.136,6.24,9.664],"faces":{"down":{"uv":[16,9.664,16,6.752],"texture":"#hardened_clay_stained_orange"},"up":{"uv":[0,6.752,0,9.664],"texture":"#hardened_clay_stained_orange"},"north":{"uv":[16,9.76,16,10.592],"texture":"#hardened_clay_stained_orange"},"south":{"uv":[0,9.76,0,10.592],"texture":"#hardened_clay_stained_orange"},"west":{"uv":[6.752,9.76,9.664,10.592],"texture":"#hardened_clay_stained_orange"},"east":{"uv":[6.336,9.76,9.248,10.592],"texture":"#hardened_clay_stained_orange"}}},{"from":[-10.952,6.24,6.752],"to":[-10.12,7.904,7.584],"faces":{"down":{"uv":[16,7.584,16,6.752],"texture":"#hardened_clay_stained_orange"},"up":{"uv":[0,6.752,0,7.584],"texture":"#hardened_clay_stained_orange"},"north":{"uv":[16,8.096,16,9.76],"texture":"#hardened_clay_stained_orange"},"south":{"uv":[0,8.096,0,9.76],"texture":"#hardened_clay_stained_orange"},"west":{"uv":[6.752,8.096,7.584,9.76],"texture":"#hardened_clay_stained_orange"},"east":{"uv":[8.416,8.096,9.248,9.76],"texture":"#hardened_clay_stained_orange"}}},{"from":[-10.952,6.24,8.832],"to":[-10.12,7.904,9.664],"faces":{"down":{"uv":[16,9.664,16,8.832],"texture":"#hardened_clay_stained_orange"},"up":{"uv":[0,8.832,0,9.664],"texture":"#hardened_clay_stained_orange"},"north":{"uv":[16,8.096,16,9.76],"texture":"#hardened_clay_stained_orange"},"south":{"uv":[0,8.096,0,9.76],"texture":"#hardened_clay_stained_orange"},"west":{"uv":[8.832,8.096,9.664,9.76],"texture":"#hardened_clay_stained_orange"},"east":{"uv":[6.336,8.096,7.168,9.76],"texture":"#hardened_clay_stained_orange"}}},{"from":[-11.225,5.915,7.805],"to":[-10.393,10.075,8.637],"rotation":{"origin":[-11.225,10.075,7.805],"axis":"z","angle":22.5},"faces":{"down":{"uv":[12.5,8.5,11.5,7.5],"texture":"#hardened_clay_stained_orange"},"up":{"uv":[3.5,7.5,4.5,8.5],"texture":"#hardened_clay_stained_orange"},"north":{"uv":[11.5,1,12.5,4.5],"texture":"#hardened_clay_stained_orange"},"south":{"uv":[3.5,1,4.5,4.5],"texture":"#hardened_clay_stained_orange"},"west":{"uv":[7.5,1,8.5,4.5],"texture":"#hardened_clay_stained_orange"},"east":{"uv":[7.5,1,8.5,4.5],"texture":"#hardened_clay_stained_orange"}}},{"from":[-15.32,10.608,7.35],"to":[-10.328,11.44,9.014],"faces":{"down":{"uv":[16,9.014,16,7.35],"texture":"#hardened_clay_stained_orange"},"up":{"uv":[0,7.35,0,9.014],"texture":"#hardened_clay_stained_orange"},"north":{"uv":[16,4.56,16,5.392],"texture":"#hardened_clay_stained_orange"},"south":{"uv":[0,4.56,0,5.392],"texture":"#hardened_clay_stained_orange"},"west":{"uv":[7.35,4.56,9.014,5.392],"texture":"#hardened_clay_stained_orange"},"east":{"uv":[6.986,4.56,8.65,5.392],"texture":"#hardened_clay_stained_orange"}}},{"from":[-15.32,9.763,7.35],"to":[-10.328,10.595,9.014],"faces":{"down":{"uv":[16,9.014,16,7.35],"texture":"#hardened_clay"},"up":{"uv":[0,7.35,0,9.014],"texture":"#hardened_clay"},"north":{"uv":[16,5.405,16,6.237],"texture":"#hardened_clay"},"south":{"uv":[0,5.405,0,6.237],"texture":"#hardened_clay"},"west":{"uv":[7.35,5.405,9.014,6.237],"texture":"#hardened_clay"},"east":{"uv":[6.986,5.405,8.65,6.237],"texture":"#hardened_clay"}}},{"from":[-11.16,11.401,7.35],"to":[-10.328,13.065,9.014],"faces":{"down":{"uv":[16,9.014,16,7.35],"texture":"#texture"},"up":{"uv":[0,7.35,0,9.014],"texture":"#texture"},"north":{"uv":[16,2.935,16,4.599],"texture":"#texture"},"south":{"uv":[0,2.935,0,4.599],"texture":"#texture"},"west":{"uv":[7.35,2.935,9.014,4.599],"texture":"#texture"},"east":{"uv":[6.986,2.935,8.65,4.599],"texture":"#texture"}}},{"from":[-14.475,12.233,7.35],"to":[-11.147,13.065,9.014],"faces":{"down":{"uv":[16,9.014,16,7.35],"texture":"#texture"},"up":{"uv":[0,7.35,0,9.014],"texture":"#texture"},"north":{"uv":[16,2.935,16,3.767],"texture":"#texture"},"south":{"uv":[0,2.935,0,3.767],"texture":"#texture"},"west":{"uv":[7.35,2.935,9.014,3.767],"texture":"#texture"},"east":{"uv":[6.986,2.935,8.65,3.767],"texture":"#texture"}}},{"from":[-11.94,11.388,7.35],"to":[-11.108,12.22,9.014],"faces":{"down":{"uv":[16,9.014,16,7.35],"texture":"#snow"},"up":{"uv":[0,7.35,0,9.014],"texture":"#snow"},"north":{"uv":[16,3.78,16,4.612],"texture":"#snow"},"south":{"uv":[0,3.78,0,4.612],"texture":"#snow"},"west":{"uv":[7.35,3.78,9.014,4.612],"texture":"#snow"},"east":{"uv":[6.986,3.78,8.65,4.612],"texture":"#snow"}}},{"from":[-14.475,11.388,7.35],"to":[-12.811,12.22,9.014],"faces":{"down":{"uv":[16,9.014,16,7.35],"texture":"#hardened_clay_stained_orange"},"up":{"uv":[0,7.35,0,9.014],"texture":"#hardened_clay_stained_orange"},"north":{"uv":[16,3.78,16,4.612],"texture":"#hardened_clay_stained_orange"},"south":{"uv":[0,3.78,0,4.612],"texture":"#hardened_clay_stained_orange"},"west":{"uv":[7.35,3.78,9.014,4.612],"texture":"#hardened_clay_stained_orange"},"east":{"uv":[6.986,3.78,8.65,4.612],"texture":"#hardened_clay_stained_orange"}}},{"from":[-12.785,11.388,7.35],"to":[-11.953,12.22,9.014],"faces":{"down":{"uv":[16,9.014,16,7.35],"texture":"#coal_block"},"up":{"uv":[0,7.35,0,9.014],"texture":"#coal_block"},"north":{"uv":[16,3.78,16,4.612],"texture":"#coal_block"},"south":{"uv":[0,3.78,0,4.612],"texture":"#coal_block"},"west":{"uv":[7.35,3.78,9.014,4.612],"texture":"#coal_block"},"east":{"uv":[6.986,3.78,8.65,4.612],"texture":"#coal_block"}}},{"from":[-15.32,11.401,7.35],"to":[-14.488,13.065,9.014],"faces":{"down":{"uv":[16,9.014,16,7.35],"texture":"#hardened_clay_stained_black"},"up":{"uv":[0,7.35,0,9.014],"texture":"#hardened_clay_stained_black"},"north":{"uv":[16,2.935,16,4.599],"texture":"#hardened_clay_stained_black"},"south":{"uv":[0,2.935,0,4.599],"texture":"#hardened_clay_stained_black"},"west":{"uv":[7.35,2.935,9.014,4.599],"texture":"#hardened_clay_stained_black"},"east":{"uv":[6.986,2.935,8.65,4.599],"texture":"#hardened_clay_stained_black"}}},{"from":[-0.76,4.16,7.74],"to":[-0.24,7.28,8.78],"rotation":{"origin":[-0.76,7.28,7.74],"axis":"z","angle":22.5},"faces":{"down":{"uv":[6.5,8.75,6,7.75],"texture":"#hardened_clay_stained_orange"},"up":{"uv":[9.5,7.75,10,8.75],"texture":"#hardened_clay_stained_orange"},"north":{"uv":[6,6.5,6.5,9.5],"texture":"#hardened_clay_stained_orange"},"south":{"uv":[9.5,6.5,10,9.5],"texture":"#hardened_clay_stained_orange"},"west":{"uv":[7.75,6.5,8.75,9.5],"texture":"#hardened_clay_stained_orange"},"east":{"uv":[7.25,6.5,8.25,9.5],"texture":"#hardened_clay_stained_orange"}}},{"from":[-9.6,12.48,8.845],"to":[-9.08,15.6,9.365],"rotation":{"origin":[-9.6,15.6,8.845],"axis":"z","angle":-22.5},"faces":{"down":{"uv":[16,9,16,8.5],"texture":"#log_oak"},"up":{"uv":[0,8.5,0,9],"texture":"#log_oak"},"north":{"uv":[16,0.5,16,3.5],"texture":"#log_oak"},"south":{"uv":[0,0.5,0,3.5],"texture":"#log_oak"},"west":{"uv":[8.5,0.5,9,3.5],"texture":"#log_oak"},"east":{"uv":[7,0.5,7.5,3.5],"texture":"#log_oak"}}},{"from":[-9.6,15.08,8.845],"to":[-9.08,18.2,9.365],"faces":{"down":{"uv":[16,9.365,16,8.845],"texture":"#log_oak"},"up":{"uv":[0,8.845,0,9.365],"texture":"#log_oak"},"north":{"uv":[16,0,16,0.92],"texture":"#log_oak"},"south":{"uv":[0,0,0,0.92],"texture":"#log_oak"},"west":{"uv":[8.845,0,9.365,0.92],"texture":"#log_oak"},"east":{"uv":[6.635,0,7.155,0.92],"texture":"#log_oak"}}},{"from":[-9.6,16.12,9.04],"to":[-9.08,16.64,12.16],"rotation":{"origin":[-9.6,16.64,9.04],"axis":"x","angle":-22.5},"faces":{"down":{"uv":[12.5,8,10,7.5],"texture":"#log_oak"},"up":{"uv":[3.5,7.5,6,8],"texture":"#log_oak"},"north":{"uv":[10,1,12.5,1.5],"texture":"#log_oak"},"south":{"uv":[3.5,1,6,1.5],"texture":"#log_oak"},"west":{"uv":[7.5,1,8,1.5],"texture":"#log_oak"},"east":{"uv":[8,1,8.5,1.5],"texture":"#log_oak"}}},{"from":[-7.26,17.16,8.845],"to":[-6.74,20.28,9.365],"rotation":{"origin":[-7.26,20.28,8.845],"axis":"z","angle":-45},"faces":{"down":{"uv":[12.5,9,11.5,6.5],"texture":"#log_oak"},"up":{"uv":[3.5,6.5,4.5,9],"texture":"#log_oak"},"north":{"uv":[11.5,0.5,12.5,1],"texture":"#log_oak"},"south":{"uv":[3.5,0.5,4.5,1],"texture":"#log_oak"},"west":{"uv":[6.5,0.5,9,1],"texture":"#log_oak"},"east":{"uv":[7,0.5,9.5,1],"texture":"#log_oak"}}},{"from":[-9.6,12.48,7.025],"to":[-9.08,15.6,7.545],"rotation":{"origin":[-9.6,15.6,7.025],"axis":"z","angle":-22.5},"faces":{"down":{"uv":[16,9,16,8.5],"texture":"#log_oak"},"up":{"uv":[0,8.5,0,9],"texture":"#log_oak"},"north":{"uv":[16,0.5,16,3.5],"texture":"#log_oak"},"south":{"uv":[0,0.5,0,3.5],"texture":"#log_oak"},"west":{"uv":[8.5,0.5,9,3.5],"texture":"#log_oak"},"east":{"uv":[7,0.5,7.5,3.5],"texture":"#log_oak"}}},{"from":[-9.6,15.08,7.025],"to":[-9.08,18.2,7.545],"faces":{"down":{"uv":[16,7.545,16,7.025],"texture":"#log_oak"},"up":{"uv":[0,7.025,0,7.545],"texture":"#log_oak"},"north":{"uv":[16,0,16,0.92],"texture":"#log_oak"},"south":{"uv":[0,0,0,0.92],"texture":"#log_oak"},"west":{"uv":[7.025,0,7.545,0.92],"texture":"#log_oak"},"east":{"uv":[8.455,0,8.975,0.92],"texture":"#log_oak"}}},{"from":[-9.6,17.16,4.62],"to":[-9.08,17.68,7.74],"rotation":{"origin":[-9.6,17.68,4.62],"axis":"x","angle":22.5},"faces":{"down":{"uv":[12.5,8,10,7.5],"texture":"#log_oak"},"up":{"uv":[3.5,7.5,6,8],"texture":"#log_oak"},"north":{"uv":[10,1,12.5,1.5],"texture":"#log_oak"},"south":{"uv":[3.5,1,6,1.5],"texture":"#log_oak"},"west":{"uv":[7.5,1,8,1.5],"texture":"#log_oak"},"east":{"uv":[8,1,8.5,1.5],"texture":"#log_oak"}}},{"from":[-7.26,17.16,7.025],"to":[-6.74,20.28,7.545],"rotation":{"origin":[-7.26,20.28,7.025],"axis":"z","angle":-45},"faces":{"down":{"uv":[12.5,9,11.5,6.5],"texture":"#log_oak"},"up":{"uv":[3.5,6.5,4.5,9],"texture":"#log_oak"},"north":{"uv":[11.5,0.5,12.5,1],"texture":"#log_oak"},"south":{"uv":[3.5,0.5,4.5,1],"texture":"#log_oak"},"west":{"uv":[6.5,0.5,9,1],"texture":"#log_oak"},"east":{"uv":[7,0.5,9.5,1],"texture":"#log_oak"}}},{"from":[-10.12,14.04,9.04],"to":[-9.6,14.56,12.16],"rotation":{"origin":[-10.12,14.56,9.04],"axis":"x","angle":-22.5},"faces":{"down":{"uv":[12.5,8,10,7.5],"texture":"#log_oak"},"up":{"uv":[3.5,7.5,6,8],"texture":"#log_oak"},"north":{"uv":[10,1,12.5,1.5],"texture":"#log_oak"},"south":{"uv":[3.5,1,6,1.5],"texture":"#log_oak"},"west":{"uv":[7.5,1,8,1.5],"texture":"#log_oak"},"east":{"uv":[8,1,8.5,1.5],"texture":"#log_oak"}}},{"from":[-10.12,15.08,4.62],"to":[-9.6,15.6,7.74],"rotation":{"origin":[-10.12,15.6,4.62],"axis":"x","angle":22.5},"faces":{"down":{"uv":[12.5,8,10,7.5],"texture":"#log_oak"},"up":{"uv":[3.5,7.5,6,8],"texture":"#log_oak"},"north":{"uv":[10,1,12.5,1.5],"texture":"#log_oak"},"south":{"uv":[3.5,1,6,1.5],"texture":"#log_oak"},"west":{"uv":[7.5,1,8,1.5],"texture":"#log_oak"},"east":{"uv":[8,1,8.5,1.5],"texture":"#log_oak"}}},{"from":[-11.81,8.255,6.96],"to":[-9.73,8.775,9.56],"rotation":{"origin":[-11.81,8.775,6.96],"axis":"z","angle":22.5},"faces":{"down":{"uv":[16,8.5,16,7.5],"texture":"#hardened_clay_stained_black"},"up":{"uv":[0,7.5,0,8.5],"texture":"#hardened_clay_stained_black"},"north":{"uv":[16,10,16,10.5],"texture":"#hardened_clay_stained_black"},"south":{"uv":[0,10,0,10.5],"texture":"#hardened_clay_stained_black"},"west":{"uv":[7.5,10,8.5,10.5],"texture":"#hardened_clay_stained_black"},"east":{"uv":[7.5,10,8.5,10.5],"texture":"#hardened_clay_stained_black"}}},{"from":[-10.315,8.97,7.87],"to":[1.645,9.49,8.39],"faces":{"down":{"uv":[16,8.5,0.5,8],"texture":"#hardened_clay_stained_black"},"up":{"uv":[0,8,15.5,8.5],"texture":"#hardened_clay_stained_black"},"north":{"uv":[0.5,6.8125,16,7.3125],"texture":"#hardened_clay_stained_black"},"south":{"uv":[0,6.8125,15.5,7.3125],"texture":"#hardened_clay_stained_black"},"west":{"uv":[8,6.8125,8.5,7.3125],"texture":"#hardened_clay_stained_black"},"east":{"uv":[7.5,6.8125,8,7.3125],"texture":"#hardened_clay_stained_black"}}},{"from":[1.36875,8.98625,7.91875],"to":[9.16875,9.50625,8.43875],"rotation":{"origin":[1.36875,9.50625,7.91875],"axis":"z","angle":-22.5},"faces":{"down":{"uv":[11.5,8.5,7.5,7.5],"texture":"#hardened_clay_stained_black"},"up":{"uv":[4.5,7.5,8.5,8.5],"texture":"#hardened_clay_stained_black"},"north":{"uv":[7.5,1.5,11.5,2],"texture":"#hardened_clay_stained_black"},"south":{"uv":[4.5,1.5,8.5,2],"texture":"#hardened_clay_stained_black"},"west":{"uv":[7.5,1.5,8.5,2],"texture":"#hardened_clay_stained_black"},"east":{"uv":[7.5,1.5,8.5,2],"texture":"#hardened_clay_stained_black"}}}],"display":{"head":{"rotation":[0,-90,0],"translation":[0,80,-40],"scale":[4,4,4]}}}