{"textures":{"texture":"minemakers/gift5"},"elements":[{"from":[1,3,1],"to":[15,18,15],"faces":{"down":{"uv":[8,8,16,16],"texture":"#texture"},"up":{"uv":[0,8,8,16],"texture":"#texture"},"north":{"uv":[0,0,8,8],"texture":"#texture"},"south":{"uv":[0,0,8,8],"texture":"#texture"},"west":{"uv":[0,0,8,8],"texture":"#texture"},"east":{"uv":[0,0,8,8],"texture":"#texture"}}},{"from":[0,10.5,0],"to":[16,19,16],"faces":{"down":{"uv":[8,0,16,8],"texture":"#texture"},"up":{"uv":[0,8,8,16],"texture":"#texture"},"north":{"uv":[0,0,7.5,3],"texture":"#texture"},"south":{"uv":[0,0,7.5,3],"texture":"#texture"},"west":{"uv":[0,0,8,3],"texture":"#texture"},"east":{"uv":[0,0,8,3],"texture":"#texture"}}},{"from":[7.5,18,5.5],"to":[8.5,21,7],"rotation":{"origin":[7.5,21,5.5],"axis":"x","angle":-22.5},"faces":{"down":{"uv":[3.5,10.5,4.5,12],"texture":"#texture"},"up":{"uv":[3.5,10.5,4.5,12],"texture":"#texture"},"north":{"uv":[3.5,9.5,4.5,12.5],"texture":"#texture"},"south":{"uv":[3.5,9.5,4.5,12.5],"texture":"#texture"},"west":{"uv":[3.5,9.5,4.5,12],"texture":"#texture"},"east":{"uv":[3.5,9.5,4.5,12],"texture":"#texture"}}},{"from":[7.5,18,9.5],"to":[8.5,21.5,11],"rotation":{"origin":[7.5,21.5,9.5],"axis":"x","angle":22.5},"faces":{"down":{"uv":[3.5,9.5,4.5,11],"texture":"#texture"},"up":{"uv":[3.5,9.5,4.5,11],"texture":"#texture"},"north":{"uv":[3.5,10.5,4.5,14],"texture":"#texture"},"south":{"uv":[3.5,10.5,4.5,14],"texture":"#texture"},"west":{"uv":[3.5,9.5,4.5,11.5],"texture":"#texture"},"east":{"uv":[3.5,9.5,4.5,11.5],"texture":"#texture"}}}],"display":{"thirdperson_righthand":{"rotation":[38,0,-3],"translation":[0,0.19,-1.7],"scale":[0.7,0.7,0.7]},"ground":{"rotation":[0,0,0],"translation":[0,2,0],"scale":[1,1,1]},"firstperson_righthand":{"rotation":[-16,-1,0],"translation":[0,-1.51,-2.46],"scale":[0.7,0.7,0.7]},"head":{"rotation":[0,0,0],"translation":[0,-30,0],"scale":[1,1,1]}}}