{"textures":{"texture":"minemakers/wood","gift":"minemakers/gift","gift1":"minemakers/gift1"},"elements":[{"from":[7,-7.5,7],"to":[9,11,9],"faces":{"down":{"uv":[7,7,9,9],"texture":"#texture"},"up":{"uv":[7,7,9,9],"texture":"#texture"},"north":{"uv":[6.5,0,8.5,16],"texture":"#texture"},"south":{"uv":[6.5,0,8.5,16],"texture":"#texture"},"west":{"uv":[6.5,0.5,9,16],"texture":"#texture"},"east":{"uv":[6.5,0.5,9,16],"texture":"#texture"}}},{"from":[-1.5,12,3.5],"to":[17.5,21,12.5],"faces":{"down":{"uv":[0,8,8,16],"texture":"#gift"},"up":{"uv":[0,8,8,16],"texture":"#gift"},"north":{"uv":[0,8,8,16],"texture":"#gift"},"south":{"uv":[0,8,8,16],"texture":"#gift"},"west":{"uv":[0,8,8,16],"texture":"#gift"},"east":{"uv":[0,8,8,16],"texture":"#gift"}}},{"from":[-2,11.5,3],"to":[0,21.5,13],"faces":{"down":{"uv":[5,0,8,8],"texture":"#gift1"},"up":{"uv":[5,0,8,8],"texture":"#gift1"},"north":{"uv":[5,0,8,8],"texture":"#gift1"},"south":{"uv":[5,0,8,8],"texture":"#gift1"},"west":{"uv":[0,8,8,16],"texture":"#gift1"},"east":{"uv":[0,8,8,16],"texture":"#gift1"}}},{"from":[16,11.5,3],"to":[18,21.5,13],"faces":{"down":{"uv":[5,0,8,8],"texture":"#gift1"},"up":{"uv":[5,0,8,8],"texture":"#gift1"},"north":{"uv":[5,0,8,8],"texture":"#gift1"},"south":{"uv":[5,0,8,8],"texture":"#gift1"},"west":{"uv":[0,8,8,16],"texture":"#gift1"},"east":{"uv":[0,8,8,16],"texture":"#gift1"}}},{"from":[9.5,20,7.5],"to":[10.5,24.5,8.5],"rotation":{"origin":[9.5,24.5,7.5],"axis":"z","angle":-22.5},"faces":{"down":{"uv":[3.5,11.5,4.5,12.5],"texture":"#gift1"},"up":{"uv":[3.5,11.5,4.5,12.5],"texture":"#gift1"},"north":{"uv":[3.5,8,4.5,12.5],"texture":"#gift1"},"south":{"uv":[3.5,8,4.5,12.5],"texture":"#gift1"},"west":{"uv":[3.5,8,4.5,12.5],"texture":"#gift1"},"east":{"uv":[3.5,8,4.5,12.5],"texture":"#gift1"}}},{"from":[5.5,19.5,7.5],"to":[6.5,24,8.5],"rotation":{"origin":[5.5,24,7.5],"axis":"z","angle":22.5},"faces":{"down":{"uv":[3.5,11.5,4.5,12.5],"texture":"#gift1"},"up":{"uv":[3.5,11.5,4.5,12.5],"texture":"#gift1"},"north":{"uv":[3.5,8,4.5,12.5],"texture":"#gift1"},"south":{"uv":[3.5,8,4.5,12.5],"texture":"#gift1"},"west":{"uv":[3.5,8,4.5,12.5],"texture":"#gift1"},"east":{"uv":[3.5,8,4.5,12.5],"texture":"#gift1"}}},{"from":[6,11,6],"to":[10,12,10],"faces":{"down":{"uv":[6,6,10,10],"texture":"#texture"},"up":{"uv":[6,6,10,10],"texture":"#texture"},"north":{"uv":[6,4.5,10,5.5],"texture":"#texture"},"south":{"uv":[6,4.5,10,5.5],"texture":"#texture"},"west":{"uv":[6,4.5,10,5.5],"texture":"#texture"},"east":{"uv":[6,4.5,10,5.5],"texture":"#texture"}}}],"display":{"thirdperson_righthand":{"rotation":[3,108,1],"translation":[0,5.48,3.4],"scale":[0.8,0.8,0.8]},"firstperson_righthand":{"rotation":[-9,86,4],"translation":[-0.19,2.08,0.94],"scale":[0.5,0.5,0.5]},"gui":{"rotation":[25,15,-45],"translation":[-1.1,-1.3,0],"scale":[0.5,0.5,0.5]}}}