{"textures":{"texture":"minemakers/gift2"},"elements":[{"from":[0,0,0],"to":[16,12.5,16],"faces":{"down":{"uv":[8,8,16,16],"texture":"#texture"},"up":{"uv":[8,8,16,16],"texture":"#texture"},"north":{"uv":[0,0,8,8],"texture":"#texture"},"south":{"uv":[0,0,8,8],"texture":"#texture"},"west":{"uv":[0,0,8,8],"texture":"#texture"},"east":{"uv":[0,0,8,8],"texture":"#texture"}}},{"from":[-1,8,-1],"to":[17,13,17],"faces":{"down":{"uv":[0,8,8,16],"texture":"#texture"},"up":{"uv":[0,8,8,16],"texture":"#texture"},"north":{"uv":[0,0,8,3],"texture":"#texture"},"south":{"uv":[0,0,8,3],"texture":"#texture"},"west":{"uv":[0,0,8,3],"texture":"#texture"},"east":{"uv":[0,0,8,3],"texture":"#texture"}}}],"display":{"thirdperson_righthand":{"rotation":[30,28,-4],"translation":[0,2.83,0],"scale":[0.4,0.4,0.4]},"ground":{"rotation":[0,0,0],"translation":[0,1.13,0],"scale":[0.3,0.3,0.3]},"firstperson_righthand":{"rotation":[0,31,3],"translation":[-0.76,1.13,1.32],"scale":[0.3,0.3,0.3]},"gui":{"rotation":[45,45,0],"translation":[0,0,0],"scale":[0.5,0.5,0.5]}}}