{"textures":{"wool_colored_white":"blocks/wool_colored_white","texture":"blocks/wool_colored_red","santa":"minemakers/santa"},"elements":[{"from":[4.76,17.2,12.86],"to":[11.24,18.82,14.48],"faces":{"down":{"uv":[4,14,12,16],"texture":"#wool_colored_white","cullface":"down"},"north":{"uv":[4,14,12,16],"texture":"#wool_colored_white"},"south":{"uv":[4,14,12,16],"texture":"#wool_colored_white","cullface":"south"},"west":{"uv":[14,14,16,16],"texture":"#wool_colored_white"},"east":{"uv":[14,14,16,16],"texture":"#wool_colored_white"}}},{"from":[3.14,17.2,11.24],"to":[4.76,18.82,12.86],"faces":{"down":{"uv":[14,14,12,12],"texture":"#wool_colored_white","cullface":"down"},"north":{"uv":[12,14,14,16],"texture":"#wool_colored_white"},"south":{"uv":[2,14,4,16],"texture":"#wool_colored_white"},"west":{"uv":[12,14,14,16],"texture":"#wool_colored_white"},"east":{"uv":[2,14,4,16],"texture":"#wool_colored_white"}}},{"from":[1.52,17.2,4.76],"to":[3.14,18.82,11.24],"faces":{"down":{"uv":[16,12,14,4],"texture":"#wool_colored_white","cullface":"down"},"north":{"uv":[14,14,16,16],"texture":"#wool_colored_white"},"south":{"uv":[0,14,2,16],"texture":"#wool_colored_white"},"west":{"uv":[4,14,12,16],"texture":"#wool_colored_white","cullface":"west"},"east":{"uv":[4,14,12,16],"texture":"#wool_colored_white"}}},{"from":[3.14,17.2,3.14],"to":[4.76,18.82,4.76],"faces":{"down":{"uv":[14,4,12,2],"texture":"#wool_colored_white","cullface":"down"},"north":{"uv":[12,14,14,16],"texture":"#wool_colored_white"},"south":{"uv":[2,14,4,16],"texture":"#wool_colored_white"},"west":{"uv":[2,14,4,16],"texture":"#wool_colored_white"},"east":{"uv":[12,14,14,16],"texture":"#wool_colored_white"}}},{"from":[4.76,17.2,1.52],"to":[11.24,18.82,3.14],"faces":{"down":{"uv":[12,2,4,0],"texture":"#wool_colored_white","cullface":"down"},"north":{"uv":[4,14,12,16],"texture":"#wool_colored_white","cullface":"north"},"south":{"uv":[4,14,12,16],"texture":"#wool_colored_white"},"west":{"uv":[0,14,2,16],"texture":"#wool_colored_white"},"east":{"uv":[14,14,16,16],"texture":"#wool_colored_white"}}},{"from":[11.24,17.2,3.14],"to":[12.86,18.82,4.76],"faces":{"down":{"uv":[4,4,2,2],"texture":"#wool_colored_white","cullface":"down"},"north":{"uv":[2,14,4,16],"texture":"#wool_colored_white"},"south":{"uv":[12,14,14,16],"texture":"#wool_colored_white"},"west":{"uv":[2,14,4,16],"texture":"#wool_colored_white"},"east":{"uv":[12,14,14,16],"texture":"#wool_colored_white"}}},{"from":[12.86,17.2,4.76],"to":[14.48,18.82,11.24],"faces":{"down":{"uv":[2,12,0,4],"texture":"#wool_colored_white","cullface":"down"},"north":{"uv":[0,14,2,16],"texture":"#wool_colored_white"},"south":{"uv":[14,14,16,16],"texture":"#wool_colored_white"},"west":{"uv":[4,14,12,16],"texture":"#wool_colored_white"},"east":{"uv":[4,14,12,16],"texture":"#wool_colored_white","cullface":"east"}}},{"from":[11.24,17.2,11.24],"to":[12.86,18.82,12.86],"faces":{"down":{"uv":[4,14,2,12],"texture":"#wool_colored_white","cullface":"down"},"north":{"uv":[2,14,4,16],"texture":"#wool_colored_white"},"south":{"uv":[12,14,14,16],"texture":"#wool_colored_white"},"west":{"uv":[12,14,14,16],"texture":"#wool_colored_white"},"east":{"uv":[2,14,4,16],"texture":"#wool_colored_white"}}},{"from":[4.76,18.82,12.86],"to":[11.24,22.06,14.48],"faces":{"up":{"uv":[4,14,12,16],"texture":"#texture"},"north":{"uv":[4,10,12,14],"texture":"#texture"},"south":{"uv":[4,10,12,14],"texture":"#texture","cullface":"south"},"west":{"uv":[14,10,16,14],"texture":"#texture"},"east":{"uv":[0,10,2,14],"texture":"#texture"}}},{"from":[3.14,18.82,11.24],"to":[4.76,22.06,12.86],"faces":{"up":{"uv":[2,12,4,14],"texture":"#texture"},"north":{"uv":[12,10,14,14],"texture":"#texture"},"south":{"uv":[2,10,4,14],"texture":"#texture"},"west":{"uv":[12,10,14,14],"texture":"#texture"},"east":{"uv":[2,10,4,14],"texture":"#texture"}}},{"from":[1.52,18.82,4.76],"to":[3.14,22.06,11.24],"faces":{"up":{"uv":[0,4,2,12],"texture":"#texture"},"north":{"uv":[0,10,2,14],"texture":"#texture"},"south":{"uv":[0,10,2,14],"texture":"#texture"},"west":{"uv":[4,10,12,14],"texture":"#texture","cullface":"west"},"east":{"uv":[4,10,12,14],"texture":"#texture"}}},{"from":[3.14,18.82,3.14],"to":[4.76,22.06,4.76],"faces":{"up":{"uv":[2,2,4,4],"texture":"#texture"},"north":{"uv":[12,10,14,14],"texture":"#texture"},"south":{"uv":[2,10,4,14],"texture":"#texture"},"west":{"uv":[2,10,4,14],"texture":"#texture"},"east":{"uv":[12,10,14,14],"texture":"#texture"}}},{"from":[4.76,18.82,1.52],"to":[11.24,22.06,3.14],"faces":{"up":{"uv":[4,0,12,2],"texture":"#texture"},"north":{"uv":[4,10,12,14],"texture":"#texture","cullface":"north"},"south":{"uv":[4,10,12,14],"texture":"#texture"},"west":{"uv":[0,10,2,14],"texture":"#texture"},"east":{"uv":[14,10,16,14],"texture":"#texture"}}},{"from":[11.24,18.82,3.14],"to":[12.86,22.06,4.76],"faces":{"up":{"uv":[12,2,14,4],"texture":"#texture"},"north":{"uv":[2,10,4,14],"texture":"#texture"},"south":{"uv":[12,10,14,14],"texture":"#texture"},"west":{"uv":[2,10,4,14],"texture":"#texture"},"east":{"uv":[12,10,14,14],"texture":"#texture"}}},{"from":[12.86,18.82,4.76],"to":[14.48,22.06,11.24],"faces":{"up":{"uv":[14,4,16,12],"texture":"#texture"},"north":{"uv":[14,10,16,14],"texture":"#texture"},"south":{"uv":[14,10,16,14],"texture":"#texture"},"west":{"uv":[4,10,12,14],"texture":"#texture"},"east":{"uv":[4,10,12,14],"texture":"#texture","cullface":"east"}}},{"from":[11.24,18.82,11.24],"to":[12.86,22.06,12.86],"faces":{"up":{"uv":[12,12,14,14],"texture":"#texture"},"north":{"uv":[2,10,4,14],"texture":"#texture"},"south":{"uv":[12,10,14,14],"texture":"#texture"},"west":{"uv":[12,10,14,14],"texture":"#texture"},"east":{"uv":[2,10,4,14],"texture":"#texture"}}},{"from":[4.76,22.06,11.24],"to":[11.24,24.085,12.86],"faces":{"down":{"uv":[12,14,4,12],"texture":"#texture"},"up":{"uv":[4,12,12,14],"texture":"#texture"},"north":{"uv":[4,6,12,10],"texture":"#texture"},"south":{"uv":[4,6,12,10],"texture":"#texture"},"west":{"uv":[12,6,14,10],"texture":"#texture"},"east":{"uv":[2,6,4,10],"texture":"#texture"}}},{"from":[3.14,22.06,4.76],"to":[4.76,24.085,11.24],"faces":{"down":{"uv":[14,12,12,4],"texture":"#texture"},"up":{"uv":[2,4,4,12],"texture":"#texture"},"north":{"uv":[12,6,14,10],"texture":"#texture"},"south":{"uv":[2,6,4,10],"texture":"#texture"},"west":{"uv":[4,6,12,10],"texture":"#texture"},"east":{"uv":[4,6,12,10],"texture":"#texture"}}},{"from":[4.76,22.06,3.14],"to":[11.24,24.085,4.76],"faces":{"down":{"uv":[12,4,4,2],"texture":"#texture"},"up":{"uv":[4,2,12,4],"texture":"#texture"},"north":{"uv":[4,6,12,10],"texture":"#texture"},"south":{"uv":[4,6,12,10],"texture":"#texture"},"west":{"uv":[2,6,4,10],"texture":"#texture"},"east":{"uv":[12,6,14,10],"texture":"#texture"}}},{"from":[11.24,22.06,4.76],"to":[12.86,24.085,11.24],"faces":{"down":{"uv":[4,12,2,4],"texture":"#texture"},"up":{"uv":[12,4,14,12],"texture":"#texture"},"north":{"uv":[2,6,4,10],"texture":"#texture"},"south":{"uv":[12,6,14,10],"texture":"#texture"},"west":{"uv":[4,6,12,10],"texture":"#texture"},"east":{"uv":[4,6,12,10],"texture":"#texture"}}},{"from":[4.76,24.085,4.76],"to":[11.24,25.3,11.24],"faces":{"down":{"uv":[12,12,4,4],"texture":"#texture"},"up":{"uv":[4,4,12,12],"texture":"#texture"},"north":{"uv":[4,4,12,6],"texture":"#texture"},"south":{"uv":[4,4,12,6],"texture":"#texture"},"west":{"uv":[4,4,12,6],"texture":"#texture"},"east":{"uv":[4,4,12,6],"texture":"#texture"}}},{"from":[5.975,25.3,5.57],"to":[10.025,26.11,9.62],"faces":{"up":{"uv":[4,6,12,10],"texture":"#texture"},"north":{"uv":[4,2,12,4],"texture":"#texture"},"south":{"uv":[4,2,12,4],"texture":"#texture"},"west":{"uv":[6,2,10,4],"texture":"#texture"},"east":{"uv":[6,2,10,4],"texture":"#texture"}}},{"from":[6.38,25.3,0.71],"to":[9.62,26.92,5.57],"faces":{"up":{"uv":[6,10,10,12],"texture":"#texture","cullface":"north"},"north":{"uv":[6,0,10,2],"texture":"#texture","cullface":"north"},"south":{"uv":[6,2,10,4],"texture":"#texture","cullface":"north"},"west":{"uv":[10,2,12,4],"texture":"#texture","cullface":"north"},"east":{"uv":[4,2,6,4],"texture":"#texture","cullface":"north"}}},{"from":[6.38,24.085,-0.91],"to":[9.62,25.3,4.76],"faces":{"down":{"uv":[6,0,10,10],"texture":"#texture","cullface":"north"},"up":{"uv":[6,0,10,12],"texture":"#texture","cullface":"north"},"north":{"uv":[6,0,10,2],"texture":"#texture","cullface":"north"},"west":{"uv":[0,0,12,2],"texture":"#texture","cullface":"north"},"east":{"uv":[0,0,12,2],"texture":"#texture","cullface":"north"}}},{"from":[6.38,25.3,-0.1],"to":[9.62,26.11,0.71],"faces":{"up":{"uv":[6,2,10,8],"texture":"#texture","cullface":"north"},"north":{"uv":[6,0,10,2],"texture":"#texture","cullface":"north"},"west":{"uv":[2,0,8,2],"texture":"#texture","cullface":"north"},"east":{"uv":[2,0,8,2],"texture":"#texture","cullface":"north"}}},{"from":[5.57,20.845,-2.935],"to":[10.43,25.705,1.925],"faces":{"down":{"uv":[0,0,16,16],"texture":"#wool_colored_white","cullface":"north"},"up":{"uv":[0,0,16,16],"texture":"#wool_colored_white","cullface":"north"},"north":{"uv":[0,0,16,16],"texture":"#wool_colored_white","cullface":"north"},"south":{"uv":[0,0,16,16],"texture":"#wool_colored_white","cullface":"north"},"west":{"uv":[0,0,16,16],"texture":"#wool_colored_white","cullface":"north"},"east":{"uv":[0,0,16,16],"texture":"#wool_colored_white","cullface":"north"}}},{"from":[8,0,10],"to":[12,4,16],"faces":{"down":{"uv":[2,4,3,5],"texture":"#santa"},"up":{"uv":[1,4,2,5],"texture":"#santa"},"north":{"uv":[3,5,4,6.5],"texture":"#santa"},"south":{"uv":[1,5,2,6.5],"texture":"#santa"},"west":{"uv":[0,5,1,6.5],"texture":"#santa"},"east":{"uv":[2,5,3,6.5],"texture":"#santa"}}},{"from":[8,-6,12],"to":[12,0,16],"faces":{"down":{"uv":[2,4,3,5],"texture":"#santa"},"up":{"uv":[1,4,2,5],"texture":"#santa"},"north":{"uv":[3,6.5,4,8],"texture":"#santa"},"south":{"uv":[1,6.5,2,8],"texture":"#santa"},"west":{"uv":[0,6.5,1,8],"texture":"#santa"},"east":{"uv":[2,6.5,3,8],"texture":"#santa"}}},{"from":[4,0,6],"to":[12,12,10],"faces":{"down":{"uv":[7.5,4,9.5,5],"texture":"#santa"},"up":{"uv":[5,4,7,5],"texture":"#santa"},"north":{"uv":[8,5,10,8],"texture":"#santa"},"south":{"uv":[5,5,7,8],"texture":"#santa"},"west":{"uv":[4,5,5,8],"texture":"#santa"},"east":{"uv":[7,5,8,8],"texture":"#santa"}}},{"from":[12,-0.5,5.6875],"to":[16,5.5,9.6875],"rotation":{"origin":[12,5.5,5.6875],"axis":"x","angle":-45},"faces":{"down":{"uv":[12,4,13,5],"texture":"#santa"},"up":{"uv":[11,4,12,5],"texture":"#santa"},"north":{"uv":[13,6.5,14,8],"texture":"#santa"},"south":{"uv":[11,6.5,12,8],"texture":"#santa"},"west":{"uv":[10,6.5,11,8],"texture":"#santa"},"east":{"uv":[12,6.5,13,8],"texture":"#santa"}}},{"from":[0,6,6],"to":[4,12,10],"rotation":{"origin":[0,12,6],"axis":"x","angle":22.5},"faces":{"down":{"uv":[12,4,13,5],"texture":"#santa"},"up":{"uv":[11,4,12,5],"texture":"#santa"},"north":{"uv":[13,5,14,6.5],"texture":"#santa"},"south":{"uv":[13,5,14,6.5],"texture":"#santa"},"west":{"uv":[10,5,11,6.5],"texture":"#santa"},"east":{"uv":[12,5,13,6.5],"texture":"#santa"}}},{"from":[4,12,4],"to":[12,20,12],"faces":{"down":{"uv":[4,0,6,2],"texture":"#santa"},"up":{"uv":[2,0,4,2],"texture":"#santa"},"north":{"uv":[6,2,8,4],"texture":"#santa"},"south":{"uv":[2,2,4,4],"texture":"#santa"},"west":{"uv":[0,2,2,4],"texture":"#santa"},"east":{"uv":[5,2,7,4],"texture":"#santa"}}},{"from":[4,0,10],"to":[8,4,16],"faces":{"down":{"uv":[2,4,3,5],"texture":"#santa"},"up":{"uv":[1,4,2,5],"texture":"#santa"},"north":{"uv":[3,5,4,6.5],"texture":"#santa"},"south":{"uv":[1,5,2,6.5],"texture":"#santa"},"west":{"uv":[0,5,1,6.5],"texture":"#santa"},"east":{"uv":[2,5,3,6.5],"texture":"#santa"}}},{"from":[4,-6,12],"to":[8,0,16],"faces":{"down":{"uv":[2,4,3,5],"texture":"#santa"},"up":{"uv":[1,4,2,5],"texture":"#santa"},"north":{"uv":[3,6.5,4,8],"texture":"#santa"},"south":{"uv":[1,6.5,2,8],"texture":"#santa"},"west":{"uv":[0,6.5,1,8],"texture":"#santa"},"east":{"uv":[2,6.5,3,8],"texture":"#santa"}}},{"from":[0,0,6],"to":[4,6,10],"rotation":{"origin":[0,6,6],"axis":"x","angle":-45},"faces":{"down":{"uv":[12,4,13,5],"texture":"#santa"},"up":{"uv":[11,4,12,5],"texture":"#santa"},"north":{"uv":[13,6.5,14,8],"texture":"#santa"},"south":{"uv":[11,6.5,12,8],"texture":"#santa"},"west":{"uv":[10,6.5,11,8],"texture":"#santa"},"east":{"uv":[12,6.5,13,8],"texture":"#santa"}}},{"from":[12,6,6],"to":[16,12,10],"rotation":{"origin":[12,12,6],"axis":"x","angle":22.5},"faces":{"down":{"uv":[12,4,13,5],"texture":"#santa"},"up":{"uv":[11,4,12,5],"texture":"#santa"},"north":{"uv":[13,5,14,6.5],"texture":"#santa"},"south":{"uv":[13,5,14,6.5],"texture":"#santa"},"west":{"uv":[10,5,11,6.5],"texture":"#santa"},"east":{"uv":[12,5,13,6.5],"texture":"#santa"}}}],"display":{"head":{"rotation":[0,180,0],"translation":[0,-19.84,0],"scale":[1.7,1.7,1.7]},"thirdperson_righthand":{"rotation":[0,0,0],"translation":[0,0,0],"scale":[0,0,0]},"firstperson_righthand":{"rotation":[0,0,0],"translation":[0,0,0],"scale":[0,0,0]},"gui":{"rotation":[0,0,0],"translation":[0,0,0],"scale":[0,0,0]}}}