{"textures":{"main":"minemakers/animated_penguin"},"elements":[{"from":[8,-5.5,-5],"to":[12,-1.5,7],"faces":{"down":{"uv":[0.5,2.5,1,4],"texture":"#main"},"up":{"uv":[1.5,2.5,2,4],"rotation":180,"texture":"#main"},"north":{"uv":[1,2,1.5,2.5],"rotation":180,"texture":"#main"},"south":{"uv":[0.5,2,1,2.5],"texture":"#main"},"west":{"uv":[0,2.5,0.5,4],"rotation":90,"texture":"#main"},"east":{"uv":[1,2.5,1.5,4],"rotation":270,"texture":"#main"}}},{"from":[4,-5.5,-5],"to":[8,-1.5,7],"faces":{"down":{"uv":[0.5,2.5,1,4],"texture":"#main"},"up":{"uv":[1.5,2.5,2,4],"rotation":180,"texture":"#main"},"north":{"uv":[1,2,1.5,2.5],"rotation":180,"texture":"#main"},"south":{"uv":[0.5,2,1,2.5],"texture":"#main"},"west":{"uv":[0,2.5,0.5,4],"rotation":90,"texture":"#main"},"east":{"uv":[1,2.5,1.5,4],"rotation":270,"texture":"#main"}}},{"from":[4,-5.5,7],"to":[12,-1.5,19],"faces":{"down":{"uv":[2.5,2.5,3.5,4],"texture":"#main"},"up":{"uv":[4,2.5,5,4],"rotation":180,"texture":"#main"},"north":{"uv":[3.75,2,4.75,2.5],"rotation":180,"texture":"#main"},"south":{"uv":[2.5,2,3.5,2.5],"texture":"#main"},"west":{"uv":[2,2.5,2.5,4],"rotation":90,"texture":"#main"},"east":{"uv":[3.5,2.5,4,4],"rotation":270,"texture":"#main"}}},{"from":[-8,-5,11],"to":[4,-1,15],"faces":{"down":{"uv":[5.5,2.5,6,4],"texture":"#main"},"up":{"uv":[6.5,2.5,7,4],"rotation":180,"texture":"#main"},"north":{"uv":[6,2,6.5,2.5],"rotation":180,"texture":"#main"},"south":{"uv":[5.5,2,6,2.5],"texture":"#main"},"west":{"uv":[5,2.5,5.5,4],"rotation":90,"texture":"#main"},"east":{"uv":[6,2.5,6.5,4],"rotation":270,"texture":"#main"}}},{"from":[4,-8,14],"to":[12,0,22],"rotation":{"origin":[4,0,14],"axis":"x","angle":-45},"faces":{"down":{"uv":[1,1,2,2],"texture":"#main"},"up":{"uv":[3,1,4,2],"rotation":180,"texture":"#main"},"north":{"uv":[2,0,3,1],"rotation":180,"texture":"#main"},"south":{"uv":[1,0,2,1],"texture":"#main"},"west":{"uv":[0,1,1,2],"rotation":90,"texture":"#main"},"east":{"uv":[2.5,1,3.5,2],"rotation":270,"texture":"#main"}}},{"from":[12,-5,11],"to":[24,-1,15],"faces":{"down":{"uv":[5.5,2.5,6,4],"texture":"#main"},"up":{"uv":[6.5,2.5,7,4],"rotation":180,"texture":"#main"},"north":{"uv":[6,2,6.5,2.5],"rotation":180,"texture":"#main"},"south":{"uv":[5.5,2,6,2.5],"texture":"#main"},"west":{"uv":[5,2.5,5.5,4],"rotation":90,"texture":"#main"},"east":{"uv":[6,2.5,6.5,4],"rotation":270,"texture":"#main"}}},{"from":[12.5,-5.5,-3.5],"to":[16.5,-1.5,8.5],"rotation":{"origin":[12.5,-5.5,-3.5],"axis":"y","angle":-22.5},"faces":{"down":{"uv":[8.5,2.5,9,4],"texture":"#main"},"up":{"uv":[9.5,2.5,10,4],"rotation":180,"texture":"#main"},"north":{"uv":[9,2,9.5,2.5],"rotation":180,"texture":"#main"},"south":{"uv":[8.5,2,9,2.5],"texture":"#main"},"west":{"uv":[8,2.5,8.5,4],"rotation":90,"texture":"#main"},"east":{"uv":[9,2.5,9.5,4],"rotation":270,"texture":"#main"}}},{"from":[-0.5,-5.5,-2],"to":[3.5,-1.5,10],"rotation":{"origin":[-0.5,-5.5,-2],"axis":"y","angle":22.5},"faces":{"down":{"uv":[8.5,2.5,9,4],"texture":"#main"},"up":{"uv":[9.5,2.5,10,4],"rotation":180,"texture":"#main"},"north":{"uv":[9,2,9.5,2.5],"rotation":180,"texture":"#main"},"south":{"uv":[8.5,2,9,2.5],"texture":"#main"},"west":{"uv":[8,2.5,8.5,4],"rotation":90,"texture":"#main"},"east":{"uv":[9,2.5,9.5,4],"rotation":270,"texture":"#main"}}},{"from":[4,-5.5,7],"to":[12,-1.5,19],"faces":{"down":{"uv":[10.5,2.5,11.5,4],"texture":"#main"},"up":{"uv":[12,2.5,13,4],"rotation":180,"texture":"#main"},"north":{"uv":[11.75,2,12.75,2.5],"rotation":180,"texture":"#main"},"south":{"uv":[10.5,2,11.5,2.5],"texture":"#main"},"west":{"uv":[10,2.5,10.5,4],"rotation":90,"texture":"#main"},"east":{"uv":[11.5,2.5,12,4],"rotation":270,"texture":"#main"}}},{"from":[-5,-5.5,6.5],"to":[7,-1.5,10.5],"rotation":{"origin":[-5,-5.5,6.5],"axis":"y","angle":-22.5},"faces":{"down":{"uv":[13.5,2.5,14,4],"texture":"#main"},"up":{"uv":[14.5,2.5,15,4],"rotation":180,"texture":"#main"},"north":{"uv":[14,2,14.5,2.5],"rotation":180,"texture":"#main"},"south":{"uv":[13.5,2,14,2.5],"texture":"#main"},"west":{"uv":[13,2.5,13.5,4],"rotation":90,"texture":"#main"},"east":{"uv":[14,2.5,14.5,4],"rotation":270,"texture":"#main"}}},{"from":[4,-8,14],"to":[12,0,22],"rotation":{"origin":[4,0,14],"axis":"x","angle":-45},"faces":{"down":{"uv":[9,1,10,2],"texture":"#main"},"up":{"uv":[11,1,12,2],"rotation":180,"texture":"#main"},"north":{"uv":[10,0,11,1],"rotation":180,"texture":"#main"},"south":{"uv":[9,0,10,1],"texture":"#main"},"west":{"uv":[8,1,9,2],"rotation":90,"texture":"#main"},"east":{"uv":[10.5,1,11.5,2],"rotation":270,"texture":"#main"}}},{"from":[10.5,-5.5,11.5],"to":[22.5,-1.5,15.5],"rotation":{"origin":[10.5,-5.5,11.5],"axis":"y","angle":22.5},"faces":{"down":{"uv":[13.5,2.5,14,4],"texture":"#main"},"up":{"uv":[14.5,2.5,15,4],"rotation":180,"texture":"#main"},"north":{"uv":[14,2,14.5,2.5],"rotation":180,"texture":"#main"},"south":{"uv":[13.5,2,14,2.5],"texture":"#main"},"west":{"uv":[13,2.5,13.5,4],"rotation":90,"texture":"#main"},"east":{"uv":[14,2.5,14.5,4],"rotation":270,"texture":"#main"}}},{"from":[15.5,-5.5,-1.5],"to":[19.5,-1.5,10.5],"rotation":{"origin":[15.5,-5.5,-1.5],"axis":"y","angle":-45},"faces":{"down":{"uv":[0.5,10.5,1,12],"texture":"#main"},"up":{"uv":[1.5,10.5,2,12],"rotation":180,"texture":"#main"},"north":{"uv":[1,10,1.5,10.5],"rotation":180,"texture":"#main"},"south":{"uv":[0.5,10,1,10.5],"texture":"#main"},"west":{"uv":[0,10.5,0.5,12],"rotation":90,"texture":"#main"},"east":{"uv":[1,10.5,1.5,12],"rotation":270,"texture":"#main"}}},{"from":[-2.5,-5.5,1],"to":[1.5,-1.5,13],"rotation":{"origin":[-2.5,-5.5,1],"axis":"y","angle":45},"faces":{"down":{"uv":[0.5,10.5,1,12],"texture":"#main"},"up":{"uv":[1.5,10.5,2,12],"rotation":180,"texture":"#main"},"north":{"uv":[1,10,1.5,10.5],"rotation":180,"texture":"#main"},"south":{"uv":[0.5,10,1,10.5],"texture":"#main"},"west":{"uv":[0,10.5,0.5,12],"rotation":90,"texture":"#main"},"east":{"uv":[1,10.5,1.5,12],"rotation":270,"texture":"#main"}}},{"from":[4,-5.5,7],"to":[12,-1.5,19],"faces":{"down":{"uv":[2.5,10.5,3.5,12],"texture":"#main"},"up":{"uv":[4,10.5,5,12],"rotation":180,"texture":"#main"},"north":{"uv":[3.75,10,4.75,10.5],"rotation":180,"texture":"#main"},"south":{"uv":[2.5,10,3.5,10.5],"texture":"#main"},"west":{"uv":[2,10.5,2.5,12],"rotation":90,"texture":"#main"},"east":{"uv":[3.5,10.5,4,12],"rotation":270,"texture":"#main"}}},{"from":[0,-5.5,6.5],"to":[4,-1.5,18.5],"faces":{"down":{"uv":[5.5,10.5,6,12],"texture":"#main"},"up":{"uv":[6.5,10.5,7,12],"rotation":180,"texture":"#main"},"north":{"uv":[6,10,6.5,10.5],"rotation":180,"texture":"#main"},"south":{"uv":[5.5,10,6,10.5],"texture":"#main"},"west":{"uv":[5,10.5,5.5,12],"rotation":90,"texture":"#main"},"east":{"uv":[6,10.5,6.5,12],"rotation":270,"texture":"#main"}}},{"from":[4,-8,14],"to":[12,0,22],"rotation":{"origin":[4,0,14],"axis":"x","angle":-45},"faces":{"down":{"uv":[1,9,2,10],"texture":"#main"},"up":{"uv":[3,9,4,10],"rotation":180,"texture":"#main"},"north":{"uv":[2,8,3,9],"rotation":180,"texture":"#main"},"south":{"uv":[1,8,2,9],"texture":"#main"},"west":{"uv":[0,9,1,10],"rotation":90,"texture":"#main"},"east":{"uv":[2.5,9,3.5,10],"rotation":270,"texture":"#main"}}},{"from":[12,-5.5,6.5],"to":[16,-1.5,18.5],"faces":{"down":{"uv":[5.5,10.5,6,12],"texture":"#main"},"up":{"uv":[6.5,10.5,7,12],"rotation":180,"texture":"#main"},"north":{"uv":[6,10,6.5,10.5],"rotation":180,"texture":"#main"},"south":{"uv":[5.5,10,6,10.5],"texture":"#main"},"west":{"uv":[5,10.5,5.5,12],"rotation":90,"texture":"#main"},"east":{"uv":[6,10.5,6.5,12],"rotation":270,"texture":"#main"}}}],"display":{"head":{"rotation":[0,180,0],"translation":[0,-17,0],"scale":[2,2,2]},"thirdperson_righthand":{"rotation":[0,0,0],"translation":[0,0,0],"scale":[0,0,0]},"firstperson_righthand":{"rotation":[0,0,0],"translation":[0,0,0],"scale":[0,0,0]},"gui":{"rotation":[0,0,0],"translation":[0,0,0],"scale":[0,0,0]}}}