{"textures":{"texture":"minemakers/reindeer","log_oak":"blocks/log_oak"},"elements":[{"from":[0,-8,0],"to":[16,8,16],"faces":{"down":{"uv":[4,0,6,2],"rotation":180,"texture":"#texture"},"up":{"uv":[2,0,4,2],"rotation":180,"texture":"#texture"},"north":{"uv":[2,2,4,4],"texture":"#texture"},"south":{"uv":[6,2,8,4],"texture":"#texture"},"west":{"uv":[4,2,6,4],"texture":"#texture"},"east":{"uv":[0,2,2,4],"texture":"#texture"}}},{"from":[-0.5,-4,3.5],"to":[16.5,13,20.5],"faces":{"down":{"uv":[10.5,4.5,13.5,7],"texture":"#texture"},"up":{"uv":[7.5,12,10.5,15],"texture":"#texture"},"north":{"uv":[10,9,12,11],"texture":"#texture"},"south":{"uv":[8,8,10,10],"texture":"#texture"},"west":{"uv":[12,1.5,14.5,4],"texture":"#texture"},"east":{"uv":[8,1.5,10.5,4],"texture":"#texture"}}},{"from":[11,7.5,11],"to":[13,15,13],"rotation":{"origin":[11,15,11],"axis":"x","angle":-45},"faces":{"down":{"uv":[3.5,6.5,1.5,4.5],"texture":"#log_oak"},"up":{"uv":[12.5,4.5,14.5,6.5],"texture":"#log_oak"},"north":{"uv":[1.5,0,3.5,8],"texture":"#log_oak"},"south":{"uv":[12.5,0,14.5,8],"texture":"#log_oak"},"west":{"uv":[4.5,0,6.5,8],"texture":"#log_oak"},"east":{"uv":[9.5,0,11.5,8],"texture":"#log_oak"}}},{"from":[11,1,19.5],"to":[13,20,21],"rotation":{"origin":[11,20,19.5],"axis":"x","angle":45},"faces":{"down":{"uv":[3.5,6.5,1.5,4.5],"texture":"#log_oak"},"up":{"uv":[12.5,4.5,14.5,6.5],"texture":"#log_oak"},"north":{"uv":[1.5,0,3.5,8],"texture":"#log_oak"},"south":{"uv":[12.5,0,14.5,8],"texture":"#log_oak"},"west":{"uv":[4.5,0,6.5,8],"texture":"#log_oak"},"east":{"uv":[9.5,0,11.5,8],"texture":"#log_oak"}}},{"from":[-7,20.5,17],"to":[-5,27.5,19],"rotation":{"origin":[-7,27.5,17],"axis":"z","angle":22.5},"faces":{"down":{"uv":[3.5,6.5,1.5,4.5],"texture":"#log_oak"},"up":{"uv":[12.5,4.5,14.5,6.5],"texture":"#log_oak"},"north":{"uv":[1.5,0,3.5,8],"texture":"#log_oak"},"south":{"uv":[12.5,0,14.5,8],"texture":"#log_oak"},"west":{"uv":[4.5,0,6.5,8],"texture":"#log_oak"},"east":{"uv":[9.5,0,11.5,8],"texture":"#log_oak"}}},{"from":[11,6.5,4],"to":[13,14,6],"rotation":{"origin":[11,14,4],"axis":"x","angle":-45},"faces":{"down":{"uv":[3.5,6.5,1.5,4.5],"texture":"#log_oak"},"up":{"uv":[12.5,4.5,14.5,6.5],"texture":"#log_oak"},"north":{"uv":[1.5,0,3.5,8],"texture":"#log_oak"},"south":{"uv":[12.5,0,14.5,8],"texture":"#log_oak"},"west":{"uv":[4.5,0,6.5,8],"texture":"#log_oak"},"east":{"uv":[9.5,0,11.5,8],"texture":"#log_oak"}}},{"from":[3,7.5,11],"to":[5,15,13],"rotation":{"origin":[3,15,11],"axis":"x","angle":-45},"faces":{"down":{"uv":[3.5,6.5,1.5,4.5],"texture":"#log_oak"},"up":{"uv":[12.5,4.5,14.5,6.5],"texture":"#log_oak"},"north":{"uv":[1.5,0,3.5,8],"texture":"#log_oak"},"south":{"uv":[12.5,0,14.5,8],"texture":"#log_oak"},"west":{"uv":[4.5,0,6.5,8],"texture":"#log_oak"},"east":{"uv":[9.5,0,11.5,8],"texture":"#log_oak"}}},{"from":[3,1,19.5],"to":[5,20,21],"rotation":{"origin":[3,20,19.5],"axis":"x","angle":45},"faces":{"down":{"uv":[3.5,6.5,1.5,4.5],"texture":"#log_oak"},"up":{"uv":[12.5,4.5,14.5,6.5],"texture":"#log_oak"},"north":{"uv":[1.5,0,3.5,8],"texture":"#log_oak"},"south":{"uv":[12.5,0,14.5,8],"texture":"#log_oak"},"west":{"uv":[4.5,0,6.5,8],"texture":"#log_oak"},"east":{"uv":[9.5,0,11.5,8],"texture":"#log_oak"}}},{"from":[-4.5,21.5,17],"to":[5.5,23.5,19],"rotation":{"origin":[-4.5,23.5,17],"axis":"z","angle":-22.5},"faces":{"down":{"uv":[3.5,6.5,1.5,4.5],"texture":"#log_oak"},"up":{"uv":[12.5,4.5,14.5,6.5],"texture":"#log_oak"},"north":{"uv":[1.5,0,3.5,8],"texture":"#log_oak"},"south":{"uv":[12.5,0,14.5,8],"texture":"#log_oak"},"west":{"uv":[4.5,0,6.5,8],"texture":"#log_oak"},"east":{"uv":[9.5,0,11.5,8],"texture":"#log_oak"}}},{"from":[17,12,13],"to":[19,19,15],"rotation":{"origin":[17,19,13],"axis":"z","angle":-45},"faces":{"down":{"uv":[3.5,6.5,1.5,4.5],"texture":"#log_oak"},"up":{"uv":[12.5,4.5,14.5,6.5],"texture":"#log_oak"},"north":{"uv":[1.5,0,3.5,8],"texture":"#log_oak"},"south":{"uv":[12.5,0,14.5,8],"texture":"#log_oak"},"west":{"uv":[4.5,0,6.5,8],"texture":"#log_oak"},"east":{"uv":[9.5,0,11.5,8],"texture":"#log_oak"}}},{"from":[11,17.5,17],"to":[21,19.5,19],"rotation":{"origin":[11,19.5,17],"axis":"z","angle":22.5},"faces":{"down":{"uv":[3.5,6.5,1.5,4.5],"texture":"#log_oak"},"up":{"uv":[12.5,4.5,14.5,6.5],"texture":"#log_oak"},"north":{"uv":[1.5,0,3.5,8],"texture":"#log_oak"},"south":{"uv":[12.5,0,14.5,8],"texture":"#log_oak"},"west":{"uv":[4.5,0,6.5,8],"texture":"#log_oak"},"east":{"uv":[9.5,0,11.5,8],"texture":"#log_oak"}}},{"from":[21.5,21.5,17],"to":[23.5,28.5,19],"rotation":{"origin":[21.5,28.5,17],"axis":"z","angle":-22.5},"faces":{"down":{"uv":[3.5,6.5,1.5,4.5],"texture":"#log_oak"},"up":{"uv":[12.5,4.5,14.5,6.5],"texture":"#log_oak"},"north":{"uv":[1.5,0,3.5,8],"texture":"#log_oak"},"south":{"uv":[12.5,0,14.5,8],"texture":"#log_oak"},"west":{"uv":[4.5,0,6.5,8],"texture":"#log_oak"},"east":{"uv":[9.5,0,11.5,8],"texture":"#log_oak"}}},{"from":[3,6.5,4],"to":[5,14,6],"rotation":{"origin":[3,14,4],"axis":"x","angle":-45},"faces":{"down":{"uv":[3.5,6.5,1.5,4.5],"texture":"#log_oak"},"up":{"uv":[12.5,4.5,14.5,6.5],"texture":"#log_oak"},"north":{"uv":[1.5,0,3.5,8],"texture":"#log_oak"},"south":{"uv":[12.5,0,14.5,8],"texture":"#log_oak"},"west":{"uv":[4.5,0,6.5,8],"texture":"#log_oak"},"east":{"uv":[9.5,0,11.5,8],"texture":"#log_oak"}}},{"from":[-2,10.5,13],"to":[0,17.5,15],"rotation":{"origin":[-2,17.5,13],"axis":"z","angle":45},"faces":{"down":{"uv":[3.5,6.5,1.5,4.5],"texture":"#log_oak"},"up":{"uv":[12.5,4.5,14.5,6.5],"texture":"#log_oak"},"north":{"uv":[1.5,0,3.5,8],"texture":"#log_oak"},"south":{"uv":[12.5,0,14.5,8],"texture":"#log_oak"},"west":{"uv":[4.5,0,6.5,8],"texture":"#log_oak"},"east":{"uv":[9.5,0,11.5,8],"texture":"#log_oak"}}}],"display":{"head":{"rotation":[0,0,0],"translation":[0,8,0],"scale":[1,1,1]},"gui":{"rotation":[0,0,0],"translation":[0,0,0],"scale":[0,0,0]}}}