{"textures":{"texture":"minemakers/wood"},"elements":[{"from":[8.5,0.9375,7.5],"to":[9.5,8.9375,8.5],"rotation":{"origin":[8.5,8.9375,7.5],"axis":"z","angle":-22.5},"faces":{"down":{"uv":[8.6875,7.5,9.6875,8.5],"texture":"#texture"},"up":{"uv":[8.6875,7.5,9.6875,8.5],"texture":"#texture"},"north":{"uv":[8.6875,6.75,9.6875,14.75],"texture":"#texture"},"south":{"uv":[8.6875,6.75,9.6875,14.75],"texture":"#texture"},"west":{"uv":[7.5,6.75,8.5,14.75],"texture":"#texture"},"east":{"uv":[7.5,6.75,8.5,14.75],"texture":"#texture"}}},{"from":[8.5,8,7.5],"to":[12.5,9,8.5],"rotation":{"origin":[8.5,9,7.5],"axis":"z","angle":22.5},"faces":{"down":{"uv":[8.5,7.5,12.5,8.5],"texture":"#texture"},"up":{"uv":[8.5,7.5,12.5,8.5],"texture":"#texture"},"north":{"uv":[8.5,7,12.5,8],"texture":"#texture"},"south":{"uv":[8.5,7,12.5,8],"texture":"#texture"},"west":{"uv":[7.5,7,8.5,8],"texture":"#texture"},"east":{"uv":[7.5,7,8.5,8],"texture":"#texture"}}},{"from":[13.375,9.75,7.5],"to":[14.375,13.75,8.5],"rotation":{"origin":[13.375,13.75,7.5],"axis":"z","angle":-22.5},"faces":{"down":{"uv":[13.375,7.5,14.375,8.5],"texture":"#texture"},"up":{"uv":[13.375,7.5,14.375,8.5],"texture":"#texture"},"north":{"uv":[13.375,2.25,14.375,6.25],"texture":"#texture"},"south":{"uv":[13.375,2.25,14.375,6.25],"texture":"#texture"},"west":{"uv":[7.5,2.25,8.5,6.25],"texture":"#texture"},"east":{"uv":[7.5,2.25,8.5,6.25],"texture":"#texture"}}},{"from":[3.9375,6.25,7.5],"to":[4.9375,12.25,8.5],"rotation":{"origin":[3.9375,12.25,7.5],"axis":"z","angle":45},"faces":{"down":{"uv":[3.9375,7.5,4.9375,8.5],"texture":"#texture"},"up":{"uv":[3.9375,7.5,4.9375,8.5],"texture":"#texture"},"north":{"uv":[3.9375,3.75,4.9375,9.75],"texture":"#texture"},"south":{"uv":[3.9375,3.75,4.9375,9.75],"texture":"#texture"},"west":{"uv":[7.5,3.75,8.5,9.75],"texture":"#texture"},"east":{"uv":[7.5,3.75,8.5,9.75],"texture":"#texture"}}},{"from":[4,12,7.5],"to":[5,18,8.5],"faces":{"down":{"uv":[4,7.5,5,8.5],"texture":"#texture"},"up":{"uv":[4,7.5,5,8.5],"texture":"#texture"},"north":{"uv":[4,2,5,8],"texture":"#texture"},"south":{"uv":[4,2,5,8],"texture":"#texture"},"west":{"uv":[7.5,0,8.5,6],"texture":"#texture"},"east":{"uv":[7.5,0,8.5,6],"texture":"#texture"}}},{"from":[2.5,16,7.5],"to":[6.5,17,8.5],"faces":{"down":{"uv":[13.5,8.5,9.5,7.5],"texture":"#texture"},"up":{"uv":[2.5,7.5,6.5,8.5],"texture":"#texture"},"north":{"uv":[9.5,0,13.5,0],"texture":"#texture"},"south":{"uv":[2.5,0,6.5,0],"texture":"#texture"},"west":{"uv":[7.5,0,8.5,0],"texture":"#texture"},"east":{"uv":[7.5,0,8.5,0],"texture":"#texture"}}},{"from":[1,16,7.5],"to":[2,20.5,8.5],"rotation":{"origin":[1,20.5,7.5],"axis":"z","angle":22.5},"faces":{"down":{"uv":[1,7.5,2,8.5],"texture":"#texture"},"up":{"uv":[1,7.5,2,8.5],"texture":"#texture"},"north":{"uv":[1,0,2,4.5],"texture":"#texture"},"south":{"uv":[1,0,2,4.5],"texture":"#texture"},"west":{"uv":[7.5,0,8.5,4.5],"texture":"#texture"},"east":{"uv":[7.5,0,8.5,4.5],"texture":"#texture"}}},{"from":[7.5,16,7.5],"to":[8.5,21,8.5],"rotation":{"origin":[7.5,21,7.5],"axis":"z","angle":-22.5},"faces":{"down":{"uv":[7.5,7.5,8.5,8.5],"texture":"#texture"},"up":{"uv":[7.5,7.5,8.5,8.5],"texture":"#texture"},"north":{"uv":[7.5,0,8.5,5],"texture":"#texture"},"south":{"uv":[7.5,0,8.5,5],"texture":"#texture"},"west":{"uv":[7.5,0,8.5,5],"texture":"#texture"},"east":{"uv":[7.5,0,8.5,5],"texture":"#texture"}}},{"from":[8.5,8,4],"to":[9.5,9,12],"faces":{"down":{"uv":[7.5,12,6.5,4],"texture":"#texture"},"up":{"uv":[8.5,4,9.5,12],"texture":"#texture"},"north":{"uv":[6.5,7,7.5,8],"texture":"#texture"},"south":{"uv":[8.5,7,9.5,8],"texture":"#texture"},"west":{"uv":[4,7,12,8],"texture":"#texture"},"east":{"uv":[4,7,12,8],"texture":"#texture"}}},{"from":[8.5,7.75,2.3125],"to":[9.5,12.25,3.3125],"rotation":{"origin":[8.5,12.25,2.3125],"axis":"x","angle":-22.5},"faces":{"down":{"uv":[7.5,4.5,6.5,3.5],"texture":"#texture"},"up":{"uv":[8.5,3.5,9.5,4.5],"texture":"#texture"},"north":{"uv":[6.5,0,7.5,4.5],"texture":"#texture"},"south":{"uv":[8.5,0,9.5,4.5],"texture":"#texture"},"west":{"uv":[3.5,0,4.5,4.5],"texture":"#texture"},"east":{"uv":[11.5,0,12.5,4.5],"texture":"#texture"}}},{"from":[8.5,8,13],"to":[9.5,13,14],"rotation":{"origin":[8.5,13,13],"axis":"x","angle":22.5},"faces":{"down":{"uv":[16,5,16,4],"texture":"#texture"},"up":{"uv":[0,4,0,5],"texture":"#texture"},"north":{"uv":[16,0,16,5],"texture":"#texture"},"south":{"uv":[0,0,0,5],"texture":"#texture"},"west":{"uv":[4,0,5,5],"texture":"#texture"},"east":{"uv":[11,0,12,5],"texture":"#texture"}}},{"from":[6,4.1875,7],"to":[8.5,4.6875,9],"rotation":{"origin":[6,4.6875,7],"axis":"z","angle":-22.5},"faces":{"down":{"uv":[6,7,8.5,9],"texture":"#texture"},"up":{"uv":[6,7,8.5,9],"texture":"#texture"},"north":{"uv":[6,11.3125,8.5,11.8125],"texture":"#texture"},"south":{"uv":[6,11.3125,8.5,11.8125],"texture":"#texture"},"west":{"uv":[7,11.3125,9,11.8125],"texture":"#texture"},"east":{"uv":[7,11.3125,9,11.8125],"texture":"#texture"}}}],"display":{"thirdperson_righthand":{"rotation":[1,94,28],"translation":[0.38,7.94,4.54],"scale":[1.5,1.5,1.5]},"firstperson_righthand":{"rotation":[0,96,-37],"translation":[2.65,-0.38,-3.21],"scale":[1.2,1.2,1.2]},"gui":{"rotation":[35,25,-48],"translation":[-1.5,-3.7,0],"scale":[0.85,0.85,1.1]}}}