{"textures":{"snow":"minemakers/snow","texture":"minemakers/gift3"},"elements":[{"from":[0,0,0],"to":[16,16,16],"faces":{"down":{"uv":[16,16,0,0],"texture":"#snow"},"up":{"uv":[0,0,16,16],"texture":"#snow"},"north":{"uv":[0,0,16,16],"texture":"#snow"},"south":{"uv":[0,0,16,16],"texture":"#snow"},"west":{"uv":[0,0,16,16],"texture":"#snow"},"east":{"uv":[0,0,16,16],"texture":"#snow"}}},{"from":[-0.5,6,-0.5],"to":[16.5,9.5,16.5],"faces":{"down":{"uv":[16,16,0,0],"texture":"#texture"},"up":{"uv":[0,0,16,16],"texture":"#texture"},"north":{"uv":[0,6.5,16,10],"texture":"#texture"},"south":{"uv":[0,6.5,16,10],"texture":"#texture"},"west":{"uv":[0,6.5,16,10],"texture":"#texture"},"east":{"uv":[0,6.5,16,10],"texture":"#texture"}}},{"from":[6,-0.5,-0.5],"to":[10.5,16.5,16.5],"faces":{"down":{"uv":[10,16,5.5,0],"texture":"#texture"},"up":{"uv":[6,0,10.5,16],"texture":"#texture"},"north":{"uv":[5.5,0,10,16],"texture":"#texture"},"south":{"uv":[6,0,10.5,16],"texture":"#texture"},"west":{"uv":[0,0,16,16],"texture":"#texture"},"east":{"uv":[0,0,16,16],"texture":"#texture"}}},{"from":[-0.5,-0.5,6],"to":[16.5,16.5,10.5],"faces":{"down":{"uv":[16,10.5,0,6],"texture":"#texture"},"up":{"uv":[0,6,16,10.5],"texture":"#texture"},"north":{"uv":[0,0,16,16],"texture":"#texture"},"south":{"uv":[0,0,16,16],"texture":"#texture"},"west":{"uv":[6,0,10.5,16],"texture":"#texture"},"east":{"uv":[5.5,0,10,16],"texture":"#texture"}}},{"from":[3.5,14.5,7.5],"to":[4.5,21.5,8.5],"rotation":{"origin":[3.5,21.5,7.5],"axis":"z","angle":22.5},"faces":{"down":{"uv":[11,8.5,10,7.5],"texture":"#texture"},"up":{"uv":[5,7.5,6,8.5],"texture":"#texture"},"north":{"uv":[10,0,11,0],"texture":"#texture"},"south":{"uv":[5,0,6,0],"texture":"#texture"},"west":{"uv":[7.5,0,8.5,0],"texture":"#texture"},"east":{"uv":[7.5,0,8.5,0],"texture":"#texture"}}}],"display":{"thirdperson_righthand":{"rotation":[30,28,-4],"translation":[0,2.83,0],"scale":[0.4,0.4,0.4]},"ground":{"rotation":[0,0,0],"translation":[0,1.13,0],"scale":[0.3,0.3,0.3]},"firstperson_righthand":{"rotation":[0,31,3],"translation":[-0.76,1.13,1.32],"scale":[0.3,0.3,0.3]},"gui":{"rotation":[45,45,0],"translation":[0.2,-0.3,0],"scale":[0.51,0.51,0.5]}}}