{"textures":{"texture":"minemakers/snowman","wool_colored_black":"minemakers/color/black","wool_colored_red":"minemakers/color/red","carrot":"minemakers/carrot"},"elements":[{"from":[0,-12,0],"to":[16,4,16],"faces":{"down":{"uv":[8,0,12,4],"rotation":180,"texture":"#texture"},"up":{"uv":[4,0,8,4],"rotation":180,"texture":"#texture"},"north":{"uv":[4,4,8,8],"texture":"#texture"},"south":{"uv":[8,0,12,4],"texture":"#texture"},"west":{"uv":[8,0,12,4],"texture":"#texture"},"east":{"uv":[8,0,12,4],"rotation":180,"texture":"#texture"}}},{"from":[-2.5,-0.5,-3],"to":[18.5,0.5,19],"faces":{"down":{"uv":[16,16,0,0],"rotation":180,"texture":"#wool_colored_black"},"up":{"uv":[0,0,16,16],"rotation":180,"texture":"#wool_colored_black"},"north":{"uv":[0,15.5,16,16],"texture":"#wool_colored_black"},"south":{"uv":[0,15.5,16,16],"texture":"#wool_colored_black"},"west":{"uv":[0,15.5,16,16],"texture":"#wool_colored_black"},"east":{"uv":[0,15.5,16,16],"texture":"#wool_colored_black"}}},{"from":[-2.5,0.5,18.5],"to":[18.5,1.5,19],"faces":{"down":{"uv":[16,0,0,0],"rotation":180,"texture":"#wool_colored_black"},"up":{"uv":[0,0,16,0],"rotation":180,"texture":"#wool_colored_black"},"north":{"uv":[0,14.5,16,15.5],"texture":"#wool_colored_black"},"south":{"uv":[0,14.5,16,15.5],"texture":"#wool_colored_black"},"west":{"uv":[16,14.5,16,15.5],"texture":"#wool_colored_black"},"east":{"uv":[0,14.5,0,15.5],"texture":"#wool_colored_black"}}},{"from":[18,0.5,-2.5],"to":[18.5,1.5,18.5],"faces":{"down":{"uv":[16,16,16,0],"rotation":180,"texture":"#wool_colored_black"},"up":{"uv":[0,0,0,16],"rotation":180,"texture":"#wool_colored_black"},"north":{"uv":[0,14.5,0,15.5],"texture":"#wool_colored_black"},"south":{"uv":[16,14.5,16,15.5],"texture":"#wool_colored_black"},"west":{"uv":[0,14.5,16,15.5],"texture":"#wool_colored_black"},"east":{"uv":[0,14.5,16,15.5],"texture":"#wool_colored_black"}}},{"from":[-2.5,0.5,-2.5],"to":[-2,1.5,18.5],"faces":{"down":{"uv":[0,16,0,0],"rotation":180,"texture":"#wool_colored_black"},"up":{"uv":[16,0,16,16],"rotation":180,"texture":"#wool_colored_black"},"north":{"uv":[16,14.5,16,15.5],"texture":"#wool_colored_black"},"south":{"uv":[0,14.5,0,15.5],"texture":"#wool_colored_black"},"west":{"uv":[0,14.5,16,15.5],"texture":"#wool_colored_black"},"east":{"uv":[0,14.5,16,15.5],"texture":"#wool_colored_black"}}},{"from":[-2.5,0.5,-3],"to":[18.5,1.5,-2.5],"faces":{"down":{"uv":[16,16,0,16],"rotation":180,"texture":"#wool_colored_black"},"up":{"uv":[0,16,16,16],"rotation":180,"texture":"#wool_colored_black"},"north":{"uv":[0,14.5,16,15.5],"texture":"#wool_colored_black"},"south":{"uv":[0,14.5,16,15.5],"texture":"#wool_colored_black"},"west":{"uv":[0,14.5,0,15.5],"texture":"#wool_colored_black"},"east":{"uv":[16,14.5,16,15.5],"texture":"#wool_colored_black"}}},{"from":[-1,0.5,-1.5],"to":[17,2,17.5],"faces":{"down":{"uv":[16,16,0,0],"rotation":180,"texture":"#wool_colored_red"},"up":{"uv":[0,0,16,16],"rotation":180,"texture":"#wool_colored_red"},"north":{"uv":[0,14,16,15.5],"texture":"#wool_colored_red"},"south":{"uv":[0,14,16,15.5],"texture":"#wool_colored_red"},"west":{"uv":[0,14,16,15.5],"texture":"#wool_colored_red"},"east":{"uv":[0,14,16,15.5],"texture":"#wool_colored_red"}}},{"from":[-0.5,0.5,15],"to":[16.5,19,16.5],"faces":{"down":{"uv":[16,1,0,0],"rotation":180,"texture":"#wool_colored_black"},"up":{"uv":[0,0,16,1],"rotation":180,"texture":"#wool_colored_black"},"north":{"uv":[0,0,16,15.5],"texture":"#wool_colored_black"},"south":{"uv":[0,0,16,15.5],"texture":"#wool_colored_black"},"west":{"uv":[15,0,16,15.5],"texture":"#wool_colored_black"},"east":{"uv":[0,0,1,15.5],"texture":"#wool_colored_black"}}},{"from":[-0.5,0.5,-1],"to":[16.5,19,0],"faces":{"down":{"uv":[16,16,0,16],"rotation":180,"texture":"#wool_colored_black"},"up":{"uv":[0,16,16,16],"rotation":180,"texture":"#wool_colored_black"},"north":{"uv":[0,0,16,15.5],"texture":"#wool_colored_black"},"south":{"uv":[0,0,16,15.5],"texture":"#wool_colored_black"},"west":{"uv":[0,0,0,15.5],"texture":"#wool_colored_black"},"east":{"uv":[16,0,16,15.5],"texture":"#wool_colored_black"}}},{"from":[-0.5,0.5,0],"to":[0.5,19,15],"faces":{"down":{"uv":[0.5,16,0,1],"rotation":180,"texture":"#wool_colored_black"},"up":{"uv":[15.5,1,16,16],"rotation":180,"texture":"#wool_colored_black"},"north":{"uv":[15.5,0,16,15.5],"texture":"#wool_colored_black"},"south":{"uv":[0,0,0.5,15.5],"texture":"#wool_colored_black"},"west":{"uv":[0,0,15,15.5],"texture":"#wool_colored_black"},"east":{"uv":[1,0,16,15.5],"texture":"#wool_colored_black"}}},{"from":[15.5,0.5,0],"to":[16.5,19,15],"faces":{"down":{"uv":[16,16,15.5,1],"rotation":180,"texture":"#wool_colored_black"},"up":{"uv":[0,1,0.5,16],"rotation":180,"texture":"#wool_colored_black"},"north":{"uv":[0,0,0.5,15.5],"texture":"#wool_colored_black"},"south":{"uv":[15.5,0,16,15.5],"texture":"#wool_colored_black"},"west":{"uv":[0,0,15,15.5],"texture":"#wool_colored_black"},"east":{"uv":[1,0,16,15.5],"texture":"#wool_colored_black"}}},{"from":[1.63268,23.9375,0],"to":[16.6327,24.9375,15],"rotation":{"origin":[1.63268,24.9375,0],"axis":"z","angle":-22.5},"faces":{"down":{"uv":[15.5,16,0.5,1],"rotation":180,"texture":"#wool_colored_black"},"up":{"uv":[0.5,1,15.5,16],"rotation":180,"texture":"#wool_colored_black"},"north":{"uv":[0.5,0,15.5,0],"texture":"#wool_colored_black"},"south":{"uv":[0.5,0,15.5,0],"texture":"#wool_colored_black"},"west":{"uv":[0,0,15,0],"texture":"#wool_colored_black"},"east":{"uv":[1,0,16,0],"texture":"#wool_colored_black"}}},{"from":[6.5,-8,-9],"to":[9.5,-5.5,2],"faces":{"down":{"uv":[5,8,6,11.5],"texture":"#carrot"},"up":{"uv":[5.5,8.5,6.5,11.5],"texture":"#carrot"},"north":{"uv":[5,7.5,8,10],"texture":"#carrot"},"south":{"uv":[5,9,8,11.5],"texture":"#carrot"},"west":{"uv":[4,8.5,7.5,10],"texture":"#carrot"},"east":{"uv":[4.5,9,8,11],"texture":"#carrot"}}}],"display":{"head":{"rotation":[0,0,0],"translation":[0,13.23,0],"scale":[1,1,1]},"gui":{"rotation":[0,0,0],"translation":[0,0,0],"scale":[0,0,0]}}}