{"textures":{"wool_colored_white":"blocks/wool_colored_white","texture":"blocks/wool_colored_lime"},"elements":[{"from":[4,0,14],"to":[12,2,16],"faces":{"down":{"uv":[4,14,12,16],"texture":"#wool_colored_white","cullface":"down"},"north":{"uv":[4,14,12,16],"texture":"#wool_colored_white"},"south":{"uv":[4,14,12,16],"texture":"#wool_colored_white","cullface":"south"},"west":{"uv":[14,14,16,16],"texture":"#wool_colored_white"},"east":{"uv":[14,14,16,16],"texture":"#wool_colored_white"}}},{"from":[2,0,12],"to":[4,2,14],"faces":{"down":{"uv":[14,14,12,12],"texture":"#wool_colored_white","cullface":"down"},"north":{"uv":[12,14,14,16],"texture":"#wool_colored_white"},"south":{"uv":[2,14,4,16],"texture":"#wool_colored_white"},"west":{"uv":[12,14,14,16],"texture":"#wool_colored_white"},"east":{"uv":[2,14,4,16],"texture":"#wool_colored_white"}}},{"from":[0,0,4],"to":[2,2,12],"faces":{"down":{"uv":[16,12,14,4],"texture":"#wool_colored_white","cullface":"down"},"north":{"uv":[14,14,16,16],"texture":"#wool_colored_white"},"south":{"uv":[0,14,2,16],"texture":"#wool_colored_white"},"west":{"uv":[4,14,12,16],"texture":"#wool_colored_white","cullface":"west"},"east":{"uv":[4,14,12,16],"texture":"#wool_colored_white"}}},{"from":[2,0,2],"to":[4,2,4],"faces":{"down":{"uv":[14,4,12,2],"texture":"#wool_colored_white","cullface":"down"},"north":{"uv":[12,14,14,16],"texture":"#wool_colored_white"},"south":{"uv":[2,14,4,16],"texture":"#wool_colored_white"},"west":{"uv":[2,14,4,16],"texture":"#wool_colored_white"},"east":{"uv":[12,14,14,16],"texture":"#wool_colored_white"}}},{"from":[4,0,0],"to":[12,2,2],"faces":{"down":{"uv":[12,2,4,0],"texture":"#wool_colored_white","cullface":"down"},"north":{"uv":[4,14,12,16],"texture":"#wool_colored_white","cullface":"north"},"south":{"uv":[4,14,12,16],"texture":"#wool_colored_white"},"west":{"uv":[0,14,2,16],"texture":"#wool_colored_white"},"east":{"uv":[14,14,16,16],"texture":"#wool_colored_white"}}},{"from":[12,0,2],"to":[14,2,4],"faces":{"down":{"uv":[4,4,2,2],"texture":"#wool_colored_white","cullface":"down"},"north":{"uv":[2,14,4,16],"texture":"#wool_colored_white"},"south":{"uv":[12,14,14,16],"texture":"#wool_colored_white"},"west":{"uv":[2,14,4,16],"texture":"#wool_colored_white"},"east":{"uv":[12,14,14,16],"texture":"#wool_colored_white"}}},{"from":[14,0,4],"to":[16,2,12],"faces":{"down":{"uv":[2,12,0,4],"texture":"#wool_colored_white","cullface":"down"},"north":{"uv":[0,14,2,16],"texture":"#wool_colored_white"},"south":{"uv":[14,14,16,16],"texture":"#wool_colored_white"},"west":{"uv":[4,14,12,16],"texture":"#wool_colored_white"},"east":{"uv":[4,14,12,16],"texture":"#wool_colored_white","cullface":"east"}}},{"from":[12,0,12],"to":[14,2,14],"faces":{"down":{"uv":[4,14,2,12],"texture":"#wool_colored_white","cullface":"down"},"north":{"uv":[2,14,4,16],"texture":"#wool_colored_white"},"south":{"uv":[12,14,14,16],"texture":"#wool_colored_white"},"west":{"uv":[12,14,14,16],"texture":"#wool_colored_white"},"east":{"uv":[2,14,4,16],"texture":"#wool_colored_white"}}},{"from":[4,2,14],"to":[12,6,16],"faces":{"up":{"uv":[4,14,12,16],"texture":"#texture"},"north":{"uv":[4,10,12,14],"texture":"#texture"},"south":{"uv":[4,10,12,14],"texture":"#texture","cullface":"south"},"west":{"uv":[14,10,16,14],"texture":"#texture"},"east":{"uv":[0,10,2,14],"texture":"#texture"}}},{"from":[2,2,12],"to":[4,6,14],"faces":{"up":{"uv":[2,12,4,14],"texture":"#texture"},"north":{"uv":[12,10,14,14],"texture":"#texture"},"south":{"uv":[2,10,4,14],"texture":"#texture"},"west":{"uv":[12,10,14,14],"texture":"#texture"},"east":{"uv":[2,10,4,14],"texture":"#texture"}}},{"from":[0,2,4],"to":[2,6,12],"faces":{"up":{"uv":[0,4,2,12],"texture":"#texture"},"north":{"uv":[0,10,2,14],"texture":"#texture"},"south":{"uv":[0,10,2,14],"texture":"#texture"},"west":{"uv":[4,10,12,14],"texture":"#texture","cullface":"west"},"east":{"uv":[4,10,12,14],"texture":"#texture"}}},{"from":[2,2,2],"to":[4,6,4],"faces":{"up":{"uv":[2,2,4,4],"texture":"#texture"},"north":{"uv":[12,10,14,14],"texture":"#texture"},"south":{"uv":[2,10,4,14],"texture":"#texture"},"west":{"uv":[2,10,4,14],"texture":"#texture"},"east":{"uv":[12,10,14,14],"texture":"#texture"}}},{"from":[4,2,0],"to":[12,6,2],"faces":{"up":{"uv":[4,0,12,2],"texture":"#texture"},"north":{"uv":[4,10,12,14],"texture":"#texture","cullface":"north"},"south":{"uv":[4,10,12,14],"texture":"#texture"},"west":{"uv":[0,10,2,14],"texture":"#texture"},"east":{"uv":[14,10,16,14],"texture":"#texture"}}},{"from":[12,2,2],"to":[14,6,4],"faces":{"up":{"uv":[12,2,14,4],"texture":"#texture"},"north":{"uv":[2,10,4,14],"texture":"#texture"},"south":{"uv":[12,10,14,14],"texture":"#texture"},"west":{"uv":[2,10,4,14],"texture":"#texture"},"east":{"uv":[12,10,14,14],"texture":"#texture"}}},{"from":[14,2,4],"to":[16,6,12],"faces":{"up":{"uv":[14,4,16,12],"texture":"#texture"},"north":{"uv":[14,10,16,14],"texture":"#texture"},"south":{"uv":[14,10,16,14],"texture":"#texture"},"west":{"uv":[4,10,12,14],"texture":"#texture"},"east":{"uv":[4,10,12,14],"texture":"#texture","cullface":"east"}}},{"from":[12,2,12],"to":[14,6,14],"faces":{"up":{"uv":[12,12,14,14],"texture":"#texture"},"north":{"uv":[2,10,4,14],"texture":"#texture"},"south":{"uv":[12,10,14,14],"texture":"#texture"},"west":{"uv":[12,10,14,14],"texture":"#texture"},"east":{"uv":[2,10,4,14],"texture":"#texture"}}},{"from":[4,6,12],"to":[12,8.5,14],"faces":{"down":{"uv":[12,14,4,12],"texture":"#texture"},"up":{"uv":[4,12,12,14],"texture":"#texture"},"north":{"uv":[4,6,12,10],"texture":"#texture"},"south":{"uv":[4,6,12,10],"texture":"#texture"},"west":{"uv":[12,6,14,10],"texture":"#texture"},"east":{"uv":[2,6,4,10],"texture":"#texture"}}},{"from":[2,6,4],"to":[4,8.5,12],"faces":{"down":{"uv":[14,12,12,4],"texture":"#texture"},"up":{"uv":[2,4,4,12],"texture":"#texture"},"north":{"uv":[12,6,14,10],"texture":"#texture"},"south":{"uv":[2,6,4,10],"texture":"#texture"},"west":{"uv":[4,6,12,10],"texture":"#texture"},"east":{"uv":[4,6,12,10],"texture":"#texture"}}},{"from":[4,6,2],"to":[12,8.5,4],"faces":{"down":{"uv":[12,4,4,2],"texture":"#texture"},"up":{"uv":[4,2,12,4],"texture":"#texture"},"north":{"uv":[4,6,12,10],"texture":"#texture"},"south":{"uv":[4,6,12,10],"texture":"#texture"},"west":{"uv":[2,6,4,10],"texture":"#texture"},"east":{"uv":[12,6,14,10],"texture":"#texture"}}},{"from":[12,6,4],"to":[14,8.5,12],"faces":{"down":{"uv":[4,12,2,4],"texture":"#texture"},"up":{"uv":[12,4,14,12],"texture":"#texture"},"north":{"uv":[2,6,4,10],"texture":"#texture"},"south":{"uv":[12,6,14,10],"texture":"#texture"},"west":{"uv":[4,6,12,10],"texture":"#texture"},"east":{"uv":[4,6,12,10],"texture":"#texture"}}},{"from":[4,8.5,4],"to":[12,10,12],"faces":{"down":{"uv":[12,12,4,4],"texture":"#texture"},"up":{"uv":[4,4,12,12],"texture":"#texture"},"north":{"uv":[4,4,12,6],"texture":"#texture"},"south":{"uv":[4,4,12,6],"texture":"#texture"},"west":{"uv":[4,4,12,6],"texture":"#texture"},"east":{"uv":[4,4,12,6],"texture":"#texture"}}},{"from":[5.5,10,5],"to":[10.5,11,10],"faces":{"up":{"uv":[4,6,12,10],"texture":"#texture"},"north":{"uv":[4,2,12,4],"texture":"#texture"},"south":{"uv":[4,2,12,4],"texture":"#texture"},"west":{"uv":[6,2,10,4],"texture":"#texture"},"east":{"uv":[6,2,10,4],"texture":"#texture"}}},{"from":[6,10,-1],"to":[10,12,5],"faces":{"up":{"uv":[6,10,10,12],"texture":"#texture","cullface":"north"},"south":{"uv":[6,2,10,4],"texture":"#texture","cullface":"north"},"west":{"uv":[10,2,12,4],"texture":"#texture","cullface":"north"},"north":{"uv":[6,0,10,2],"texture":"#texture","cullface":"north"},"east":{"uv":[4,2,6,4],"texture":"#texture","cullface":"north"}}},{"from":[6,8.5,-3],"to":[10,10,4],"faces":{"down":{"uv":[6,-2,10,10],"texture":"#texture","cullface":"north"},"up":{"uv":[6,0,10,12],"texture":"#texture","cullface":"north"},"north":{"uv":[6,0,10,2],"texture":"#texture","cullface":"north"},"west":{"uv":[0,0,12,2],"texture":"#texture","cullface":"north"},"east":{"uv":[0,0,12,2],"texture":"#texture","cullface":"north"}}},{"from":[6,10,-2],"to":[10,11,-1],"faces":{"up":{"uv":[6,2,10,8],"texture":"#texture","cullface":"north"},"north":{"uv":[6,0,10,2],"texture":"#texture","cullface":"north"},"west":{"uv":[2,0,8,2],"texture":"#texture","cullface":"north"},"east":{"uv":[2,0,8,2],"texture":"#texture","cullface":"north"}}},{"from":[5,4.5,-5.5],"to":[11,10.5,0.5],"rotation":{"origin":[5,10.5,-5.5],"axis":"x","angle":22.5},"faces":{"down":{"uv":[0,0,16,16],"texture":"#wool_colored_white","cullface":"north"},"up":{"uv":[0,0,16,16],"texture":"#wool_colored_white","cullface":"north"},"north":{"uv":[0,0,16,16],"texture":"#wool_colored_white","cullface":"north"},"south":{"uv":[0,0,16,16],"texture":"#wool_colored_white","cullface":"north"},"west":{"uv":[0,0,16,16],"texture":"#wool_colored_white","cullface":"north"},"east":{"uv":[0,0,16,16],"texture":"#wool_colored_white","cullface":"north"}}}],"display":{"head":{"rotation":[6,130,-3],"translation":[-0.5,11,0.3],"scale":[1.3,1.3,1.3]},"gui":{"rotation":[0,0,0],"translation":[0,0,0],"scale":[0,0,0]}}}