{"textures":{"main":"minemakers/c5ulti"},"elements":[{"from":[6,6,2.25],"to":[10,10,6.25],"faces":{"down":{"uv":[3.5,1.3125,2.5,0.3125],"texture":"#main"},"up":{"uv":[2.5,0.3125,3.5,1.3125],"texture":"#main"},"north":{"uv":[2.5,0.5,3.5,1.5],"texture":"#main"},"south":{"uv":[2.5,0.5,3.5,1.5],"texture":"#main"},"west":{"uv":[2.3125,0.5,3.3125,1.5],"texture":"#main"},"east":{"uv":[2.6875,0.5,3.6875,1.5],"texture":"#main"}}},{"from":[5,5.75,4],"to":[11,6.25,4.5],"faces":{"down":{"uv":[5.75,0.875,4.25,0.75],"texture":"#main"},"up":{"uv":[4.25,0.75,5.75,0.875],"texture":"#main"},"north":{"uv":[4.25,1.4375,5.75,1.5625],"texture":"#main"},"south":{"uv":[4.25,1.4375,5.75,1.5625],"texture":"#main"},"west":{"uv":[4.75,1.4375,4.875,1.5625],"texture":"#main"},"east":{"uv":[5.125,1.4375,5.25,1.5625],"texture":"#main"}}},{"from":[5,6.25,4],"to":[5.5,10.5,4.5],"faces":{"down":{"uv":[5.75,0.875,5.625,0.75],"texture":"#main"},"up":{"uv":[4.25,0.75,4.375,0.875],"texture":"#main"},"north":{"uv":[5.625,0.375,5.75,1.4375],"texture":"#main"},"south":{"uv":[4.25,0.375,4.375,1.4375],"texture":"#main"},"west":{"uv":[4.75,0.375,4.875,1.4375],"texture":"#main"},"east":{"uv":[5.125,0.375,5.25,1.4375],"texture":"#main"}}},{"from":[10.5,6.25,4],"to":[11,10.5,4.5],"faces":{"down":{"uv":[4.375,0.875,4.25,0.75],"texture":"#main"},"up":{"uv":[5.625,0.75,5.75,0.875],"texture":"#main"},"north":{"uv":[4.25,0.375,4.375,1.4375],"texture":"#main"},"south":{"uv":[5.625,0.375,5.75,1.4375],"texture":"#main"},"west":{"uv":[4.75,0.375,4.875,1.4375],"texture":"#main"},"east":{"uv":[5.125,0.375,5.25,1.4375],"texture":"#main"}}},{"from":[5.25,10,4],"to":[8.25,10.5,4.5],"rotation":{"origin":[5.25,10.5,4],"axis":"z","angle":22.5},"faces":{"down":{"uv":[5.625,1.0625,5,0.9375],"texture":"#main"},"up":{"uv":[4.375,0.9375,5,1.0625],"texture":"#main"},"north":{"uv":[5,0.3125,5.625,0.4375],"texture":"#main"},"south":{"uv":[4.375,0.3125,5,0.4375],"texture":"#main"},"west":{"uv":[4.9375,0.3125,5.0625,0.4375],"texture":"#main"},"east":{"uv":[4.9375,0.3125,5.0625,0.4375],"texture":"#main"}}},{"from":[8.03125,11.0938,4],"to":[11.0313,11.5938,4.5],"rotation":{"origin":[8.03125,11.5938,4],"axis":"z","angle":-22.5},"faces":{"down":{"uv":[5,1.0625,4.375,0.9375],"texture":"#main"},"up":{"uv":[5,0.9375,5.625,1.0625],"texture":"#main"},"north":{"uv":[4.375,0.3125,5,0.4375],"texture":"#main"},"south":{"uv":[5,0.3125,5.625,0.4375],"texture":"#main"},"west":{"uv":[4.9375,0.3125,5.0625,0.4375],"texture":"#main"},"east":{"uv":[4.9375,0.3125,5.0625,0.4375],"texture":"#main"}}},{"from":[5.5,8,4],"to":[6,8.5,7],"faces":{"down":{"uv":[5.625,1.5,5.5,0.75],"texture":"#main"},"up":{"uv":[4.375,0.75,4.5,1.5],"texture":"#main"},"north":{"uv":[5.5,0.875,5.625,1],"texture":"#main"},"south":{"uv":[4.375,0.875,4.5,1],"texture":"#main"},"west":{"uv":[4.75,0.875,5.5,1],"texture":"#main"},"east":{"uv":[4.5,0.875,5.25,1],"texture":"#main"}}},{"from":[5.5,8.25,7],"to":[6,9.5,7.5],"rotation":{"origin":[5.5,9.5,7],"axis":"x","angle":22.5},"faces":{"down":{"uv":[6,0.625,6,0.5],"texture":"#main"},"up":{"uv":[4,0.5,4,0.625],"texture":"#main"},"north":{"uv":[6,0,6,0.3125],"texture":"#main"},"south":{"uv":[4,0,4,0.3125],"texture":"#main"},"west":{"uv":[4.5,0,4.625,0.3125],"texture":"#main"},"east":{"uv":[5.375,0,5.5,0.3125],"texture":"#main"}}},{"from":[6,6,1.5],"to":[10,9,2.25],"faces":{"down":{"uv":[3.5,0.3125,2.5,0.125],"texture":"#main"},"up":{"uv":[2.5,0.125,3.5,0.3125],"texture":"#main"},"north":{"uv":[2.5,0.75,3.5,1.5],"texture":"#main"},"south":{"uv":[2.5,0.75,3.5,1.5],"texture":"#main"},"west":{"uv":[2.125,0.75,2.3125,1.5],"texture":"#main"},"east":{"uv":[3.6875,0.75,3.875,1.5],"texture":"#main"}}},{"from":[7,6.25,6.25],"to":[9,9.25,6.5],"faces":{"down":{"uv":[5.25,1.375,4.75,1.3125],"texture":"#main"},"up":{"uv":[4.75,1.3125,5.25,1.375],"texture":"#main"},"north":{"uv":[4.75,0.6875,5.25,1.4375],"texture":"#main"},"south":{"uv":[4.75,0.6875,5.25,1.4375],"texture":"#main"},"west":{"uv":[5.3125,0.6875,5.375,1.4375],"texture":"#main"},"east":{"uv":[4.625,0.6875,4.6875,1.4375],"texture":"#main"}}},{"from":[7.5,7.25,6.5],"to":[8.5,8.75,14.5],"faces":{"down":{"uv":[0.875,2,1.125,3.875],"texture":"#main"},"up":{"uv":[0.875,2,1.125,3.875],"texture":"#main"},"north":{"uv":[0.875,2.8125,1.125,3.25],"texture":"#main"},"south":{"uv":[0.875,2.8125,1.125,3.25],"texture":"#main"},"west":{"uv":[0,2.8125,1.875,3.25],"texture":"#main"},"east":{"uv":[0,2.8125,1.875,3.25],"texture":"#main"}}},{"from":[7.75,6.75,11.5],"to":[8.25,7.25,12],"faces":{"down":{"uv":[6,0,8,2],"texture":"#main"},"up":{"uv":[6,0,8,2],"texture":"#main"},"north":{"uv":[6,0,8,2],"texture":"#main"},"south":{"uv":[6,0,8,2],"texture":"#main"},"west":{"uv":[6,0,8,2],"texture":"#main"},"east":{"uv":[6,0,8,2],"texture":"#main"}}},{"from":[7.75,6.75,13.5],"to":[8.25,7.25,14],"faces":{"down":{"uv":[6,0,8,2],"texture":"#main"},"up":{"uv":[6,0,8,2],"texture":"#main"},"north":{"uv":[6,0,8,2],"texture":"#main"},"south":{"uv":[6,0,8,2],"texture":"#main"},"west":{"uv":[6,0,8,2],"texture":"#main"},"east":{"uv":[6,0,8,2],"texture":"#main"}}},{"from":[7.75,6.75,12.5],"to":[8.25,7.25,13],"faces":{"down":{"uv":[6,0,8,2],"texture":"#main"},"up":{"uv":[6,0,8,2],"texture":"#main"},"north":{"uv":[6,0,8,2],"texture":"#main"},"south":{"uv":[6,0,8,2],"texture":"#main"},"west":{"uv":[6,0,8,2],"texture":"#main"},"east":{"uv":[6,0,8,2],"texture":"#main"}}},{"from":[7.75,6.75,10.5],"to":[8.25,7.25,11],"faces":{"down":{"uv":[6,0,8,2],"texture":"#main"},"up":{"uv":[6,0,8,2],"texture":"#main"},"north":{"uv":[6,0,8,2],"texture":"#main"},"south":{"uv":[6,0,8,2],"texture":"#main"},"west":{"uv":[6,0,8,2],"texture":"#main"},"east":{"uv":[6,0,8,2],"texture":"#main"}}},{"from":[7.75,6.75,8.5],"to":[8.25,7.25,9],"faces":{"down":{"uv":[6,0,8,2],"texture":"#main"},"up":{"uv":[6,0,8,2],"texture":"#main"},"north":{"uv":[6,0,8,2],"texture":"#main"},"south":{"uv":[6,0,8,2],"texture":"#main"},"west":{"uv":[6,0,8,2],"texture":"#main"},"east":{"uv":[6,0,8,2],"texture":"#main"}}},{"from":[7.75,6.75,6.5],"to":[8.25,7.25,7],"faces":{"down":{"uv":[6,0,8,2],"texture":"#main"},"up":{"uv":[6,0,8,2],"texture":"#main"},"north":{"uv":[6,0,8,2],"texture":"#main"},"south":{"uv":[6,0,8,2],"texture":"#main"},"west":{"uv":[6,0,8,2],"texture":"#main"},"east":{"uv":[6,0,8,2],"texture":"#main"}}},{"from":[7.75,6.75,7.5],"to":[8.25,7.25,8],"faces":{"down":{"uv":[6,0,8,2],"texture":"#main"},"up":{"uv":[6,0,8,2],"texture":"#main"},"north":{"uv":[6,0,8,2],"texture":"#main"},"south":{"uv":[6,0,8,2],"texture":"#main"},"west":{"uv":[6,0,8,2],"texture":"#main"},"east":{"uv":[6,0,8,2],"texture":"#main"}}},{"from":[7.75,6.75,9.5],"to":[8.25,7.25,10],"faces":{"down":{"uv":[6,0,8,2],"texture":"#main"},"up":{"uv":[6,0,8,2],"texture":"#main"},"north":{"uv":[6,0,8,2],"texture":"#main"},"south":{"uv":[6,0,8,2],"texture":"#main"},"west":{"uv":[6,0,8,2],"texture":"#main"},"east":{"uv":[6,0,8,2],"texture":"#main"}}},{"from":[7.75,6.75,14.5],"to":[8.25,7.25,15],"faces":{"down":{"uv":[6,0,8,2],"texture":"#main"},"up":{"uv":[6,0,8,2],"texture":"#main"},"north":{"uv":[6,0,8,2],"texture":"#main"},"south":{"uv":[6,0,8,2],"texture":"#main"},"west":{"uv":[6,0,8,2],"texture":"#main"},"east":{"uv":[6,0,8,2],"texture":"#main"}}},{"from":[7.75,8.75,14.5],"to":[8.25,9.25,15],"faces":{"down":{"uv":[6,0,8,2],"texture":"#main"},"up":{"uv":[6,0,8,2],"texture":"#main"},"north":{"uv":[6,0,8,2],"texture":"#main"},"south":{"uv":[6,0,8,2],"texture":"#main"},"west":{"uv":[6,0,8,2],"texture":"#main"},"east":{"uv":[6,0,8,2],"texture":"#main"}}},{"from":[7.75,7.75,14.5],"to":[8.25,8.25,15],"faces":{"down":{"uv":[6,0,8,2],"texture":"#main"},"up":{"uv":[6,0,8,2],"texture":"#main"},"north":{"uv":[6,0,8,2],"texture":"#main"},"south":{"uv":[6,0,8,2],"texture":"#main"},"west":{"uv":[6,0,8,2],"texture":"#main"},"east":{"uv":[6,0,8,2],"texture":"#main"}}},{"from":[7.75,8.75,11.5],"to":[8.25,9.25,12],"faces":{"down":{"uv":[6,0,8,2],"texture":"#main"},"up":{"uv":[6,0,8,2],"texture":"#main"},"north":{"uv":[6,0,8,2],"texture":"#main"},"south":{"uv":[6,0,8,2],"texture":"#main"},"west":{"uv":[6,0,8,2],"texture":"#main"},"east":{"uv":[6,0,8,2],"texture":"#main"}}},{"from":[7.75,8.75,13.5],"to":[8.25,9.25,14],"faces":{"down":{"uv":[6,0,8,2],"texture":"#main"},"up":{"uv":[6,0,8,2],"texture":"#main"},"north":{"uv":[6,0,8,2],"texture":"#main"},"south":{"uv":[6,0,8,2],"texture":"#main"},"west":{"uv":[6,0,8,2],"texture":"#main"},"east":{"uv":[6,0,8,2],"texture":"#main"}}},{"from":[7.75,8.75,12.5],"to":[8.25,9.25,13],"faces":{"down":{"uv":[6,0,8,2],"texture":"#main"},"up":{"uv":[6,0,8,2],"texture":"#main"},"north":{"uv":[6,0,8,2],"texture":"#main"},"south":{"uv":[6,0,8,2],"texture":"#main"},"west":{"uv":[6,0,8,2],"texture":"#main"},"east":{"uv":[6,0,8,2],"texture":"#main"}}},{"from":[7.75,8.75,10.5],"to":[8.25,9.25,11],"faces":{"down":{"uv":[6,0,8,2],"texture":"#main"},"up":{"uv":[6,0,8,2],"texture":"#main"},"north":{"uv":[6,0,8,2],"texture":"#main"},"south":{"uv":[6,0,8,2],"texture":"#main"},"west":{"uv":[6,0,8,2],"texture":"#main"},"east":{"uv":[6,0,8,2],"texture":"#main"}}},{"from":[7.75,8.75,8.5],"to":[8.25,9.25,9],"faces":{"down":{"uv":[6,0,8,2],"texture":"#main"},"up":{"uv":[6,0,8,2],"texture":"#main"},"north":{"uv":[6,0,8,2],"texture":"#main"},"south":{"uv":[6,0,8,2],"texture":"#main"},"west":{"uv":[6,0,8,2],"texture":"#main"},"east":{"uv":[6,0,8,2],"texture":"#main"}}},{"from":[7.75,8.75,6.5],"to":[8.25,9.25,7],"faces":{"down":{"uv":[6,0,8,2],"texture":"#main"},"up":{"uv":[6,0,8,2],"texture":"#main"},"north":{"uv":[6,0,8,2],"texture":"#main"},"south":{"uv":[6,0,8,2],"texture":"#main"},"west":{"uv":[6,0,8,2],"texture":"#main"},"east":{"uv":[6,0,8,2],"texture":"#main"}}},{"from":[7.75,8.75,7.5],"to":[8.25,9.25,8],"faces":{"down":{"uv":[6,0,8,2],"texture":"#main"},"up":{"uv":[6,0,8,2],"texture":"#main"},"north":{"uv":[6,0,8,2],"texture":"#main"},"south":{"uv":[6,0,8,2],"texture":"#main"},"west":{"uv":[6,0,8,2],"texture":"#main"},"east":{"uv":[6,0,8,2],"texture":"#main"}}},{"from":[7.75,8.75,9.5],"to":[8.25,9.25,10],"faces":{"down":{"uv":[6,0,8,2],"texture":"#main"},"up":{"uv":[6,0,8,2],"texture":"#main"},"north":{"uv":[6,0,8,2],"texture":"#main"},"south":{"uv":[6,0,8,2],"texture":"#main"},"west":{"uv":[6,0,8,2],"texture":"#main"},"east":{"uv":[6,0,8,2],"texture":"#main"}}},{"from":[10,6.5,2.5],"to":[11,7.75,3.75],"faces":{"down":{"uv":[1.3125,0.125,1.5625,0.4375],"texture":"#main"},"up":{"uv":[1.5625,0.125,1.8125,0.4375],"texture":"#main"},"north":{"uv":[1.5,1.0625,1.75,1.375],"texture":"#main"},"south":{"uv":[1.5,1.0625,1.75,1.375],"texture":"#main"},"west":{"uv":[0.125,1.0625,0.4375,1.375],"texture":"#main"},"east":{"uv":[0.125,1.0625,0.4375,1.375],"texture":"#main"}}},{"from":[6,6,2.25],"to":[10,10,6.25],"faces":{"down":{"uv":[11.5,1.3125,10.5,0.3125],"texture":"#main"},"up":{"uv":[10.5,0.3125,11.5,1.3125],"texture":"#main"},"north":{"uv":[10.5,0.5,11.5,1.5],"texture":"#main"},"south":{"uv":[10.5,0.5,11.5,1.5],"texture":"#main"},"west":{"uv":[10.3125,0.5,11.3125,1.5],"texture":"#main"},"east":{"uv":[10.6875,0.5,11.6875,1.5],"texture":"#main"}}},{"from":[5,5.75,4],"to":[11,6.25,4.5],"faces":{"down":{"uv":[13.75,0.875,12.25,0.75],"texture":"#main"},"up":{"uv":[12.25,0.75,13.75,0.875],"texture":"#main"},"north":{"uv":[12.25,1.4375,13.75,1.5625],"texture":"#main"},"south":{"uv":[12.25,1.4375,13.75,1.5625],"texture":"#main"},"west":{"uv":[12.75,1.4375,12.875,1.5625],"texture":"#main"},"east":{"uv":[13.125,1.4375,13.25,1.5625],"texture":"#main"}}},{"from":[5,6.25,4],"to":[5.5,10.5,4.5],"faces":{"down":{"uv":[13.75,0.875,13.625,0.75],"texture":"#main"},"up":{"uv":[12.25,0.75,12.375,0.875],"texture":"#main"},"north":{"uv":[13.625,0.375,13.75,1.4375],"texture":"#main"},"south":{"uv":[12.25,0.375,12.375,1.4375],"texture":"#main"},"west":{"uv":[12.75,0.375,12.875,1.4375],"texture":"#main"},"east":{"uv":[13.125,0.375,13.25,1.4375],"texture":"#main"}}},{"from":[10.5,6.25,4],"to":[11,10.5,4.5],"faces":{"down":{"uv":[12.375,0.875,12.25,0.75],"texture":"#main"},"up":{"uv":[13.625,0.75,13.75,0.875],"texture":"#main"},"north":{"uv":[12.25,0.375,12.375,1.4375],"texture":"#main"},"south":{"uv":[13.625,0.375,13.75,1.4375],"texture":"#main"},"west":{"uv":[12.75,0.375,12.875,1.4375],"texture":"#main"},"east":{"uv":[13.125,0.375,13.25,1.4375],"texture":"#main"}}},{"from":[5.25,10,4],"to":[8.25,10.5,4.5],"rotation":{"origin":[5.25,10.5,4],"axis":"z","angle":22.5},"faces":{"down":{"uv":[13.625,1.0625,13,0.9375],"texture":"#main"},"up":{"uv":[12.375,0.9375,13,1.0625],"texture":"#main"},"north":{"uv":[13,0.3125,13.625,0.4375],"texture":"#main"},"south":{"uv":[12.375,0.3125,13,0.4375],"texture":"#main"},"west":{"uv":[12.9375,0.3125,13.0625,0.4375],"texture":"#main"},"east":{"uv":[12.9375,0.3125,13.0625,0.4375],"texture":"#main"}}},{"from":[8.03125,11.0938,4],"to":[11.0313,11.5938,4.5],"rotation":{"origin":[8.03125,11.5938,4],"axis":"z","angle":-22.5},"faces":{"down":{"uv":[13,1.0625,12.375,0.9375],"texture":"#main"},"up":{"uv":[13,0.9375,13.625,1.0625],"texture":"#main"},"north":{"uv":[12.375,0.3125,13,0.4375],"texture":"#main"},"south":{"uv":[13,0.3125,13.625,0.4375],"texture":"#main"},"west":{"uv":[12.9375,0.3125,13.0625,0.4375],"texture":"#main"},"east":{"uv":[12.9375,0.3125,13.0625,0.4375],"texture":"#main"}}},{"from":[5.5,8,4],"to":[6,8.5,7],"faces":{"down":{"uv":[13.625,1.5,13.5,0.75],"texture":"#main"},"up":{"uv":[12.375,0.75,12.5,1.5],"texture":"#main"},"north":{"uv":[13.5,0.875,13.625,1],"texture":"#main"},"south":{"uv":[12.375,0.875,12.5,1],"texture":"#main"},"west":{"uv":[12.75,0.875,13.5,1],"texture":"#main"},"east":{"uv":[12.5,0.875,13.25,1],"texture":"#main"}}},{"from":[5.5,8.25,7],"to":[6,9.5,7.5],"rotation":{"origin":[5.5,9.5,7],"axis":"x","angle":22.5},"faces":{"down":{"uv":[14,0.625,14,0.5],"texture":"#main"},"up":{"uv":[12,0.5,12,0.625],"texture":"#main"},"north":{"uv":[14,0,14,0.3125],"texture":"#main"},"south":{"uv":[12,0,12,0.3125],"texture":"#main"},"west":{"uv":[12.5,0,12.625,0.3125],"texture":"#main"},"east":{"uv":[13.375,0,13.5,0.3125],"texture":"#main"}}},{"from":[6,6,1.5],"to":[10,9,2.25],"faces":{"down":{"uv":[11.5,0.3125,10.5,0.125],"texture":"#main"},"up":{"uv":[10.5,0.125,11.5,0.3125],"texture":"#main"},"north":{"uv":[10.5,0.75,11.5,1.5],"texture":"#main"},"south":{"uv":[10.5,0.75,11.5,1.5],"texture":"#main"},"west":{"uv":[10.125,0.75,10.3125,1.5],"texture":"#main"},"east":{"uv":[11.6875,0.75,11.875,1.5],"texture":"#main"}}},{"from":[7,6.25,6.25],"to":[9,9.25,6.5],"faces":{"down":{"uv":[13.25,1.375,12.75,1.3125],"texture":"#main"},"up":{"uv":[12.75,1.3125,13.25,1.375],"texture":"#main"},"north":{"uv":[12.75,0.6875,13.25,1.4375],"texture":"#main"},"south":{"uv":[12.75,0.6875,13.25,1.4375],"texture":"#main"},"west":{"uv":[13.3125,0.6875,13.375,1.4375],"texture":"#main"},"east":{"uv":[12.625,0.6875,12.6875,1.4375],"texture":"#main"}}},{"from":[7.5,7.25,6.5],"to":[8.5,8.75,14.5],"faces":{"down":{"uv":[8.875,2,9.125,3.875],"texture":"#main"},"up":{"uv":[8.875,2,9.125,3.875],"texture":"#main"},"north":{"uv":[8.875,2.8125,9.125,3.25],"texture":"#main"},"south":{"uv":[8.875,2.8125,9.125,3.25],"texture":"#main"},"west":{"uv":[8,2.8125,9.875,3.25],"texture":"#main"},"east":{"uv":[8,2.8125,9.875,3.25],"texture":"#main"}}},{"from":[7.75,6.75,11],"to":[8.25,7.25,11.5],"faces":{"down":{"uv":[14,0,16,2],"texture":"#main"},"up":{"uv":[14,0,16,2],"texture":"#main"},"north":{"uv":[14,0,16,2],"texture":"#main"},"south":{"uv":[14,0,16,2],"texture":"#main"},"west":{"uv":[14,0,16,2],"texture":"#main"},"east":{"uv":[14,0,16,2],"texture":"#main"}}},{"from":[7.75,6.75,13],"to":[8.25,7.25,13.5],"faces":{"down":{"uv":[14,0,16,2],"texture":"#main"},"up":{"uv":[14,0,16,2],"texture":"#main"},"north":{"uv":[14,0,16,2],"texture":"#main"},"south":{"uv":[14,0,16,2],"texture":"#main"},"west":{"uv":[14,0,16,2],"texture":"#main"},"east":{"uv":[14,0,16,2],"texture":"#main"}}},{"from":[7.75,6.75,12],"to":[8.25,7.25,12.5],"faces":{"down":{"uv":[14,0,16,2],"texture":"#main"},"up":{"uv":[14,0,16,2],"texture":"#main"},"north":{"uv":[14,0,16,2],"texture":"#main"},"south":{"uv":[14,0,16,2],"texture":"#main"},"west":{"uv":[14,0,16,2],"texture":"#main"},"east":{"uv":[14,0,16,2],"texture":"#main"}}},{"from":[7.75,6.75,10],"to":[8.25,7.25,10.5],"faces":{"down":{"uv":[14,0,16,2],"texture":"#main"},"up":{"uv":[14,0,16,2],"texture":"#main"},"north":{"uv":[14,0,16,2],"texture":"#main"},"south":{"uv":[14,0,16,2],"texture":"#main"},"west":{"uv":[14,0,16,2],"texture":"#main"},"east":{"uv":[14,0,16,2],"texture":"#main"}}},{"from":[7.75,6.75,8],"to":[8.25,7.25,8.5],"faces":{"down":{"uv":[14,0,16,2],"texture":"#main"},"up":{"uv":[14,0,16,2],"texture":"#main"},"north":{"uv":[14,0,16,2],"texture":"#main"},"south":{"uv":[14,0,16,2],"texture":"#main"},"west":{"uv":[14,0,16,2],"texture":"#main"},"east":{"uv":[14,0,16,2],"texture":"#main"}}},{"from":[7.75,6.75,5.5],"to":[8.25,7.25,6],"faces":{"down":{"uv":[14,0,16,2],"texture":"#main"},"up":{"uv":[14,0,16,2],"texture":"#main"},"north":{"uv":[14,0,16,2],"texture":"#main"},"south":{"uv":[14,0,16,2],"texture":"#main"},"west":{"uv":[14,0,16,2],"texture":"#main"},"east":{"uv":[14,0,16,2],"texture":"#main"}}},{"from":[7.75,6.75,7],"to":[8.25,7.25,7.5],"faces":{"down":{"uv":[14,0,16,2],"texture":"#main"},"up":{"uv":[14,0,16,2],"texture":"#main"},"north":{"uv":[14,0,16,2],"texture":"#main"},"south":{"uv":[14,0,16,2],"texture":"#main"},"west":{"uv":[14,0,16,2],"texture":"#main"},"east":{"uv":[14,0,16,2],"texture":"#main"}}},{"from":[7.75,6.75,9],"to":[8.25,7.25,9.5],"faces":{"down":{"uv":[14,0,16,2],"texture":"#main"},"up":{"uv":[14,0,16,2],"texture":"#main"},"north":{"uv":[14,0,16,2],"texture":"#main"},"south":{"uv":[14,0,16,2],"texture":"#main"},"west":{"uv":[14,0,16,2],"texture":"#main"},"east":{"uv":[14,0,16,2],"texture":"#main"}}},{"from":[7.75,6.75,14],"to":[8.25,7.25,14.5],"faces":{"down":{"uv":[14,0,16,2],"texture":"#main"},"up":{"uv":[14,0,16,2],"texture":"#main"},"north":{"uv":[14,0,16,2],"texture":"#main"},"south":{"uv":[14,0,16,2],"texture":"#main"},"west":{"uv":[14,0,16,2],"texture":"#main"},"east":{"uv":[14,0,16,2],"texture":"#main"}}},{"from":[7.75,8.25,14.5],"to":[8.25,8.75,15],"faces":{"down":{"uv":[14,0,16,2],"texture":"#main"},"up":{"uv":[14,0,16,2],"texture":"#main"},"north":{"uv":[14,0,16,2],"texture":"#main"},"south":{"uv":[14,0,16,2],"texture":"#main"},"west":{"uv":[14,0,16,2],"texture":"#main"},"east":{"uv":[14,0,16,2],"texture":"#main"}}},{"from":[7.75,7.25,14.5],"to":[8.25,7.75,15],"faces":{"down":{"uv":[14,0,16,2],"texture":"#main"},"up":{"uv":[14,0,16,2],"texture":"#main"},"north":{"uv":[14,0,16,2],"texture":"#main"},"south":{"uv":[14,0,16,2],"texture":"#main"},"west":{"uv":[14,0,16,2],"texture":"#main"},"east":{"uv":[14,0,16,2],"texture":"#main"}}},{"from":[7.75,8.75,12],"to":[8.25,9.25,12.5],"faces":{"down":{"uv":[14,0,16,2],"texture":"#main"},"up":{"uv":[14,0,16,2],"texture":"#main"},"north":{"uv":[14,0,16,2],"texture":"#main"},"south":{"uv":[14,0,16,2],"texture":"#main"},"west":{"uv":[14,0,16,2],"texture":"#main"},"east":{"uv":[14,0,16,2],"texture":"#main"}}},{"from":[7.75,8.75,14],"to":[8.25,9.25,14.5],"faces":{"down":{"uv":[14,0,16,2],"texture":"#main"},"up":{"uv":[14,0,16,2],"texture":"#main"},"north":{"uv":[14,0,16,2],"texture":"#main"},"south":{"uv":[14,0,16,2],"texture":"#main"},"west":{"uv":[14,0,16,2],"texture":"#main"},"east":{"uv":[14,0,16,2],"texture":"#main"}}},{"from":[7.75,8.75,13],"to":[8.25,9.25,13.5],"faces":{"down":{"uv":[14,0,16,2],"texture":"#main"},"up":{"uv":[14,0,16,2],"texture":"#main"},"north":{"uv":[14,0,16,2],"texture":"#main"},"south":{"uv":[14,0,16,2],"texture":"#main"},"west":{"uv":[14,0,16,2],"texture":"#main"},"east":{"uv":[14,0,16,2],"texture":"#main"}}},{"from":[7.75,8.75,11],"to":[8.25,9.25,11.5],"faces":{"down":{"uv":[14,0,16,2],"texture":"#main"},"up":{"uv":[14,0,16,2],"texture":"#main"},"north":{"uv":[14,0,16,2],"texture":"#main"},"south":{"uv":[14,0,16,2],"texture":"#main"},"west":{"uv":[14,0,16,2],"texture":"#main"},"east":{"uv":[14,0,16,2],"texture":"#main"}}},{"from":[7.75,8.75,9],"to":[8.25,9.25,9.5],"faces":{"down":{"uv":[14,0,16,2],"texture":"#main"},"up":{"uv":[14,0,16,2],"texture":"#main"},"north":{"uv":[14,0,16,2],"texture":"#main"},"south":{"uv":[14,0,16,2],"texture":"#main"},"west":{"uv":[14,0,16,2],"texture":"#main"},"east":{"uv":[14,0,16,2],"texture":"#main"}}},{"from":[7.75,8.75,7],"to":[8.25,9.25,7.5],"faces":{"down":{"uv":[14,0,16,2],"texture":"#main"},"up":{"uv":[14,0,16,2],"texture":"#main"},"north":{"uv":[14,0,16,2],"texture":"#main"},"south":{"uv":[14,0,16,2],"texture":"#main"},"west":{"uv":[14,0,16,2],"texture":"#main"},"east":{"uv":[14,0,16,2],"texture":"#main"}}},{"from":[7.75,8.75,8],"to":[8.25,9.25,8.5],"faces":{"down":{"uv":[14,0,16,2],"texture":"#main"},"up":{"uv":[14,0,16,2],"texture":"#main"},"north":{"uv":[14,0,16,2],"texture":"#main"},"south":{"uv":[14,0,16,2],"texture":"#main"},"west":{"uv":[14,0,16,2],"texture":"#main"},"east":{"uv":[14,0,16,2],"texture":"#main"}}},{"from":[7.75,8.75,10],"to":[8.25,9.25,10.5],"faces":{"down":{"uv":[14,0,16,2],"texture":"#main"},"up":{"uv":[14,0,16,2],"texture":"#main"},"north":{"uv":[14,0,16,2],"texture":"#main"},"south":{"uv":[14,0,16,2],"texture":"#main"},"west":{"uv":[14,0,16,2],"texture":"#main"},"east":{"uv":[14,0,16,2],"texture":"#main"}}},{"from":[10,6.5,2.5],"to":[11,7.75,3.75],"faces":{"down":{"uv":[9.3125,0.125,9.5625,0.4375],"texture":"#main"},"up":{"uv":[9.5625,0.125,9.8125,0.4375],"texture":"#main"},"north":{"uv":[9.5,1.0625,9.75,1.375],"texture":"#main"},"south":{"uv":[9.5,1.0625,9.75,1.375],"texture":"#main"},"west":{"uv":[8.125,1.0625,8.4375,1.375],"texture":"#main"},"east":{"uv":[8.125,1.0625,8.4375,1.375],"texture":"#main"}}}],"display":{"thirdperson_righthand":{"rotation":[97,180,-4],"translation":[-6.99,10.77,-4.54],"scale":[3,3,3]},"firstperson_righthand":{"rotation":[40,180,0],"translation":[0,3.11,-1.79],"scale":[2,2,2]},"gui":{"rotation":[-49,49,40],"translation":[0,0,0],"scale":[1.2,1.2,1.2]}}}