{"textures":{"texture":"minemakers/iron","orange":"minemakers/color/orange"},"elements":[{"from":[8.5,0.5,7],"to":[9,10.5,8],"faces":{"up":{"uv":[7,8,7.5,9],"rotation":180,"texture":"#orange"},"west":{"uv":[7,5.5,8,15.5],"texture":"#orange"},"east":{"uv":[8,5.5,9,15.5],"texture":"#orange"}}},{"from":[8,0,6.5],"to":[9.5,10.5,7],"faces":{"down":{"uv":[6.5,9,8,9.5],"rotation":180,"texture":"#orange","cullface":"down"},"north":{"uv":[6.5,3,8,16],"texture":"#orange"},"south":{"uv":[6.5,3,8,16],"texture":"#orange"},"west":{"uv":[9,3,9.5,16],"texture":"#orange"},"east":{"uv":[9,3,9.5,16],"texture":"#orange"}}},{"from":[8,0,8],"to":[9.5,10.5,8.5],"faces":{"down":{"uv":[9.5,8,8,7.5],"rotation":180,"texture":"#orange","cullface":"down"},"north":{"uv":[6.5,5.5,8,16],"texture":"#orange"},"south":{"uv":[8,5.5,9.5,16],"texture":"#orange"},"west":{"uv":[8,5.5,8.5,16],"texture":"#orange"},"east":{"uv":[7.5,5.5,8,16],"texture":"#orange"}}},{"from":[8,0,7],"to":[9.5,0.5,8],"faces":{"down":{"uv":[9.5,9,8,8],"rotation":180,"texture":"#orange","cullface":"down"},"up":{"uv":[6.5,8,8,9],"rotation":180,"texture":"#orange"},"west":{"uv":[7,15.5,8,16],"texture":"#orange"},"east":{"uv":[8,15.5,9,16],"texture":"#orange"}}},{"from":[8,12,6.5],"to":[9.5,13,10],"faces":{"down":{"uv":[6.5,7,8,9],"rotation":180,"texture":"#texture"},"up":{"uv":[6.5,7,8,9],"rotation":180,"texture":"#texture"},"north":{"uv":[6.5,3,8,4],"texture":"#texture"},"west":{"uv":[7,3,9,4],"texture":"#texture"},"east":{"uv":[7,3,9,4],"texture":"#texture"}}},{"from":[8,10.5,6.5],"to":[9.5,12,7.5],"faces":{"north":{"uv":[6.5,4,8,5.5],"texture":"#texture"},"south":{"uv":[6.5,4,8,5.5],"texture":"#texture"},"west":{"uv":[8.5,4,9,5.5],"texture":"#texture"},"east":{"uv":[8.5,4,9,5.5],"texture":"#texture"}}},{"from":[8.5,13,7],"to":[9,14.5,8],"faces":{"up":{"uv":[8.5,7,9,8],"texture":"#texture"},"north":{"uv":[7,1.5,7.5,3],"texture":"#texture"},"south":{"uv":[8.5,1.5,9,3],"texture":"#texture"},"west":{"uv":[7,1.5,8,3],"texture":"#texture"},"east":{"uv":[8,1.5,9,3],"texture":"#texture"}}},{"from":[8.5,14,8.0625],"to":[9,15.5,9.0625],"rotation":{"origin":[8.5,15.5,8.0625],"axis":"x","angle":45},"faces":{"down":{"uv":[16,5,16,4],"texture":"#texture"},"up":{"uv":[0,4,0,5],"texture":"#texture"},"north":{"uv":[16,0,16,1.5],"texture":"#texture"},"south":{"uv":[0,0,0,1.5],"texture":"#texture"},"west":{"uv":[4,0,5,1.5],"texture":"#texture"},"east":{"uv":[11,0,12,1.5],"texture":"#texture"}}},{"from":[8,10.5,10],"to":[9.5,16,11],"faces":{"down":{"uv":[8,11,6.5,10],"texture":"#texture"},"up":{"uv":[8,10,9.5,11],"texture":"#texture","cullface":"up"},"north":{"uv":[6.5,0,8,5.5],"texture":"#texture"},"south":{"uv":[8,0,9.5,5.5],"texture":"#texture"},"west":{"uv":[10,0,11,5.5],"texture":"#texture"},"east":{"uv":[5,0,6,5.5],"texture":"#texture"}}},{"from":[8,10.5,7.5],"to":[9.5,11,10],"faces":{"down":{"uv":[8,10,6.5,7.5],"texture":"#texture"},"up":{"uv":[8,7.5,9.5,10],"texture":"#texture"},"west":{"uv":[7.5,5,10,5.5],"texture":"#texture"},"east":{"uv":[6,5,8.5,5.5],"texture":"#texture"}}},{"from":[8.5,11.1875,7.5],"to":[9,11.6875,10],"faces":{"down":{"uv":[7.5,10,7,7.5],"texture":"#texture"},"up":{"uv":[8.5,7.5,9,10],"texture":"#texture"},"west":{"uv":[7.5,4.3125,10,4.8125],"texture":"#texture"},"east":{"uv":[6,4.3125,8.5,4.8125],"texture":"#texture"}}},{"from":[7.75,10,6.3125],"to":[9.75,10.5,8.8125],"faces":{"down":{"uv":[8.25,8.8125,6.25,6.3125],"texture":"#orange"},"up":{"uv":[7.75,6.3125,9.75,8.8125],"texture":"#orange"},"north":{"uv":[6.25,5.5,8.25,6],"texture":"#orange"},"south":{"uv":[7.75,5.5,9.75,6],"texture":"#orange"},"west":{"uv":[6.3125,5.5,8.8125,6],"texture":"#orange"},"east":{"uv":[7.1875,5.5,9.6875,6],"texture":"#orange"}}}],"display":{"thirdperson_righthand":{"rotation":[1,-160,1],"translation":[1.13,6.05,2.08],"scale":[1.5,1.5,1.5]},"firstperson_righthand":{"rotation":[-24,180,0],"translation":[0.94,1.89,0],"scale":[1,1,1]},"gui":{"rotation":[35,45,-60],"translation":[-0.1,0.1,0],"scale":[1.1,1.1,1.1]}}}