{"textures":{"texture":"blocks/hardened_clay_stained_magenta","purpur_block":"blocks/purpur_block"},"elements":[{"from":[6,2,5.5],"to":[11.5,6,9.5],"faces":{"down":{"uv":[10,9.5,4.5,5.5],"texture":"#texture"},"up":{"uv":[6,5.5,11.5,9.5],"texture":"#texture"},"north":{"uv":[4.5,10,10,14],"texture":"#texture"},"south":{"uv":[6,10,11.5,14],"texture":"#texture"},"west":{"uv":[5.5,10,9.5,14],"texture":"#texture"},"east":{"uv":[6.5,10,10.5,14],"texture":"#texture"}}},{"from":[4,3,7],"to":[5,6,8],"rotation":{"origin":[4,6,7],"axis":"z","angle":45},"faces":{"down":{"uv":[11.5,8,10.5,7],"texture":"#texture"},"up":{"uv":[4.5,7,5.5,8],"texture":"#texture"},"north":{"uv":[10.5,10.5,11.5,13],"texture":"#texture"},"south":{"uv":[4.5,10.5,5.5,13],"texture":"#texture"},"west":{"uv":[7,10.5,8,13],"texture":"#texture"},"east":{"uv":[8,10.5,9,13],"texture":"#texture"}}},{"from":[6,6,7],"to":[7,9,8],"faces":{"down":{"uv":[10,8,9,7],"texture":"#texture"},"up":{"uv":[6,7,7,8],"texture":"#texture"},"north":{"uv":[9,7,10,10],"texture":"#texture"},"south":{"uv":[6,7,7,10],"texture":"#texture"},"west":{"uv":[7,7,8,10],"texture":"#texture"},"east":{"uv":[8,7,9,10],"texture":"#texture"}}},{"from":[7.5,6,7],"to":[8.5,9.5,8],"faces":{"down":{"uv":[8.5,8,7.5,7],"texture":"#texture"},"up":{"uv":[7.5,7,8.5,8],"texture":"#texture"},"north":{"uv":[7.5,6.5,8.5,10],"texture":"#texture"},"south":{"uv":[7.5,6.5,8.5,10],"texture":"#texture"},"west":{"uv":[7,6.5,8,10],"texture":"#texture"},"east":{"uv":[8,6.5,9,10],"texture":"#texture"}}},{"from":[9,5.5,6],"to":[10,8.5,7],"rotation":{"origin":[9,8.5,6],"axis":"x","angle":-22.5},"faces":{"down":{"uv":[7,9.5,6,8.5],"texture":"#texture"},"up":{"uv":[9,8.5,10,9.5],"texture":"#texture"},"north":{"uv":[6,7,7,10],"texture":"#texture"},"south":{"uv":[9,7,10,10],"texture":"#texture"},"west":{"uv":[8.5,7,9.5,10],"texture":"#texture"},"east":{"uv":[6.5,7,7.5,10],"texture":"#texture"}}},{"from":[10.3125,4.5,5],"to":[11.3125,7.5,6],"rotation":{"origin":[10.3125,7.5,5],"axis":"x","angle":-45},"faces":{"down":{"uv":[5.5,8,4.5,7],"texture":"#texture"},"up":{"uv":[10.5,7,11.5,8],"texture":"#texture"},"north":{"uv":[4.5,0,5.5,2],"texture":"#texture"},"south":{"uv":[10.5,0,11.5,2],"texture":"#texture"},"west":{"uv":[7,0,8,2],"texture":"#texture"},"east":{"uv":[8,0,9,2],"texture":"#texture"}}},{"from":[6.0625,9.25,6.5625],"to":[6.875,10.25,8.5625],"rotation":{"origin":[6.0625,10.25,6.5625],"axis":"x","angle":45},"faces":{"down":{"uv":[10,7,9,5],"texture":"#texture"},"up":{"uv":[6,5,7,7],"texture":"#texture"},"north":{"uv":[9,0,10,1],"texture":"#texture"},"south":{"uv":[6,0,7,1],"texture":"#texture"},"west":{"uv":[5,0,7,1],"texture":"#texture"},"east":{"uv":[9,0,11,1],"texture":"#texture"}}},{"from":[6,9.25,5.125],"to":[7,10.25,6.625],"faces":{"down":{"uv":[10,6.625,9,5.125],"texture":"#purpur_block"},"up":{"uv":[6,5.125,7,6.625],"texture":"#purpur_block"},"north":{"uv":[9,5.75,10,6.75],"texture":"#purpur_block"},"south":{"uv":[6,5.75,7,6.75],"texture":"#purpur_block"},"west":{"uv":[5.125,5.75,6.625,6.75],"texture":"#purpur_block"},"east":{"uv":[9.375,5.75,10.875,6.75],"texture":"#purpur_block"}}},{"from":[4.125,6.25,6.125],"to":[5,7.25,8.125],"rotation":{"origin":[4.125,7.25,6.125],"axis":"x","angle":22.5},"faces":{"down":{"uv":[12,8,11,6],"texture":"#purpur_block"},"up":{"uv":[4,6,5,8],"texture":"#purpur_block"},"north":{"uv":[11,9.5,12,10.5],"texture":"#purpur_block"},"south":{"uv":[4,9.5,5,10.5],"texture":"#purpur_block"},"west":{"uv":[6,9.5,8,10.5],"texture":"#purpur_block"},"east":{"uv":[8,9.5,10,10.5],"texture":"#purpur_block"}}},{"from":[7.5625,9.3125,5.6875],"to":[8.4375,10.3125,8.1875],"rotation":{"origin":[7.5625,10.3125,5.6875],"axis":"x","angle":22.5},"faces":{"down":{"uv":[16,6.5,16,4],"texture":"#texture"},"up":{"uv":[0,4,0,6.5],"texture":"#texture"},"north":{"uv":[16,0,16,1],"texture":"#texture"},"south":{"uv":[0,0,0,1],"texture":"#texture"},"west":{"uv":[4,0,6.5,1],"texture":"#texture"},"east":{"uv":[9.5,0,12,1],"texture":"#texture"}}},{"from":[7.5,9.3125,4],"to":[8.5,10.3125,6],"faces":{"down":{"uv":[8,3,7,2],"texture":"#purpur_block"},"up":{"uv":[8,2,9,3],"texture":"#purpur_block"},"north":{"uv":[7,0,8,2],"texture":"#purpur_block"},"south":{"uv":[8,0,9,2],"texture":"#purpur_block"},"west":{"uv":[2,0,3,2],"texture":"#purpur_block"},"east":{"uv":[13,0,14,2],"texture":"#purpur_block"}}},{"from":[9.0625,8.5,5],"to":[9.9375,9.5,7],"rotation":{"origin":[9.0625,9.5,5],"axis":"x","angle":22.5},"faces":{"down":{"uv":[7,5.5,6,3.5],"texture":"#purpur_block"},"up":{"uv":[9,3.5,10,5.5],"texture":"#purpur_block"},"north":{"uv":[6,0,7,1],"texture":"#purpur_block"},"south":{"uv":[9,0,10,1],"texture":"#purpur_block"},"west":{"uv":[3.5,0,5.5,1],"texture":"#purpur_block"},"east":{"uv":[10.5,0,12.5,1],"texture":"#purpur_block"}}},{"from":[10.375,6.875,4.6875],"to":[11.1875,7.875,5.6875],"rotation":{"origin":[10.375,7.875,4.6875],"axis":"x","angle":-22.5},"faces":{"down":{"uv":[5.625,5.4375,4.8125,4.4375],"texture":"#purpur_block"},"up":{"uv":[10.375,4.4375,11.1875,5.4375],"texture":"#purpur_block"},"north":{"uv":[4.8125,7.5,5.625,8.5],"texture":"#purpur_block"},"south":{"uv":[10.375,7.5,11.1875,8.5],"texture":"#purpur_block"},"west":{"uv":[4.4375,7.5,5.4375,8.5],"texture":"#purpur_block"},"east":{"uv":[10.5625,7.5,11.5625,8.5],"texture":"#purpur_block"}}}],"display":{"thirdperson_righthand":{"rotation":[-88,9,0],"translation":[-1.32,-1.13,-4.16],"scale":[1.3,1.3,1.3]},"firstperson_righthand":{"rotation":[-26,0,0],"translation":[0,3.97,0],"scale":[1,1,1]},"gui":{"rotation":[21,-153,0],"translation":[0,3,0],"scale":[1.5,1.5,1.5]}}}