{"textures":{"particle":"minemakers/sword_black","texture":"minemakers/sword_black","diamond_block":"minemakers/color/lime","log_oak":"minemakers/wood"},"elements":[{"from":[7,7.5,7],"to":[8,18,7.5],"faces":{"down":{"uv":[7,7,8,7.5],"texture":"#texture"},"up":{"uv":[7,7,8,7.5],"texture":"#texture"},"north":{"uv":[7,0,8,10.5],"texture":"#texture"},"south":{"uv":[7,0,8,10.5],"texture":"#texture"},"west":{"uv":[7,0,7.5,10.5],"texture":"#texture"},"east":{"uv":[7,0,7.5,10.5],"texture":"#texture"}}},{"from":[6.5,7.5,7],"to":[7,16,7.5],"faces":{"down":{"uv":[6.5,7,7,7.5],"texture":"#texture"},"up":{"uv":[6.5,7,7,7.5],"texture":"#texture"},"north":{"uv":[6.5,0,7,8.5],"texture":"#texture"},"south":{"uv":[6.5,0,7,8.5],"texture":"#texture"},"west":{"uv":[7,0,7.5,8.5],"texture":"#texture"},"east":{"uv":[7,0,7.5,8.5],"texture":"#texture"}}},{"from":[8,7.5,7],"to":[8.5,17,7.5],"faces":{"down":{"uv":[8,7,8.5,7.5],"texture":"#texture"},"up":{"uv":[8,7,8.5,7.5],"texture":"#texture"},"north":{"uv":[8,0,8.5,9.5],"texture":"#texture"},"south":{"uv":[8,0,8.5,9.5],"texture":"#texture"},"west":{"uv":[7,0,7.5,9.5],"texture":"#texture"},"east":{"uv":[7,0,7.5,9.5],"texture":"#texture"}}},{"from":[6,7.5,7],"to":[6.5,14,7.5],"faces":{"down":{"uv":[6,7,6.5,7.5],"texture":"#texture"},"up":{"uv":[6,7,6.5,7.5],"texture":"#texture"},"north":{"uv":[6,2,6.5,8.5],"texture":"#texture"},"south":{"uv":[6,2,6.5,8.5],"texture":"#texture"},"west":{"uv":[7,2,7.5,8.5],"texture":"#texture"},"east":{"uv":[7,2,7.5,8.5],"texture":"#texture"}}},{"from":[8.5,7.5,7],"to":[9,12.5,7.5],"faces":{"down":{"uv":[8.5,7,9,7.5],"texture":"#texture"},"up":{"uv":[8.5,7,9,7.5],"texture":"#texture"},"north":{"uv":[8.5,3.5,9,8.5],"texture":"#texture"},"south":{"uv":[8.5,3.5,9,8.5],"texture":"#texture"},"west":{"uv":[7,3.5,7.5,8.5],"texture":"#texture"},"east":{"uv":[7,3.5,7.5,8.5],"texture":"#texture"}}},{"from":[7.5,17.875,7],"to":[8,18.375,7.5],"rotation":{"origin":[7.5,18.375,7],"axis":"z","angle":-45},"faces":{"down":{"uv":[15.5,9.5,14.5,8.5],"texture":"#texture"},"up":{"uv":[0.5,8.5,1.5,9.5],"texture":"#texture"},"north":{"uv":[14.5,7,15.5,8],"texture":"#texture"},"south":{"uv":[0.5,7,1.5,8],"texture":"#texture"},"west":{"uv":[8.5,7,9.5,8],"texture":"#texture"},"east":{"uv":[6.5,7,7.5,8],"texture":"#texture"}}},{"from":[6.5,5,7],"to":[8.5,7.5,7.5],"faces":{"down":{"uv":[9.5,7.5,7.5,7],"texture":"#texture"},"up":{"uv":[6.5,7,8.5,7.5],"texture":"#texture"},"north":{"uv":[7.5,8.5,9.5,11],"texture":"#texture"},"south":{"uv":[6.5,8.5,8.5,11],"texture":"#texture"},"west":{"uv":[7,8.5,7.5,11],"texture":"#texture"},"east":{"uv":[8.5,8.5,9,11],"texture":"#texture"}}},{"from":[5,4,6.5],"to":[10,5,8],"faces":{"down":{"uv":[5,6.5,10,8],"texture":"#log_oak"},"up":{"uv":[5,6.5,10,8],"texture":"#log_oak"},"north":{"uv":[5,11,10,12],"texture":"#log_oak"},"south":{"uv":[5,11,10,12],"texture":"#log_oak"},"west":{"uv":[6.5,11,8,12],"texture":"#log_oak"},"east":{"uv":[6.5,11,8,12],"texture":"#log_oak"}}},{"from":[7,0,6.6875],"to":[8,4,7.6875],"faces":{"down":{"uv":[7,6.6875,8,7.6875],"texture":"#log_oak"},"up":{"uv":[7,6.6875,8,7.6875],"texture":"#log_oak"},"north":{"uv":[7,12,8,15.5],"texture":"#log_oak"},"south":{"uv":[7,12,8,15.5],"texture":"#log_oak"},"west":{"uv":[6.6875,12,7.6875,15.5],"texture":"#log_oak"},"east":{"uv":[6.6875,12,7.6875,15.5],"texture":"#log_oak"}}},{"from":[6.875,0.6875,6.5625],"to":[8.0625,1.1875,7.8125],"faces":{"down":{"uv":[9.125,7.8125,7.9375,6.5625],"texture":"#diamond_block"},"up":{"uv":[6.875,6.5625,8.0625,7.8125],"texture":"#diamond_block"},"north":{"uv":[7.9375,14.8125,9.125,15.3125],"texture":"#diamond_block"},"south":{"uv":[6.875,14.8125,8.0625,15.3125],"texture":"#diamond_block"},"west":{"uv":[6.5625,14.8125,7.8125,15.3125],"texture":"#diamond_block"},"east":{"uv":[8.1875,14.8125,9.4375,15.3125],"texture":"#diamond_block"}}},{"from":[6.875,2.6875,6.5625],"to":[8.0625,3.1875,7.8125],"faces":{"down":{"uv":[9.125,7.8125,7.9375,6.5625],"texture":"#diamond_block"},"up":{"uv":[6.875,6.5625,8.0625,7.8125],"texture":"#diamond_block"},"north":{"uv":[7.9375,12.8125,9.125,13.3125],"texture":"#diamond_block"},"south":{"uv":[6.875,12.8125,8.0625,13.3125],"texture":"#diamond_block"},"west":{"uv":[6.5625,12.8125,7.8125,13.3125],"texture":"#diamond_block"},"east":{"uv":[8.1875,12.8125,9.4375,13.3125],"texture":"#diamond_block"}}},{"from":[6.875,1.6875,6.5625],"to":[8.0625,2.1875,7.8125],"faces":{"down":{"uv":[9.125,7.8125,7.9375,6.5625],"texture":"#diamond_block"},"up":{"uv":[6.875,6.5625,8.0625,7.8125],"texture":"#diamond_block"},"north":{"uv":[7.9375,13.8125,9.125,14.3125],"texture":"#diamond_block"},"south":{"uv":[6.875,13.8125,8.0625,14.3125],"texture":"#diamond_block"},"west":{"uv":[6.5625,13.8125,7.8125,14.3125],"texture":"#diamond_block"},"east":{"uv":[8.1875,13.8125,9.4375,14.3125],"texture":"#diamond_block"}}},{"from":[4.25,3.875,6.5],"to":[5.25,5.875,8],"rotation":{"origin":[4.25,5.875,6.5],"axis":"z","angle":22.5},"faces":{"down":{"uv":[4.25,6.5,5.25,8],"texture":"#log_oak"},"up":{"uv":[4.25,6.5,5.25,8],"texture":"#log_oak"},"north":{"uv":[4.25,10.125,5.25,12.125],"texture":"#log_oak"},"south":{"uv":[4.25,10.125,5.25,12.125],"texture":"#log_oak"},"west":{"uv":[6.5,10.125,8,12.125],"texture":"#log_oak"},"east":{"uv":[6.5,10.125,8,12.125],"texture":"#log_oak"}}},{"from":[9.875,4.3125,6.5],"to":[10.875,6.3125,8],"rotation":{"origin":[9.875,6.3125,6.5],"axis":"z","angle":-22.5},"faces":{"down":{"uv":[9.875,6.5,10.875,8],"texture":"#log_oak"},"up":{"uv":[9.875,6.5,10.875,8],"texture":"#log_oak"},"north":{"uv":[9.875,9.6875,10.875,11.6875],"texture":"#log_oak"},"south":{"uv":[9.875,9.6875,10.875,11.6875],"texture":"#log_oak"},"west":{"uv":[6.5,9.6875,8,11.6875],"texture":"#log_oak"},"east":{"uv":[6.5,9.6875,8,11.6875],"texture":"#log_oak"}}}],"display":{"thirdperson_righthand":{"rotation":[16,95,0],"translation":[1.89,11.15,4.54],"scale":[2,2,2]},"firstperson_righthand":{"rotation":[-20,98,0],"translation":[9.35,2,-10.04],"scale":[2,2,2]},"gui":{"rotation":[15,15,-46],"translation":[0,-1.4,3.21],"scale":[1,1,1]}}}