{"textures":{"particle":"minemakers/sword_black","texture":"minemakers/sword_black","diamond_block":"minemakers/color/lime","log_oak":"minemakers/wood","iron_block":"minemakers/iron"},"elements":[{"from":[7.5,1.5,7],"to":[8.5,6.5,8],"faces":{"down":{"uv":[8.5,8,7.5,7],"texture":"#log_oak"},"up":{"uv":[7.5,7,8.5,8],"texture":"#log_oak"},"north":{"uv":[7.5,9.5,8.5,14.5],"texture":"#log_oak"},"south":{"uv":[7.5,9.5,8.5,14.5],"texture":"#log_oak"},"west":{"uv":[7,9.5,8,14.5],"texture":"#log_oak"},"east":{"uv":[8,9.5,9,14.5],"texture":"#log_oak"}}},{"from":[8,0,7],"to":[8.5,2,8],"rotation":{"origin":[8,2,7],"axis":"z","angle":22.5},"faces":{"down":{"uv":[15.5,9.5,15,8.5],"texture":"#log_oak"},"up":{"uv":[0.5,8.5,1,9.5],"texture":"#log_oak"},"north":{"uv":[15,7,15.5,9],"texture":"#log_oak"},"south":{"uv":[0.5,7,1,9],"texture":"#log_oak"},"west":{"uv":[8.5,7,9.5,9],"texture":"#log_oak"},"east":{"uv":[6.5,7,7.5,9],"texture":"#log_oak"}}},{"from":[7.5625,0.1875,7],"to":[8.0625,2.1875,8],"rotation":{"origin":[7.5625,2.1875,7],"axis":"z","angle":-22.5},"faces":{"down":{"uv":[10,9.5,9.5,8.5],"texture":"#log_oak"},"up":{"uv":[6,8.5,6.5,9.5],"texture":"#log_oak"},"north":{"uv":[9.5,14,10,16],"texture":"#log_oak"},"south":{"uv":[6,14,6.5,16],"texture":"#log_oak"},"west":{"uv":[8.5,14,9.5,16],"texture":"#log_oak"},"east":{"uv":[6.5,14,7.5,16],"texture":"#log_oak"}}},{"from":[7,6,6.5],"to":[9,6.5,8.5],"faces":{"down":{"uv":[9,8.5,7,6.5],"texture":"#log_oak"},"up":{"uv":[7,6.5,9,8.5],"texture":"#log_oak"},"north":{"uv":[7,9.5,9,10],"texture":"#log_oak"},"south":{"uv":[7,9.5,9,10],"texture":"#log_oak"},"west":{"uv":[6.5,9.5,8.5,10],"texture":"#log_oak"},"east":{"uv":[7.5,9.5,9.5,10],"texture":"#log_oak"}}},{"from":[7.5,6.5,7],"to":[8.5,21,8],"faces":{"down":{"uv":[7.5,7,8.5,8],"texture":"#iron_block"},"up":{"uv":[7.5,7,8.5,8],"texture":"#iron_block"},"north":{"uv":[7.5,0,8.5,14.5],"texture":"#iron_block"},"south":{"uv":[7.5,0,8.5,14.5],"texture":"#iron_block"},"west":{"uv":[7,0,8,14.5],"texture":"#iron_block"},"east":{"uv":[7,0,8,14.5],"texture":"#iron_block"}}},{"from":[8.5,6.5,7],"to":[9,10,8],"faces":{"down":{"uv":[7.5,8,7,7],"texture":"#iron_block"},"up":{"uv":[8.5,7,9,8],"texture":"#iron_block"},"north":{"uv":[7,6,7.5,9.5],"texture":"#iron_block"},"south":{"uv":[8.5,6,9,9.5],"texture":"#iron_block"},"west":{"uv":[7,6,8,9.5],"texture":"#iron_block"},"east":{"uv":[8,6,9,9.5],"texture":"#iron_block"}}},{"from":[9,6.5,7],"to":[9.5,8.5,8],"faces":{"down":{"uv":[7,8,6.5,7],"texture":"#iron_block"},"up":{"uv":[9,7,9.5,8],"texture":"#iron_block"},"north":{"uv":[6.5,7.5,7,9.5],"texture":"#iron_block"},"south":{"uv":[9,7.5,9.5,9.5],"texture":"#iron_block"},"west":{"uv":[7,7.5,8,9.5],"texture":"#iron_block"},"east":{"uv":[8,7.5,9,9.5],"texture":"#iron_block"}}},{"from":[9.9375,4.125,7.1875],"to":[10.9375,6.125,7.9375],"rotation":{"origin":[9.9375,6.125,7.1875],"axis":"z","angle":22.5},"faces":{"down":{"uv":[15.5,9.5,15,8.5],"texture":"#texture"},"up":{"uv":[0.5,8.5,1,9.5],"texture":"#texture"},"north":{"uv":[15,7,15.5,9.5],"texture":"#texture"},"south":{"uv":[0.5,7,1,9.5],"texture":"#texture"},"west":{"uv":[8.5,7,9.5,9.5],"texture":"#texture"},"east":{"uv":[6.5,7,7.5,9.5],"texture":"#texture"}}},{"from":[8.5,11,7],"to":[9,20,8],"faces":{"down":{"uv":[7,7,7.5,8],"texture":"#iron_block"},"up":{"uv":[7,7,7.5,8],"texture":"#iron_block"},"north":{"uv":[7,0,7.5,7],"texture":"#iron_block"},"south":{"uv":[7,0,7.5,7],"texture":"#iron_block"},"west":{"uv":[7,0,8,7],"texture":"#iron_block"},"east":{"uv":[7,0,8,7],"texture":"#iron_block"}}},{"from":[9,11.5,7],"to":[9.5,17.5,8],"faces":{"down":{"uv":[6.5,7,7,8],"texture":"#iron_block"},"up":{"uv":[6.5,7,7,8],"texture":"#iron_block"},"north":{"uv":[6.5,0,7,6],"texture":"#iron_block"},"south":{"uv":[6.5,0,7,6],"texture":"#iron_block"},"west":{"uv":[7,0,8,6],"texture":"#iron_block"},"east":{"uv":[7,0,8,6],"texture":"#iron_block"}}},{"from":[8.5,10,7],"to":[10.5,11,8],"faces":{"down":{"uv":[7.5,8,5.5,7],"texture":"#texture"},"up":{"uv":[8.5,7,10.5,8],"texture":"#texture"},"north":{"uv":[5.5,5,7.5,6],"texture":"#texture"},"south":{"uv":[8.5,5,10.5,6],"texture":"#texture"},"west":{"uv":[7,5,8,6],"texture":"#texture"},"east":{"uv":[8,5,9,6],"texture":"#texture"}}},{"from":[9,8.5,7],"to":[11,10,8],"faces":{"down":{"uv":[7,8,5,7],"texture":"#texture"},"up":{"uv":[9,7,11,8],"texture":"#texture"},"north":{"uv":[5,6,7,7.5],"texture":"#texture"},"south":{"uv":[9,6,11,7.5],"texture":"#texture"},"west":{"uv":[7,6,8,7.5],"texture":"#texture"},"east":{"uv":[8,6,9,7.5],"texture":"#texture"}}},{"from":[9.5,5,7],"to":[11,8.5,8],"faces":{"down":{"uv":[6.5,8,5,7],"texture":"#texture"},"up":{"uv":[9.5,7,11,8],"texture":"#texture"},"north":{"uv":[5,7.5,6.5,11],"texture":"#texture"},"south":{"uv":[9.5,7.5,11,11],"texture":"#texture"},"west":{"uv":[7,7.5,8,11],"texture":"#texture"},"east":{"uv":[8,7.5,9,11],"texture":"#texture"}}},{"from":[9,11,7],"to":[10.5,11.5,8],"faces":{"down":{"uv":[7,8,5.5,7],"texture":"#texture"},"up":{"uv":[9,7,10.5,8],"texture":"#texture"},"north":{"uv":[5.5,4.5,7,5],"texture":"#texture"},"south":{"uv":[9,4.5,10.5,5],"texture":"#texture"},"west":{"uv":[7,4.5,8,5],"texture":"#texture"},"east":{"uv":[8,4.5,9,5],"texture":"#texture"}}},{"from":[9.5,11.5,7],"to":[11,16.5,8],"faces":{"down":{"uv":[6.5,8,5,7],"texture":"#texture"},"up":{"uv":[9.5,7,11,8],"texture":"#texture"},"north":{"uv":[5,0,6.5,4.5],"texture":"#texture"},"south":{"uv":[9.5,0,11,4.5],"texture":"#texture"},"west":{"uv":[7,0,8,4.5],"texture":"#texture"},"east":{"uv":[8,0,9,4.5],"texture":"#texture"}}},{"from":[9.5,16.5,7],"to":[10.5,20,8],"faces":{"down":{"uv":[6.5,8,5.5,7],"texture":"#texture"},"up":{"uv":[9.5,7,10.5,8],"texture":"#texture"},"north":{"uv":[5.5,0,6.5,0],"texture":"#texture"},"south":{"uv":[9.5,0,10.5,0],"texture":"#texture"},"west":{"uv":[7,0,8,0],"texture":"#texture"},"east":{"uv":[8,0,9,0],"texture":"#texture"}}},{"from":[9,17.5,7],"to":[9.5,21.5,8],"faces":{"down":{"uv":[7,8,6.5,7],"texture":"#texture"},"up":{"uv":[9,7,9.5,8],"texture":"#texture"},"north":{"uv":[6.5,0,7,0],"texture":"#texture"},"south":{"uv":[9,0,9.5,0],"texture":"#texture"},"west":{"uv":[7,0,8,0],"texture":"#texture"},"east":{"uv":[8,0,9,0],"texture":"#texture"}}},{"from":[8.5,20,7],"to":[9,23,8],"faces":{"down":{"uv":[7.5,8,7,7],"texture":"#texture"},"up":{"uv":[8.5,7,9,8],"texture":"#texture"},"north":{"uv":[7,0,7.5,0],"texture":"#texture"},"south":{"uv":[8.5,0,9,0],"texture":"#texture"},"west":{"uv":[7,0,8,0],"texture":"#texture"},"east":{"uv":[8,0,9,0],"texture":"#texture"}}},{"from":[11,12.5,7],"to":[11.5,16,8],"faces":{"down":{"uv":[5,8,4.5,7],"texture":"#texture"},"up":{"uv":[11,7,11.5,8],"texture":"#texture"},"north":{"uv":[4.5,0,5,3.5],"texture":"#texture"},"south":{"uv":[11,0,11.5,3.5],"texture":"#texture"},"west":{"uv":[7,0,8,3.5],"texture":"#texture"},"east":{"uv":[8,0,9,3.5],"texture":"#texture"}}},{"from":[7,6.5,7],"to":[7.5,10,8],"faces":{"down":{"uv":[9,8,8.5,7],"texture":"#iron_block"},"up":{"uv":[7,7,7.5,8],"texture":"#iron_block"},"north":{"uv":[8.5,6,9,9.5],"texture":"#iron_block"},"south":{"uv":[7,6,7.5,9.5],"texture":"#iron_block"},"west":{"uv":[7,6,8,9.5],"texture":"#iron_block"},"east":{"uv":[8,6,9,9.5],"texture":"#iron_block"}}},{"from":[6.5,6.5,7],"to":[7,8.5,8],"faces":{"down":{"uv":[9.5,8,9,7],"texture":"#iron_block"},"up":{"uv":[6.5,7,7,8],"texture":"#iron_block"},"north":{"uv":[9,7.5,9.5,9.5],"texture":"#iron_block"},"south":{"uv":[6.5,7.5,7,9.5],"texture":"#iron_block"},"west":{"uv":[7,7.5,8,9.5],"texture":"#iron_block"},"east":{"uv":[8,7.5,9,9.5],"texture":"#iron_block"}}},{"from":[5.8125,4.4375,7.1875],"to":[6.8125,6.4375,7.9375],"rotation":{"origin":[5.8125,6.4375,7.1875],"axis":"z","angle":-45},"faces":{"down":{"uv":[15.5,9.5,15,8.5],"texture":"#texture"},"up":{"uv":[0.5,8.5,1,9.5],"texture":"#texture"},"north":{"uv":[15,7,15.5,9.5],"texture":"#texture"},"south":{"uv":[0.5,7,1,9.5],"texture":"#texture"},"west":{"uv":[8.5,7,9.5,9.5],"texture":"#texture"},"east":{"uv":[6.5,7,7.5,9.5],"texture":"#texture"}}},{"from":[7,11,7],"to":[7.5,20,8],"faces":{"down":{"uv":[7,7,7.5,8],"texture":"#iron_block"},"up":{"uv":[7,7,7.5,8],"texture":"#iron_block"},"north":{"uv":[7,0,7.5,7],"texture":"#iron_block"},"south":{"uv":[7,0,7.5,7],"texture":"#iron_block"},"west":{"uv":[7,0,8,7],"texture":"#iron_block"},"east":{"uv":[7,0,8,7],"texture":"#iron_block"}}},{"from":[6.5,11.5,7],"to":[7,17.5,8],"faces":{"down":{"uv":[6.5,7,7,8],"texture":"#iron_block"},"up":{"uv":[6.5,7,7,8],"texture":"#iron_block"},"north":{"uv":[6.5,0,7,6],"texture":"#iron_block"},"south":{"uv":[6.5,0,7,6],"texture":"#iron_block"},"west":{"uv":[7,0,8,6],"texture":"#iron_block"},"east":{"uv":[7,0,8,6],"texture":"#iron_block"}}},{"from":[5.5,10,7],"to":[7.5,11,8],"faces":{"down":{"uv":[10.5,8,8.5,7],"texture":"#texture"},"up":{"uv":[5.5,7,7.5,8],"texture":"#texture"},"north":{"uv":[8.5,5,10.5,6],"texture":"#texture"},"south":{"uv":[5.5,5,7.5,6],"texture":"#texture"},"west":{"uv":[7,5,8,6],"texture":"#texture"},"east":{"uv":[8,5,9,6],"texture":"#texture"}}},{"from":[5,8.5,7],"to":[7,10,8],"faces":{"down":{"uv":[11,8,9,7],"texture":"#texture"},"up":{"uv":[5,7,7,8],"texture":"#texture"},"north":{"uv":[9,6,11,7.5],"texture":"#texture"},"south":{"uv":[5,6,7,7.5],"texture":"#texture"},"west":{"uv":[7,6,8,7.5],"texture":"#texture"},"east":{"uv":[8,6,9,7.5],"texture":"#texture"}}},{"from":[5,5,7],"to":[6.5,8.5,8],"faces":{"down":{"uv":[11,8,9.5,7],"texture":"#texture"},"up":{"uv":[5,7,6.5,8],"texture":"#texture"},"north":{"uv":[9.5,7.5,11,11],"texture":"#texture"},"south":{"uv":[5,7.5,6.5,11],"texture":"#texture"},"west":{"uv":[7,7.5,8,11],"texture":"#texture"},"east":{"uv":[8,7.5,9,11],"texture":"#texture"}}},{"from":[5.5,11,7],"to":[7,11.5,8],"faces":{"down":{"uv":[10.5,8,9,7],"texture":"#texture"},"up":{"uv":[5.5,7,7,8],"texture":"#texture"},"north":{"uv":[9,4.5,10.5,5],"texture":"#texture"},"south":{"uv":[5.5,4.5,7,5],"texture":"#texture"},"west":{"uv":[7,4.5,8,5],"texture":"#texture"},"east":{"uv":[8,4.5,9,5],"texture":"#texture"}}},{"from":[5,11.5,7],"to":[6.5,16.5,8],"faces":{"down":{"uv":[11,8,9.5,7],"texture":"#texture"},"up":{"uv":[5,7,6.5,8],"texture":"#texture"},"north":{"uv":[9.5,0,11,4.5],"texture":"#texture"},"south":{"uv":[5,0,6.5,4.5],"texture":"#texture"},"west":{"uv":[7,0,8,4.5],"texture":"#texture"},"east":{"uv":[8,0,9,4.5],"texture":"#texture"}}},{"from":[5.5,16.5,7],"to":[6.5,20,8],"faces":{"down":{"uv":[10.5,8,9.5,7],"texture":"#texture"},"up":{"uv":[5.5,7,6.5,8],"texture":"#texture"},"north":{"uv":[9.5,0,10.5,0],"texture":"#texture"},"south":{"uv":[5.5,0,6.5,0],"texture":"#texture"},"west":{"uv":[7,0,8,0],"texture":"#texture"},"east":{"uv":[8,0,9,0],"texture":"#texture"}}},{"from":[6.5,17.5,7],"to":[7,21.5,8],"faces":{"down":{"uv":[9.5,8,9,7],"texture":"#texture"},"up":{"uv":[6.5,7,7,8],"texture":"#texture"},"north":{"uv":[9,0,9.5,0],"texture":"#texture"},"south":{"uv":[6.5,0,7,0],"texture":"#texture"},"west":{"uv":[7,0,8,0],"texture":"#texture"},"east":{"uv":[8,0,9,0],"texture":"#texture"}}},{"from":[7,20,7],"to":[7.5,23,8],"faces":{"down":{"uv":[9,8,8.5,7],"texture":"#texture"},"up":{"uv":[7,7,7.5,8],"texture":"#texture"},"north":{"uv":[8.5,0,9,0],"texture":"#texture"},"south":{"uv":[7,0,7.5,0],"texture":"#texture"},"west":{"uv":[7,0,8,0],"texture":"#texture"},"east":{"uv":[8,0,9,0],"texture":"#texture"}}},{"from":[7.5,21,7],"to":[8.5,25.5,8],"faces":{"down":{"uv":[8.5,8,7.5,7],"texture":"#texture"},"up":{"uv":[7.5,7,8.5,8],"texture":"#texture"},"north":{"uv":[7.5,0,8.5,0],"texture":"#texture"},"south":{"uv":[7.5,0,8.5,0],"texture":"#texture"},"west":{"uv":[7,0,8,0],"texture":"#texture"},"east":{"uv":[8,0,9,0],"texture":"#texture"}}},{"from":[4.5,12.5,7],"to":[5,16,8],"faces":{"down":{"uv":[11.5,8,11,7],"texture":"#texture"},"up":{"uv":[4.5,7,5,8],"texture":"#texture"},"north":{"uv":[11,0,11.5,3.5],"texture":"#texture"},"south":{"uv":[4.5,0,5,3.5],"texture":"#texture"},"west":{"uv":[7,0,8,3.5],"texture":"#texture"},"east":{"uv":[8,0,9,3.5],"texture":"#texture"}}},{"from":[7.5,6.5,8],"to":[8.5,8,8.5],"faces":{"down":{"uv":[8.5,8.5,7.5,8],"texture":"#log_oak"},"up":{"uv":[7.5,8,8.5,8.5],"texture":"#log_oak"},"north":{"uv":[7.5,8,8.5,9.5],"texture":"#log_oak"},"south":{"uv":[7.5,8,8.5,9.5],"texture":"#log_oak"},"west":{"uv":[8,8,8.5,9.5],"texture":"#log_oak"},"east":{"uv":[7.5,8,8,9.5],"texture":"#log_oak"}}},{"from":[7.5,6.5,6.5],"to":[8.5,8,7],"faces":{"down":{"uv":[8.5,7,7.5,6.5],"texture":"#log_oak"},"up":{"uv":[7.5,6.5,8.5,7],"texture":"#log_oak"},"north":{"uv":[7.5,8,8.5,9.5],"texture":"#log_oak"},"south":{"uv":[7.5,8,8.5,9.5],"texture":"#log_oak"},"west":{"uv":[6.5,8,7,9.5],"texture":"#log_oak"},"east":{"uv":[9,8,9.5,9.5],"texture":"#log_oak"}}}],"display":{"thirdperson_righthand":{"rotation":[0,90,0],"translation":[0,7.18,2.08],"scale":[2,2,1]},"firstperson_righthand":{"rotation":[0,81,-26],"translation":[1.2,0.2,0.38],"scale":[1.6,1.6,1]},"gui":{"rotation":[15,15,-45],"translation":[-2,-2.5,0],"scale":[0.7,0.7,0.7]}}}