{"textures":{"particle":"minemakers/wood","texture":"minemakers/wood","planks":"minemakers/wood4","hardened_clay_stained_red":"minemakers/color/red","hardened_clay_stained_yellow":"minemakers/color/yellow","log_spruce":"minemakers/wood3"},"elements":[{"from":[7.5,-4,7.5],"to":[8.5,11,8.5],"faces":{"down":{"uv":[10.5,7.5,11.5,8.5],"texture":"#log_spruce"},"up":{"uv":[10.5,7.5,11.5,8.5],"texture":"#log_spruce"},"north":{"uv":[10.5,5,11.5,16],"texture":"#log_spruce"},"south":{"uv":[10.5,5,11.5,16],"texture":"#log_spruce"},"west":{"uv":[7.5,5,8.5,16],"texture":"#log_spruce"},"east":{"uv":[7.5,5,8.5,16],"texture":"#log_spruce"}}},{"from":[7,-4.5,7],"to":[9,-4,9],"faces":{"down":{"uv":[9,9,7,7],"texture":"#texture"},"up":{"uv":[7,7,9,9],"texture":"#texture"},"north":{"uv":[7,16,9,16],"texture":"#texture"},"south":{"uv":[7,16,9,16],"texture":"#texture"},"west":{"uv":[7,16,9,16],"texture":"#texture"},"east":{"uv":[7,16,9,16],"texture":"#texture"}}},{"from":[7.5,-5.5,7.5],"to":[8.5,-4.5,8.5],"faces":{"down":{"uv":[10.5,7.5,11.5,8.5],"texture":"#log_spruce"},"up":{"uv":[10.5,7.5,11.5,8.5],"texture":"#log_spruce"},"north":{"uv":[10.5,15.5,11.5,15.5],"texture":"#log_spruce"},"south":{"uv":[10.5,15.5,11.5,15.5],"texture":"#log_spruce"},"west":{"uv":[7.5,15.5,8.5,15.5],"texture":"#log_spruce"},"east":{"uv":[7.5,15.5,8.5,15.5],"texture":"#log_spruce"}}},{"from":[7,-6,7],"to":[9,-5.5,9],"faces":{"down":{"uv":[9,9,7,7],"texture":"#texture"},"up":{"uv":[7,7,9,9],"texture":"#texture"},"north":{"uv":[7,16,9,16],"texture":"#texture"},"south":{"uv":[7,16,9,16],"texture":"#texture"},"west":{"uv":[7,16,9,16],"texture":"#texture"},"east":{"uv":[7,16,9,16],"texture":"#texture"}}},{"from":[7.6875,-7.5,7.6875],"to":[8.1875,-6,8.1875],"faces":{"down":{"uv":[8.3125,8.1875,7.8125,7.6875],"texture":"#log_spruce"},"up":{"uv":[7.6875,7.6875,8.1875,8.1875],"texture":"#log_spruce"},"north":{"uv":[7.8125,16,8.3125,16],"texture":"#log_spruce"},"south":{"uv":[7.6875,16,8.1875,16],"texture":"#log_spruce"},"west":{"uv":[7.6875,16,8.1875,16],"texture":"#log_spruce"},"east":{"uv":[7.8125,16,8.3125,16],"texture":"#log_spruce"}}},{"from":[7.5,11,7.5],"to":[8.5,14.5,8.5],"faces":{"down":{"uv":[10.5,7.5,11.5,8.5],"texture":"#log_spruce"},"up":{"uv":[10.5,7.5,11.5,8.5],"texture":"#log_spruce"},"north":{"uv":[10.5,1.5,11.5,5],"texture":"#log_spruce"},"south":{"uv":[10.5,1.5,11.5,5],"texture":"#log_spruce"},"west":{"uv":[7.5,1.5,8.5,5],"texture":"#log_spruce"},"east":{"uv":[7.5,1.5,8.5,5],"texture":"#log_spruce"}}},{"from":[7,11.5,7],"to":[9,12,9],"faces":{"down":{"uv":[9,9,7,7],"texture":"#texture"},"up":{"uv":[7,7,9,9],"texture":"#texture"},"north":{"uv":[7,4,9,4.5],"texture":"#texture"},"south":{"uv":[7,4,9,4.5],"texture":"#texture"},"west":{"uv":[7,4,9,4.5],"texture":"#texture"},"east":{"uv":[7,4,9,4.5],"texture":"#texture"}}},{"from":[7,13,7],"to":[9,13.5,9],"faces":{"down":{"uv":[9,9,7,7],"texture":"#texture"},"up":{"uv":[7,7,9,9],"texture":"#texture"},"north":{"uv":[7,2.5,9,3],"texture":"#texture"},"south":{"uv":[7,2.5,9,3],"texture":"#texture"},"west":{"uv":[7,2.5,9,3],"texture":"#texture"},"east":{"uv":[7,2.5,9,3],"texture":"#texture"}}},{"from":[7,14.5,7],"to":[9,15,9],"faces":{"down":{"uv":[9,9,7,7],"texture":"#texture"},"up":{"uv":[7,7,9,9],"texture":"#texture"},"north":{"uv":[7,1,9,1.5],"texture":"#texture"},"south":{"uv":[7,1,9,1.5],"texture":"#texture"},"west":{"uv":[7,1,9,1.5],"texture":"#texture"},"east":{"uv":[7,1,9,1.5],"texture":"#texture"}}},{"from":[7.5,15,7.5],"to":[8.5,21,8.5],"faces":{"down":{"uv":[10.5,7.5,11.5,8.5],"texture":"#log_spruce"},"up":{"uv":[10.5,7.5,11.5,8.5],"texture":"#log_spruce"},"north":{"uv":[10.5,0,11.5,6],"texture":"#log_spruce"},"south":{"uv":[10.5,0,11.5,6],"texture":"#log_spruce"},"west":{"uv":[7.5,0,8.5,6],"texture":"#log_spruce"},"east":{"uv":[7.5,0,8.5,6],"texture":"#log_spruce"}}},{"from":[7,20.6875,7],"to":[9,21.6875,9],"faces":{"down":{"uv":[13,7,15,9],"texture":"#log_spruce"},"up":{"uv":[13,7,15,9],"texture":"#log_spruce"},"north":{"uv":[13,3.3125,15,4.3125],"texture":"#log_spruce"},"south":{"uv":[13,3.3125,15,4.3125],"texture":"#log_spruce"},"west":{"uv":[7,3.3125,9,4.3125],"texture":"#log_spruce"},"east":{"uv":[7,3.3125,9,4.3125],"texture":"#log_spruce"}}},{"from":[8,21.4375,7.5],"to":[9,22.4375,8.5],"rotation":{"origin":[8,22.4375,7.5],"axis":"z","angle":-45},"faces":{"down":{"uv":[14,7.5,15,8.5],"texture":"#log_spruce"},"up":{"uv":[14,7.5,15,8.5],"texture":"#log_spruce"},"north":{"uv":[14,2.5625,15,3.5625],"texture":"#log_spruce"},"south":{"uv":[14,2.5625,15,3.5625],"texture":"#log_spruce"},"west":{"uv":[7.5,2.5625,8.5,3.5625],"texture":"#log_spruce"},"east":{"uv":[7.5,2.5625,8.5,3.5625],"texture":"#log_spruce"}}},{"from":[6.5,19.5,7.5],"to":[7.5,20.5,8.5],"faces":{"down":{"uv":[12.5,7.5,13.5,8.5],"texture":"#texture"},"up":{"uv":[12.5,7.5,13.5,8.5],"texture":"#texture"},"north":{"uv":[12.5,4.5,13.5,5.5],"texture":"#texture"},"south":{"uv":[12.5,4.5,13.5,5.5],"texture":"#texture"},"west":{"uv":[7.5,4.5,8.5,5.5],"texture":"#texture"},"east":{"uv":[7.5,4.5,8.5,5.5],"texture":"#texture"}}},{"from":[5.5,20.5,7.5],"to":[6.5,21.5,8.5],"faces":{"down":{"uv":[11.5,7.5,12.5,8.5],"texture":"#texture"},"up":{"uv":[11.5,7.5,12.5,8.5],"texture":"#texture"},"north":{"uv":[11.5,3.5,12.5,4.5],"texture":"#texture"},"south":{"uv":[11.5,3.5,12.5,4.5],"texture":"#texture"},"west":{"uv":[7.5,3.5,8.5,4.5],"texture":"#texture"},"east":{"uv":[7.5,3.5,8.5,4.5],"texture":"#texture"}}},{"from":[4.5,21.5,7.5],"to":[5.5,23.5,8.5],"faces":{"down":{"uv":[10.5,7.5,11.5,8.5],"texture":"#texture"},"up":{"uv":[10.5,7.5,11.5,8.5],"texture":"#texture"},"north":{"uv":[10.5,1.5,11.5,3.5],"texture":"#texture"},"south":{"uv":[10.5,1.5,11.5,3.5],"texture":"#texture"},"west":{"uv":[7.5,1.5,8.5,3.5],"texture":"#texture"},"east":{"uv":[7.5,1.5,8.5,3.5],"texture":"#texture"}}},{"from":[5.5,23.5,7.5],"to":[6.5,24.5,8.5],"faces":{"down":{"uv":[11.5,7.5,12.5,8.5],"texture":"#texture"},"up":{"uv":[11.5,7.5,12.5,8.5],"texture":"#texture"},"north":{"uv":[11.5,0.5,12.5,1.5],"texture":"#texture"},"south":{"uv":[11.5,0.5,12.5,1.5],"texture":"#texture"},"west":{"uv":[7.5,0.5,8.5,1.5],"texture":"#texture"},"east":{"uv":[7.5,0.5,8.5,1.5],"texture":"#texture"}}},{"from":[1.5,24.5,7.5],"to":[5,25,8.5],"faces":{"down":{"uv":[7.5,7.5,11,8.5],"texture":"#texture"},"up":{"uv":[7.5,7.5,11,8.5],"texture":"#texture"},"north":{"uv":[7.5,0,11,0.5],"texture":"#texture"},"south":{"uv":[7.5,0,11,0.5],"texture":"#texture"},"west":{"uv":[7.5,0,8.5,0.5],"texture":"#texture"},"east":{"uv":[7.5,0,8.5,0.5],"texture":"#texture"}}},{"from":[0,23.5,7.5],"to":[2,24.5,8.5],"faces":{"down":{"uv":[6,7.5,8,8.5],"texture":"#texture"},"up":{"uv":[6,7.5,8,8.5],"texture":"#texture"},"north":{"uv":[6,0.5,8,1.5],"texture":"#texture"},"south":{"uv":[6,0.5,8,1.5],"texture":"#texture"},"west":{"uv":[7.5,0.5,8.5,1.5],"texture":"#texture"},"east":{"uv":[7.5,0.5,8.5,1.5],"texture":"#texture"}}},{"from":[-1,22.5,7.5],"to":[0,23.5,8.5],"faces":{"down":{"uv":[5,7.5,6,8.5],"texture":"#texture"},"up":{"uv":[5,7.5,6,8.5],"texture":"#texture"},"north":{"uv":[5,1.5,6,2.5],"texture":"#texture"},"south":{"uv":[5,1.5,6,2.5],"texture":"#texture"},"west":{"uv":[7.5,1.5,8.5,2.5],"texture":"#texture"},"east":{"uv":[7.5,1.5,8.5,2.5],"texture":"#texture"}}},{"from":[-2,21.5,7.5],"to":[-1,22.5,8.5],"faces":{"down":{"uv":[4,7.5,5,8.5],"texture":"#texture"},"up":{"uv":[4,7.5,5,8.5],"texture":"#texture"},"north":{"uv":[4,2.5,5,3.5],"texture":"#texture"},"south":{"uv":[4,2.5,5,3.5],"texture":"#texture"},"west":{"uv":[7.5,2.5,8.5,3.5],"texture":"#texture"},"east":{"uv":[7.5,2.5,8.5,3.5],"texture":"#texture"}}},{"from":[-3,20.5,7.5],"to":[-2,21.5,8.5],"faces":{"down":{"uv":[3,7.5,4,8.5],"texture":"#texture"},"up":{"uv":[3,7.5,4,8.5],"texture":"#texture"},"north":{"uv":[3,3.5,4,4.5],"texture":"#texture"},"south":{"uv":[3,3.5,4,4.5],"texture":"#texture"},"west":{"uv":[7.5,3.5,8.5,4.5],"texture":"#texture"},"east":{"uv":[7.5,3.5,8.5,4.5],"texture":"#texture"}}},{"from":[-4,18.5,7.5],"to":[-3,20.5,8.5],"faces":{"down":{"uv":[2,7.5,3,8.5],"texture":"#texture"},"up":{"uv":[2,7.5,3,8.5],"texture":"#texture"},"north":{"uv":[2,4.5,3,6.5],"texture":"#texture"},"south":{"uv":[2,4.5,3,6.5],"texture":"#texture"},"west":{"uv":[7.5,4.5,8.5,6.5],"texture":"#texture"},"east":{"uv":[7.5,4.5,8.5,6.5],"texture":"#texture"}}},{"from":[-5,13,7.5],"to":[-4,18.5,8.5],"faces":{"down":{"uv":[1,7.5,2,8.5],"texture":"#texture"},"up":{"uv":[1,7.5,2,8.5],"texture":"#texture"},"north":{"uv":[1,6.5,2,12],"texture":"#texture"},"south":{"uv":[1,6.5,2,12],"texture":"#texture"},"west":{"uv":[7.5,6.5,8.5,12],"texture":"#texture"},"east":{"uv":[7.5,6.5,8.5,12],"texture":"#texture"}}},{"from":[-4,11,7.5],"to":[-3,13,8.5],"faces":{"down":{"uv":[2,7.5,3,8.5],"texture":"#texture"},"up":{"uv":[2,7.5,3,8.5],"texture":"#texture"},"north":{"uv":[2,12,3,14],"texture":"#texture"},"south":{"uv":[2,12,3,14],"texture":"#texture"},"west":{"uv":[7.5,12,8.5,14],"texture":"#texture"},"east":{"uv":[7.5,12,8.5,14],"texture":"#texture"}}},{"from":[-3,10,7.5],"to":[-2,11,8.5],"faces":{"down":{"uv":[3,7.5,4,8.5],"texture":"#texture"},"up":{"uv":[3,7.5,4,8.5],"texture":"#texture"},"north":{"uv":[3,14,4,15],"texture":"#texture"},"south":{"uv":[3,14,4,15],"texture":"#texture"},"west":{"uv":[7.5,14,8.5,15],"texture":"#texture"},"east":{"uv":[7.5,14,8.5,15],"texture":"#texture"}}},{"from":[-2,8.5,7.5],"to":[-1,10,8.5],"faces":{"down":{"uv":[4,7.5,5,8.5],"texture":"#texture"},"up":{"uv":[4,7.5,5,8.5],"texture":"#texture"},"north":{"uv":[4,15,5,15.5],"texture":"#texture"},"south":{"uv":[4,15,5,15.5],"texture":"#texture"},"west":{"uv":[7.5,15,8.5,15.5],"texture":"#texture"},"east":{"uv":[7.5,15,8.5,15.5],"texture":"#texture"}}},{"from":[-1,10,7.5],"to":[0,11,8.5],"faces":{"down":{"uv":[5,7.5,6,8.5],"texture":"#texture"},"up":{"uv":[5,7.5,6,8.5],"texture":"#texture"},"north":{"uv":[5,14,6,15],"texture":"#texture"},"south":{"uv":[5,14,6,15],"texture":"#texture"},"west":{"uv":[7.5,14,8.5,15],"texture":"#texture"},"east":{"uv":[7.5,14,8.5,15],"texture":"#texture"}}},{"from":[0,11,7.5],"to":[2,12,8.5],"faces":{"down":{"uv":[6,7.5,8,8.5],"texture":"#texture"},"up":{"uv":[6,7.5,8,8.5],"texture":"#texture"},"north":{"uv":[6,13,8,14],"texture":"#texture"},"south":{"uv":[6,13,8,14],"texture":"#texture"},"west":{"uv":[7.5,13,8.5,14],"texture":"#texture"},"east":{"uv":[7.5,13,8.5,14],"texture":"#texture"}}},{"from":[2,12,7.5],"to":[3,14.5,8.5],"faces":{"down":{"uv":[8,7.5,9,8.5],"texture":"#texture"},"up":{"uv":[8,7.5,9,8.5],"texture":"#texture"},"north":{"uv":[8,10.5,9,13],"texture":"#texture"},"south":{"uv":[8,10.5,9,13],"texture":"#texture"},"west":{"uv":[7.5,10.5,8.5,13],"texture":"#texture"},"east":{"uv":[7.5,10.5,8.5,13],"texture":"#texture"}}},{"from":[3,14.5,7.5],"to":[4,15.5,8.5],"faces":{"down":{"uv":[9,7.5,10,8.5],"texture":"#texture"},"up":{"uv":[9,7.5,10,8.5],"texture":"#texture"},"north":{"uv":[9,9.5,10,10.5],"texture":"#texture"},"south":{"uv":[9,9.5,10,10.5],"texture":"#texture"},"west":{"uv":[7.5,9.5,8.5,10.5],"texture":"#texture"},"east":{"uv":[7.5,9.5,8.5,10.5],"texture":"#texture"}}},{"from":[4,15.5,7.5],"to":[6.5,16.5,8.5],"faces":{"down":{"uv":[10,7.5,12.5,8.5],"texture":"#texture"},"up":{"uv":[10,7.5,12.5,8.5],"texture":"#texture"},"north":{"uv":[10,8.5,12.5,9.5],"texture":"#texture"},"south":{"uv":[10,8.5,12.5,9.5],"texture":"#texture"},"west":{"uv":[7.5,8.5,8.5,9.5],"texture":"#texture"},"east":{"uv":[7.5,8.5,8.5,9.5],"texture":"#texture"}}},{"from":[6.5,15,7.5],"to":[7.5,16,8.5],"faces":{"down":{"uv":[12.5,7.5,13.5,8.5],"texture":"#texture"},"up":{"uv":[12.5,7.5,13.5,8.5],"texture":"#texture"},"north":{"uv":[12.5,9,13.5,10],"texture":"#texture"},"south":{"uv":[12.5,9,13.5,10],"texture":"#texture"},"west":{"uv":[7.5,9,8.5,10],"texture":"#texture"},"east":{"uv":[7.5,9,8.5,10],"texture":"#texture"}}},{"from":[-4,16,7.5],"to":[-2.5,18.5,8.5],"faces":{"down":{"uv":[16,8.5,16,7.5],"texture":"#texture"},"up":{"uv":[0,7.5,0,8.5],"texture":"#texture"},"north":{"uv":[16,0,16,0],"texture":"#texture"},"south":{"uv":[0,0,0,0],"texture":"#texture"},"west":{"uv":[7.5,0,8.5,0],"texture":"#texture"},"east":{"uv":[7.5,0,8.5,0],"texture":"#texture"}}},{"from":[-4,13,7.5],"to":[-3,16,8.5],"faces":{"down":{"uv":[2,7.5,3,8.5],"texture":"#texture"},"up":{"uv":[2,7.5,3,8.5],"texture":"#texture"},"north":{"uv":[2,9,3,12],"texture":"#texture"},"south":{"uv":[2,9,3,12],"texture":"#texture"},"west":{"uv":[7.5,9,8.5,12],"texture":"#texture"},"east":{"uv":[7.5,9,8.5,12],"texture":"#texture"}}},{"from":[-3,11,7.5],"to":[-2,13.5,8.5],"faces":{"down":{"uv":[16,8.5,16,7.5],"texture":"#texture"},"up":{"uv":[0,7.5,0,8.5],"texture":"#texture"},"north":{"uv":[16,2.5,16,5],"texture":"#texture"},"south":{"uv":[0,2.5,0,5],"texture":"#texture"},"west":{"uv":[7.5,2.5,8.5,5],"texture":"#texture"},"east":{"uv":[7.5,2.5,8.5,5],"texture":"#texture"}}},{"from":[-2,10,7.5],"to":[-1,11.5,8.5],"faces":{"down":{"uv":[16,8.5,16,7.5],"texture":"#texture"},"up":{"uv":[0,7.5,0,8.5],"texture":"#texture"},"north":{"uv":[16,4.5,16,6],"texture":"#texture"},"south":{"uv":[0,4.5,0,6],"texture":"#texture"},"west":{"uv":[7.5,4.5,8.5,6],"texture":"#texture"},"east":{"uv":[7.5,4.5,8.5,6],"texture":"#texture"}}},{"from":[-1,11,7.5],"to":[0,13.5,8.5],"faces":{"down":{"uv":[16,8.5,16,7.5],"texture":"#texture"},"up":{"uv":[0,7.5,0,8.5],"texture":"#texture"},"north":{"uv":[16,2.5,16,5],"texture":"#texture"},"south":{"uv":[0,2.5,0,5],"texture":"#texture"},"west":{"uv":[7.5,2.5,8.5,5],"texture":"#texture"},"east":{"uv":[7.5,2.5,8.5,5],"texture":"#texture"}}},{"from":[0,12,7.5],"to":[2,15,8.5],"faces":{"down":{"uv":[16,8.5,14,7.5],"texture":"#texture"},"up":{"uv":[0,7.5,2,8.5],"texture":"#texture"},"north":{"uv":[14,1,16,4],"texture":"#texture"},"south":{"uv":[0,1,2,4],"texture":"#texture"},"west":{"uv":[7.5,1,8.5,4],"texture":"#texture"},"east":{"uv":[7.5,1,8.5,4],"texture":"#texture"}}},{"from":[2,14.5,7.5],"to":[3,16.5,8.5],"faces":{"down":{"uv":[14,8.5,13,7.5],"texture":"#texture"},"up":{"uv":[2,7.5,3,8.5],"texture":"#texture"},"north":{"uv":[13,0,14,1.5],"texture":"#texture"},"south":{"uv":[2,0,3,1.5],"texture":"#texture"},"west":{"uv":[7.5,0,8.5,1.5],"texture":"#texture"},"east":{"uv":[7.5,0,8.5,1.5],"texture":"#texture"}}},{"from":[3,15.5,7.5],"to":[4,17,8.5],"faces":{"down":{"uv":[13,8.5,12,7.5],"texture":"#texture"},"up":{"uv":[3,7.5,4,8.5],"texture":"#texture"},"north":{"uv":[12,0,13,0.5],"texture":"#texture"},"south":{"uv":[3,0,4,0.5],"texture":"#texture"},"west":{"uv":[7.5,0,8.5,0.5],"texture":"#texture"},"east":{"uv":[7.5,0,8.5,0.5],"texture":"#texture"}}},{"from":[4,16.5,7.5],"to":[6.5,17.5,8.5],"faces":{"down":{"uv":[12,8.5,9.5,7.5],"texture":"#texture"},"up":{"uv":[4,7.5,6.5,8.5],"texture":"#texture"},"north":{"uv":[9.5,0,12,0],"texture":"#texture"},"south":{"uv":[4,0,6.5,0],"texture":"#texture"},"west":{"uv":[7.5,0,8.5,0],"texture":"#texture"},"east":{"uv":[7.5,0,8.5,0],"texture":"#texture"}}},{"from":[6.5,16,7.5],"to":[7.5,19.5,8.5],"faces":{"down":{"uv":[9.5,8.5,8.5,7.5],"texture":"#texture"},"up":{"uv":[6.5,7.5,7.5,8.5],"texture":"#texture"},"north":{"uv":[8.5,0,9.5,0],"texture":"#texture"},"south":{"uv":[6.5,0,7.5,0],"texture":"#texture"},"west":{"uv":[7.5,0,8.5,0],"texture":"#texture"},"east":{"uv":[7.5,0,8.5,0],"texture":"#texture"}}},{"from":[5.5,18.5,7.5],"to":[6.5,20.5,8.5],"faces":{"down":{"uv":[11.5,7.5,12.5,8.5],"texture":"#texture"},"up":{"uv":[11.5,7.5,12.5,8.5],"texture":"#texture"},"north":{"uv":[11.5,4.5,12.5,6.5],"texture":"#texture"},"south":{"uv":[11.5,4.5,12.5,6.5],"texture":"#texture"},"west":{"uv":[7.5,4.5,8.5,6.5],"texture":"#texture"},"east":{"uv":[7.5,4.5,8.5,6.5],"texture":"#texture"}}},{"from":[4.5,20.5,7.5],"to":[5.5,21.5,8.5],"faces":{"down":{"uv":[11.5,8.5,10.5,7.5],"texture":"#texture"},"up":{"uv":[4.5,7.5,5.5,8.5],"texture":"#texture"},"north":{"uv":[10.5,0,11.5,0],"texture":"#texture"},"south":{"uv":[4.5,0,5.5,0],"texture":"#texture"},"west":{"uv":[7.5,0,8.5,0],"texture":"#texture"},"east":{"uv":[7.5,0,8.5,0],"texture":"#texture"}}},{"from":[2,23.5,7.5],"to":[5.5,24.5,8.5],"faces":{"down":{"uv":[14,8.5,10.5,7.5],"texture":"#texture"},"up":{"uv":[2,7.5,5.5,8.5],"texture":"#texture"},"north":{"uv":[10.5,0,14,0],"texture":"#texture"},"south":{"uv":[2,0,5.5,0],"texture":"#texture"},"west":{"uv":[7.5,0,8.5,0],"texture":"#texture"},"east":{"uv":[7.5,0,8.5,0],"texture":"#texture"}}},{"from":[4,21,7.5],"to":[4.5,23.5,8.5],"faces":{"down":{"uv":[12,8.5,11.5,7.5],"texture":"#texture"},"up":{"uv":[4,7.5,4.5,8.5],"texture":"#texture"},"north":{"uv":[11.5,0,12,0],"texture":"#texture"},"south":{"uv":[4,0,4.5,0],"texture":"#texture"},"west":{"uv":[7.5,0,8.5,0],"texture":"#texture"},"east":{"uv":[7.5,0,8.5,0],"texture":"#texture"}}},{"from":[0,22.5,7.5],"to":[2,23.5,8.5],"faces":{"down":{"uv":[16,8.5,14,7.5],"texture":"#texture"},"up":{"uv":[0,7.5,2,8.5],"texture":"#texture"},"north":{"uv":[14,0,16,0],"texture":"#texture"},"south":{"uv":[0,0,2,0],"texture":"#texture"},"west":{"uv":[7.5,0,8.5,0],"texture":"#texture"},"east":{"uv":[7.5,0,8.5,0],"texture":"#texture"}}},{"from":[-1,21.5,7.5],"to":[1,22.5,8.5],"faces":{"down":{"uv":[16,8.5,15,7.5],"texture":"#texture"},"up":{"uv":[0,7.5,1,8.5],"texture":"#texture"},"north":{"uv":[15,0,16,0],"texture":"#texture"},"south":{"uv":[0,0,1,0],"texture":"#texture"},"west":{"uv":[7.5,0,8.5,0],"texture":"#texture"},"east":{"uv":[7.5,0,8.5,0],"texture":"#texture"}}},{"from":[-2,20.5,7.5],"to":[-0.5,21.5,8.5],"faces":{"down":{"uv":[16,8.5,16,7.5],"texture":"#texture"},"up":{"uv":[0,7.5,0,8.5],"texture":"#texture"},"north":{"uv":[16,0,16,0],"texture":"#texture"},"south":{"uv":[0,0,0,0],"texture":"#texture"},"west":{"uv":[7.5,0,8.5,0],"texture":"#texture"},"east":{"uv":[7.5,0,8.5,0],"texture":"#texture"}}},{"from":[-3,18.5,7.5],"to":[-2,20.5,8.5],"faces":{"down":{"uv":[16,8.5,16,7.5],"texture":"#texture"},"up":{"uv":[0,7.5,0,8.5],"texture":"#texture"},"north":{"uv":[16,0,16,0],"texture":"#texture"},"south":{"uv":[0,0,0,0],"texture":"#texture"},"west":{"uv":[7.5,0,8.5,0],"texture":"#texture"},"east":{"uv":[7.5,0,8.5,0],"texture":"#texture"}}},{"from":[-3,13.5,7.5],"to":[-2.5,16,8.5],"faces":{"down":{"uv":[3,7.5,3.5,8.5],"texture":"#planks"},"up":{"uv":[3,7.5,3.5,8.5],"texture":"#planks"},"north":{"uv":[3,9,3.5,11.5],"texture":"#planks"},"south":{"uv":[3,9,3.5,11.5],"texture":"#planks"},"west":{"uv":[7.5,9,8.5,11.5],"texture":"#planks"},"east":{"uv":[7.5,9,8.5,11.5],"texture":"#planks"}}},{"from":[-2,18.5,7.5],"to":[5.5,19.5,8.5],"faces":{"down":{"uv":[4,7.5,11.5,8.5],"texture":"#planks"},"up":{"uv":[4,7.5,11.5,8.5],"texture":"#planks"},"north":{"uv":[4,5.5,11.5,6.5],"texture":"#planks"},"south":{"uv":[4,5.5,11.5,6.5],"texture":"#planks"},"west":{"uv":[7.5,5.5,8.5,6.5],"texture":"#planks"},"east":{"uv":[7.5,5.5,8.5,6.5],"texture":"#planks"}}},{"from":[-2,19.5,7.5],"to":[5.5,20.5,8.5],"faces":{"down":{"uv":[4,7.5,11.5,8.5],"texture":"#planks"},"up":{"uv":[4,7.5,11.5,8.5],"texture":"#planks"},"north":{"uv":[4,4.5,11.5,5.5],"texture":"#planks"},"south":{"uv":[4,4.5,11.5,5.5],"texture":"#planks"},"west":{"uv":[7.5,4.5,8.5,5.5],"texture":"#planks"},"east":{"uv":[7.5,4.5,8.5,5.5],"texture":"#planks"}}},{"from":[-0.5,20.5,7.5],"to":[3.5,21.5,8.5],"faces":{"down":{"uv":[5.5,7.5,9.5,8.5],"texture":"#planks"},"up":{"uv":[5.5,7.5,9.5,8.5],"texture":"#planks"},"north":{"uv":[5.5,3.5,9.5,4.5],"texture":"#planks"},"south":{"uv":[5.5,3.5,9.5,4.5],"texture":"#planks"},"west":{"uv":[7.5,3.5,8.5,4.5],"texture":"#planks"},"east":{"uv":[7.5,3.5,8.5,4.5],"texture":"#planks"}}},{"from":[3.5,20.5,7.5],"to":[4.5,21,8.5],"faces":{"down":{"uv":[9.5,7.5,10.5,8.5],"texture":"#planks"},"up":{"uv":[9.5,7.5,10.5,8.5],"texture":"#planks"},"north":{"uv":[9.5,4,10.5,4.5],"texture":"#planks"},"south":{"uv":[9.5,4,10.5,4.5],"texture":"#planks"},"west":{"uv":[7.5,4,8.5,4.5],"texture":"#planks"},"east":{"uv":[7.5,4,8.5,4.5],"texture":"#planks"}}},{"from":[-2.5,17,7.5],"to":[4,17.5,8.5],"faces":{"down":{"uv":[3.5,7.5,10,8.5],"texture":"#planks"},"up":{"uv":[3.5,7.5,10,8.5],"texture":"#planks"},"north":{"uv":[3.5,7.5,10,8],"texture":"#planks"},"south":{"uv":[3.5,7.5,10,8],"texture":"#planks"},"west":{"uv":[7.5,7.5,8.5,8],"texture":"#planks"},"east":{"uv":[7.5,7.5,8.5,8],"texture":"#planks"}}},{"from":[-2.5,16.5,7.5],"to":[3,17,8.5],"faces":{"down":{"uv":[3.5,7.5,9,8.5],"texture":"#planks"},"up":{"uv":[3.5,7.5,9,8.5],"texture":"#planks"},"north":{"uv":[3.5,8,9,8.5],"texture":"#planks"},"south":{"uv":[3.5,8,9,8.5],"texture":"#planks"},"west":{"uv":[7.5,8,8.5,8.5],"texture":"#planks"},"east":{"uv":[7.5,8,8.5,8.5],"texture":"#planks"}}},{"from":[1,21.5,7.5],"to":[4,22.5,8.5],"faces":{"down":{"uv":[7,7.5,10,8.5],"texture":"#planks"},"up":{"uv":[7,7.5,10,8.5],"texture":"#planks"},"north":{"uv":[7,2.5,10,3.5],"texture":"#planks"},"south":{"uv":[7,2.5,10,3.5],"texture":"#planks"},"west":{"uv":[7.5,2.5,8.5,3.5],"texture":"#planks"},"east":{"uv":[7.5,2.5,8.5,3.5],"texture":"#planks"}}},{"from":[-2.5,17.5,7.5],"to":[6.5,18.5,8.5],"faces":{"down":{"uv":[3.5,7.5,12.5,8.5],"texture":"#planks"},"up":{"uv":[3.5,7.5,12.5,8.5],"texture":"#planks"},"north":{"uv":[3.5,6.5,12.5,7.5],"texture":"#planks"},"south":{"uv":[3.5,6.5,12.5,7.5],"texture":"#planks"},"west":{"uv":[7.5,6.5,8.5,7.5],"texture":"#planks"},"east":{"uv":[7.5,6.5,8.5,7.5],"texture":"#planks"}}},{"from":[2,22.5,7.5],"to":[4,23.5,8.5],"faces":{"down":{"uv":[8,7.5,10,8.5],"texture":"#planks"},"up":{"uv":[8,7.5,10,8.5],"texture":"#planks"},"north":{"uv":[8,1.5,10,2.5],"texture":"#planks"},"south":{"uv":[8,1.5,10,2.5],"texture":"#planks"},"west":{"uv":[7.5,1.5,8.5,2.5],"texture":"#planks"},"east":{"uv":[7.5,1.5,8.5,2.5],"texture":"#planks"}}},{"from":[-2.5,13.5,7.5],"to":[0,15,8.5],"faces":{"down":{"uv":[3.5,7.5,6,8.5],"texture":"#planks"},"up":{"uv":[3.5,7.5,6,8.5],"texture":"#planks"},"north":{"uv":[3.5,10,6,11.5],"texture":"#planks"},"south":{"uv":[3.5,10,6,11.5],"texture":"#planks"},"west":{"uv":[7.5,10,8.5,11.5],"texture":"#planks"},"east":{"uv":[7.5,10,8.5,11.5],"texture":"#planks"}}},{"from":[-2,11.5,7.5],"to":[-1,13.5,8.5],"faces":{"down":{"uv":[4,7.5,5,8.5],"texture":"#planks"},"up":{"uv":[4,7.5,5,8.5],"texture":"#planks"},"north":{"uv":[4,11.5,5,13.5],"texture":"#planks"},"south":{"uv":[4,11.5,5,13.5],"texture":"#planks"},"west":{"uv":[7.5,11.5,8.5,13.5],"texture":"#planks"},"east":{"uv":[7.5,11.5,8.5,13.5],"texture":"#planks"}}},{"from":[-2.5,15,7.5],"to":[2,16.5,8.5],"faces":{"down":{"uv":[3.5,7.5,8,8.5],"texture":"#planks"},"up":{"uv":[3.5,7.5,8,8.5],"texture":"#planks"},"north":{"uv":[3.5,8.5,8,10],"texture":"#planks"},"south":{"uv":[3.5,8.5,8,10],"texture":"#planks"},"west":{"uv":[7.5,8.5,8.5,10],"texture":"#planks"},"east":{"uv":[7.5,8.5,8.5,10],"texture":"#planks"}}},{"from":[3.5,21,7.5],"to":[4,21.5,8.5],"faces":{"down":{"uv":[9.5,7.5,10,8.5],"texture":"#texture"},"up":{"uv":[9.5,7.5,10,8.5],"texture":"#texture"},"north":{"uv":[9.5,3.5,10,4],"texture":"#texture"},"south":{"uv":[9.5,3.5,10,4],"texture":"#texture"},"west":{"uv":[7.5,3.5,8.5,4],"texture":"#texture"},"east":{"uv":[7.5,3.5,8.5,4],"texture":"#texture"}}},{"from":[8.5,19.5,7.5],"to":[9.5,20.5,8.5],"faces":{"down":{"uv":[12.5,7.5,13.5,8.5],"rotation":180,"texture":"#texture"},"up":{"uv":[12.5,7.5,13.5,8.5],"rotation":180,"texture":"#texture"},"north":{"uv":[12.5,4.5,13.5,5.5],"texture":"#texture"},"south":{"uv":[12.5,4.5,13.5,5.5],"texture":"#texture"},"west":{"uv":[7.5,4.5,8.5,5.5],"texture":"#texture"},"east":{"uv":[7.5,4.5,8.5,5.5],"texture":"#texture"}}},{"from":[9.5,20.5,7.5],"to":[10.5,21.5,8.5],"faces":{"down":{"uv":[11.5,7.5,12.5,8.5],"rotation":180,"texture":"#texture"},"up":{"uv":[11.5,7.5,12.5,8.5],"rotation":180,"texture":"#texture"},"north":{"uv":[11.5,3.5,12.5,4.5],"texture":"#texture"},"south":{"uv":[11.5,3.5,12.5,4.5],"texture":"#texture"},"west":{"uv":[7.5,3.5,8.5,4.5],"texture":"#texture"},"east":{"uv":[7.5,3.5,8.5,4.5],"texture":"#texture"}}},{"from":[10.5,21.5,7.5],"to":[11.5,23.5,8.5],"faces":{"down":{"uv":[10.5,7.5,11.5,8.5],"rotation":180,"texture":"#texture"},"up":{"uv":[10.5,7.5,11.5,8.5],"rotation":180,"texture":"#texture"},"north":{"uv":[10.5,1.5,11.5,3.5],"texture":"#texture"},"south":{"uv":[10.5,1.5,11.5,3.5],"texture":"#texture"},"west":{"uv":[7.5,1.5,8.5,3.5],"texture":"#texture"},"east":{"uv":[7.5,1.5,8.5,3.5],"texture":"#texture"}}},{"from":[9.5,23.5,7.5],"to":[10.5,24.5,8.5],"faces":{"down":{"uv":[11.5,7.5,12.5,8.5],"rotation":180,"texture":"#texture"},"up":{"uv":[11.5,7.5,12.5,8.5],"rotation":180,"texture":"#texture"},"north":{"uv":[11.5,0.5,12.5,1.5],"texture":"#texture"},"south":{"uv":[11.5,0.5,12.5,1.5],"texture":"#texture"},"west":{"uv":[7.5,0.5,8.5,1.5],"texture":"#texture"},"east":{"uv":[7.5,0.5,8.5,1.5],"texture":"#texture"}}},{"from":[11,24.5,7.5],"to":[14.5,25,8.5],"faces":{"down":{"uv":[7.5,7.5,11,8.5],"rotation":180,"texture":"#texture"},"up":{"uv":[7.5,7.5,11,8.5],"rotation":180,"texture":"#texture"},"north":{"uv":[7.5,0,11,0.5],"texture":"#texture"},"south":{"uv":[7.5,0,11,0.5],"texture":"#texture"},"west":{"uv":[7.5,0,8.5,0.5],"texture":"#texture"},"east":{"uv":[7.5,0,8.5,0.5],"texture":"#texture"}}},{"from":[14,23.5,7.5],"to":[16,24.5,8.5],"faces":{"down":{"uv":[6,7.5,8,8.5],"rotation":180,"texture":"#texture"},"up":{"uv":[6,7.5,8,8.5],"rotation":180,"texture":"#texture"},"north":{"uv":[6,0.5,8,1.5],"texture":"#texture"},"south":{"uv":[6,0.5,8,1.5],"texture":"#texture"},"west":{"uv":[7.5,0.5,8.5,1.5],"texture":"#texture"},"east":{"uv":[7.5,0.5,8.5,1.5],"texture":"#texture"}}},{"from":[16,22.5,7.5],"to":[17,23.5,8.5],"faces":{"down":{"uv":[5,7.5,6,8.5],"rotation":180,"texture":"#texture"},"up":{"uv":[5,7.5,6,8.5],"rotation":180,"texture":"#texture"},"north":{"uv":[5,1.5,6,2.5],"texture":"#texture"},"south":{"uv":[5,1.5,6,2.5],"texture":"#texture"},"west":{"uv":[7.5,1.5,8.5,2.5],"texture":"#texture"},"east":{"uv":[7.5,1.5,8.5,2.5],"texture":"#texture"}}},{"from":[17,21.5,7.5],"to":[18,22.5,8.5],"faces":{"down":{"uv":[4,7.5,5,8.5],"rotation":180,"texture":"#texture"},"up":{"uv":[4,7.5,5,8.5],"rotation":180,"texture":"#texture"},"north":{"uv":[4,2.5,5,3.5],"texture":"#texture"},"south":{"uv":[4,2.5,5,3.5],"texture":"#texture"},"west":{"uv":[7.5,2.5,8.5,3.5],"texture":"#texture"},"east":{"uv":[7.5,2.5,8.5,3.5],"texture":"#texture"}}},{"from":[18,20.5,7.5],"to":[19,21.5,8.5],"faces":{"down":{"uv":[3,7.5,4,8.5],"rotation":180,"texture":"#texture"},"up":{"uv":[3,7.5,4,8.5],"rotation":180,"texture":"#texture"},"north":{"uv":[3,3.5,4,4.5],"texture":"#texture"},"south":{"uv":[3,3.5,4,4.5],"texture":"#texture"},"west":{"uv":[7.5,3.5,8.5,4.5],"texture":"#texture"},"east":{"uv":[7.5,3.5,8.5,4.5],"texture":"#texture"}}},{"from":[19,18.5,7.5],"to":[20,20.5,8.5],"faces":{"down":{"uv":[2,7.5,3,8.5],"rotation":180,"texture":"#texture"},"up":{"uv":[2,7.5,3,8.5],"rotation":180,"texture":"#texture"},"north":{"uv":[2,4.5,3,6.5],"texture":"#texture"},"south":{"uv":[2,4.5,3,6.5],"texture":"#texture"},"west":{"uv":[7.5,4.5,8.5,6.5],"texture":"#texture"},"east":{"uv":[7.5,4.5,8.5,6.5],"texture":"#texture"}}},{"from":[20,13,7.5],"to":[21,18.5,8.5],"faces":{"down":{"uv":[1,7.5,2,8.5],"rotation":180,"texture":"#texture"},"up":{"uv":[1,7.5,2,8.5],"rotation":180,"texture":"#texture"},"north":{"uv":[1,6.5,2,12],"texture":"#texture"},"south":{"uv":[1,6.5,2,12],"texture":"#texture"},"west":{"uv":[7.5,6.5,8.5,12],"texture":"#texture"},"east":{"uv":[7.5,6.5,8.5,12],"texture":"#texture"}}},{"from":[19,11,7.5],"to":[20,13,8.5],"faces":{"down":{"uv":[2,7.5,3,8.5],"rotation":180,"texture":"#texture"},"up":{"uv":[2,7.5,3,8.5],"rotation":180,"texture":"#texture"},"north":{"uv":[2,12,3,14],"texture":"#texture"},"south":{"uv":[2,12,3,14],"texture":"#texture"},"west":{"uv":[7.5,12,8.5,14],"texture":"#texture"},"east":{"uv":[7.5,12,8.5,14],"texture":"#texture"}}},{"from":[18,10,7.5],"to":[19,11,8.5],"faces":{"down":{"uv":[3,7.5,4,8.5],"rotation":180,"texture":"#texture"},"up":{"uv":[3,7.5,4,8.5],"rotation":180,"texture":"#texture"},"north":{"uv":[3,14,4,15],"texture":"#texture"},"south":{"uv":[3,14,4,15],"texture":"#texture"},"west":{"uv":[7.5,14,8.5,15],"texture":"#texture"},"east":{"uv":[7.5,14,8.5,15],"texture":"#texture"}}},{"from":[17,8.5,7.5],"to":[18,10,8.5],"faces":{"down":{"uv":[4,7.5,5,8.5],"rotation":180,"texture":"#texture"},"up":{"uv":[4,7.5,5,8.5],"rotation":180,"texture":"#texture"},"north":{"uv":[4,15,5,15.5],"texture":"#texture"},"south":{"uv":[4,15,5,15.5],"texture":"#texture"},"west":{"uv":[7.5,15,8.5,15.5],"texture":"#texture"},"east":{"uv":[7.5,15,8.5,15.5],"texture":"#texture"}}},{"from":[16,10,7.5],"to":[17,11,8.5],"faces":{"down":{"uv":[5,7.5,6,8.5],"rotation":180,"texture":"#texture"},"up":{"uv":[5,7.5,6,8.5],"rotation":180,"texture":"#texture"},"north":{"uv":[5,14,6,15],"texture":"#texture"},"south":{"uv":[5,14,6,15],"texture":"#texture"},"west":{"uv":[7.5,14,8.5,15],"texture":"#texture"},"east":{"uv":[7.5,14,8.5,15],"texture":"#texture"}}},{"from":[14,11,7.5],"to":[16,12,8.5],"faces":{"down":{"uv":[6,7.5,8,8.5],"rotation":180,"texture":"#texture"},"up":{"uv":[6,7.5,8,8.5],"rotation":180,"texture":"#texture"},"north":{"uv":[6,13,8,14],"texture":"#texture"},"south":{"uv":[6,13,8,14],"texture":"#texture"},"west":{"uv":[7.5,13,8.5,14],"texture":"#texture"},"east":{"uv":[7.5,13,8.5,14],"texture":"#texture"}}},{"from":[13,12,7.5],"to":[14,14.5,8.5],"faces":{"down":{"uv":[8,7.5,9,8.5],"rotation":180,"texture":"#texture"},"up":{"uv":[8,7.5,9,8.5],"rotation":180,"texture":"#texture"},"north":{"uv":[8,10.5,9,13],"texture":"#texture"},"south":{"uv":[8,10.5,9,13],"texture":"#texture"},"west":{"uv":[7.5,10.5,8.5,13],"texture":"#texture"},"east":{"uv":[7.5,10.5,8.5,13],"texture":"#texture"}}},{"from":[12,14.5,7.5],"to":[13,15.5,8.5],"faces":{"down":{"uv":[9,7.5,10,8.5],"rotation":180,"texture":"#texture"},"up":{"uv":[9,7.5,10,8.5],"rotation":180,"texture":"#texture"},"north":{"uv":[9,9.5,10,10.5],"texture":"#texture"},"south":{"uv":[9,9.5,10,10.5],"texture":"#texture"},"west":{"uv":[7.5,9.5,8.5,10.5],"texture":"#texture"},"east":{"uv":[7.5,9.5,8.5,10.5],"texture":"#texture"}}},{"from":[9.5,15.5,7.5],"to":[12,16.5,8.5],"faces":{"down":{"uv":[10,7.5,12.5,8.5],"rotation":180,"texture":"#texture"},"up":{"uv":[10,7.5,12.5,8.5],"rotation":180,"texture":"#texture"},"north":{"uv":[10,8.5,12.5,9.5],"texture":"#texture"},"south":{"uv":[10,8.5,12.5,9.5],"texture":"#texture"},"west":{"uv":[7.5,8.5,8.5,9.5],"texture":"#texture"},"east":{"uv":[7.5,8.5,8.5,9.5],"texture":"#texture"}}},{"from":[8.5,15,7.5],"to":[9.5,16,8.5],"faces":{"down":{"uv":[12.5,7.5,13.5,8.5],"rotation":180,"texture":"#texture"},"up":{"uv":[12.5,7.5,13.5,8.5],"rotation":180,"texture":"#texture"},"north":{"uv":[12.5,9,13.5,10],"texture":"#texture"},"south":{"uv":[12.5,9,13.5,10],"texture":"#texture"},"west":{"uv":[7.5,9,8.5,10],"texture":"#texture"},"east":{"uv":[7.5,9,8.5,10],"texture":"#texture"}}},{"from":[18.5,16,7.5],"to":[20,18.5,8.5],"faces":{"down":{"uv":[16,8.5,15.5,7.5],"rotation":180,"texture":"#texture"},"up":{"uv":[0,7.5,0.5,8.5],"rotation":180,"texture":"#texture"},"north":{"uv":[0,0,0.5,0],"texture":"#texture"},"south":{"uv":[15.5,0,16,0],"texture":"#texture"},"west":{"uv":[7.5,0,8.5,0],"texture":"#texture"},"east":{"uv":[7.5,0,8.5,0],"texture":"#texture"}}},{"from":[19,13,7.5],"to":[20,16,8.5],"faces":{"down":{"uv":[2,7.5,3,8.5],"rotation":180,"texture":"#texture"},"up":{"uv":[2,7.5,3,8.5],"rotation":180,"texture":"#texture"},"north":{"uv":[2,9,3,12],"texture":"#texture"},"south":{"uv":[2,9,3,12],"texture":"#texture"},"west":{"uv":[7.5,9,8.5,12],"texture":"#texture"},"east":{"uv":[7.5,9,8.5,12],"texture":"#texture"}}},{"from":[18,11,7.5],"to":[19,13.5,8.5],"faces":{"down":{"uv":[16,8.5,15,7.5],"rotation":180,"texture":"#texture"},"up":{"uv":[0,7.5,1,8.5],"rotation":180,"texture":"#texture"},"north":{"uv":[0,2.5,1,5],"texture":"#texture"},"south":{"uv":[15,2.5,16,5],"texture":"#texture"},"west":{"uv":[7.5,2.5,8.5,5],"texture":"#texture"},"east":{"uv":[7.5,2.5,8.5,5],"texture":"#texture"}}},{"from":[17,10,7.5],"to":[18,11.5,8.5],"faces":{"down":{"uv":[15,8.5,14,7.5],"rotation":180,"texture":"#texture"},"up":{"uv":[1,7.5,2,8.5],"rotation":180,"texture":"#texture"},"north":{"uv":[1,4.5,2,6],"texture":"#texture"},"south":{"uv":[14,4.5,15,6],"texture":"#texture"},"west":{"uv":[7.5,4.5,8.5,6],"texture":"#texture"},"east":{"uv":[7.5,4.5,8.5,6],"texture":"#texture"}}},{"from":[16,11,7.5],"to":[17,13.5,8.5],"faces":{"down":{"uv":[14,8.5,13,7.5],"rotation":180,"texture":"#texture"},"up":{"uv":[2,7.5,3,8.5],"rotation":180,"texture":"#texture"},"north":{"uv":[2,2.5,3,5],"texture":"#texture"},"south":{"uv":[13,2.5,14,5],"texture":"#texture"},"west":{"uv":[7.5,2.5,8.5,5],"texture":"#texture"},"east":{"uv":[7.5,2.5,8.5,5],"texture":"#texture"}}},{"from":[14,12,7.5],"to":[16,15,8.5],"faces":{"down":{"uv":[13,8.5,11,7.5],"rotation":180,"texture":"#texture"},"up":{"uv":[3,7.5,5,8.5],"rotation":180,"texture":"#texture"},"north":{"uv":[3,1,5,4],"texture":"#texture"},"south":{"uv":[11,1,13,4],"texture":"#texture"},"west":{"uv":[7.5,1,8.5,4],"texture":"#texture"},"east":{"uv":[7.5,1,8.5,4],"texture":"#texture"}}},{"from":[13,14.5,7.5],"to":[14,16.5,8.5],"faces":{"down":{"uv":[11,8.5,10,7.5],"rotation":180,"texture":"#texture"},"up":{"uv":[5,7.5,6,8.5],"rotation":180,"texture":"#texture"},"north":{"uv":[5,0,6,1.5],"texture":"#texture"},"south":{"uv":[10,0,11,1.5],"texture":"#texture"},"west":{"uv":[7.5,0,8.5,1.5],"texture":"#texture"},"east":{"uv":[7.5,0,8.5,1.5],"texture":"#texture"}}},{"from":[12,15.5,7.5],"to":[13,17,8.5],"faces":{"down":{"uv":[10,8.5,9,7.5],"rotation":180,"texture":"#texture"},"up":{"uv":[6,7.5,7,8.5],"rotation":180,"texture":"#texture"},"north":{"uv":[6,0,7,0.5],"texture":"#texture"},"south":{"uv":[9,0,10,0.5],"texture":"#texture"},"west":{"uv":[7.5,0,8.5,0.5],"texture":"#texture"},"east":{"uv":[7.5,0,8.5,0.5],"texture":"#texture"}}},{"from":[9.5,16.5,7.5],"to":[12,17.5,8.5],"faces":{"down":{"uv":[9,8.5,6.5,7.5],"rotation":180,"texture":"#texture"},"up":{"uv":[7,7.5,9.5,8.5],"rotation":180,"texture":"#texture"},"north":{"uv":[7,0,9.5,0],"texture":"#texture"},"south":{"uv":[6.5,0,9,0],"texture":"#texture"},"west":{"uv":[7.5,0,8.5,0],"texture":"#texture"},"east":{"uv":[7.5,0,8.5,0],"texture":"#texture"}}},{"from":[8.5,16,7.5],"to":[9.5,19.5,8.5],"faces":{"down":{"uv":[6.5,8.5,5.5,7.5],"rotation":180,"texture":"#texture"},"up":{"uv":[9.5,7.5,10.5,8.5],"rotation":180,"texture":"#texture"},"north":{"uv":[9.5,0,10.5,0],"texture":"#texture"},"south":{"uv":[5.5,0,6.5,0],"texture":"#texture"},"west":{"uv":[7.5,0,8.5,0],"texture":"#texture"},"east":{"uv":[7.5,0,8.5,0],"texture":"#texture"}}},{"from":[9.5,18.5,7.5],"to":[10.5,20.5,8.5],"faces":{"down":{"uv":[11.5,7.5,12.5,8.5],"rotation":180,"texture":"#texture"},"up":{"uv":[11.5,7.5,12.5,8.5],"rotation":180,"texture":"#texture"},"north":{"uv":[11.5,4.5,12.5,6.5],"texture":"#texture"},"south":{"uv":[11.5,4.5,12.5,6.5],"texture":"#texture"},"west":{"uv":[7.5,4.5,8.5,6.5],"texture":"#texture"},"east":{"uv":[7.5,4.5,8.5,6.5],"texture":"#texture"}}},{"from":[10.5,20.5,7.5],"to":[11.5,21.5,8.5],"faces":{"down":{"uv":[8.5,8.5,7.5,7.5],"rotation":180,"texture":"#texture"},"up":{"uv":[7.5,7.5,8.5,8.5],"rotation":180,"texture":"#texture"},"north":{"uv":[7.5,0,8.5,0],"texture":"#texture"},"south":{"uv":[7.5,0,8.5,0],"texture":"#texture"},"west":{"uv":[7.5,0,8.5,0],"texture":"#texture"},"east":{"uv":[7.5,0,8.5,0],"texture":"#texture"}}},{"from":[10.5,23.5,7.5],"to":[14,24.5,8.5],"faces":{"down":{"uv":[11,8.5,7.5,7.5],"rotation":180,"texture":"#texture"},"up":{"uv":[5,7.5,8.5,8.5],"rotation":180,"texture":"#texture"},"north":{"uv":[5,0,8.5,0],"texture":"#texture"},"south":{"uv":[7.5,0,11,0],"texture":"#texture"},"west":{"uv":[7.5,0,8.5,0],"texture":"#texture"},"east":{"uv":[7.5,0,8.5,0],"texture":"#texture"}}},{"from":[11.5,21,7.5],"to":[12,23.5,8.5],"faces":{"down":{"uv":[9,8.5,8.5,7.5],"rotation":180,"texture":"#texture"},"up":{"uv":[7,7.5,7.5,8.5],"rotation":180,"texture":"#texture"},"north":{"uv":[7,0,7.5,0],"texture":"#texture"},"south":{"uv":[8.5,0,9,0],"texture":"#texture"},"west":{"uv":[7.5,0,8.5,0],"texture":"#texture"},"east":{"uv":[7.5,0,8.5,0],"texture":"#texture"}}},{"from":[14,22.5,7.5],"to":[16,23.5,8.5],"faces":{"down":{"uv":[13,8.5,11,7.5],"rotation":180,"texture":"#texture"},"up":{"uv":[3,7.5,5,8.5],"rotation":180,"texture":"#texture"},"north":{"uv":[3,0,5,0],"texture":"#texture"},"south":{"uv":[11,0,13,0],"texture":"#texture"},"west":{"uv":[7.5,0,8.5,0],"texture":"#texture"},"east":{"uv":[7.5,0,8.5,0],"texture":"#texture"}}},{"from":[15,21.5,7.5],"to":[17,22.5,8.5],"faces":{"down":{"uv":[14,8.5,12,7.5],"rotation":180,"texture":"#texture"},"up":{"uv":[2,7.5,4,8.5],"rotation":180,"texture":"#texture"},"north":{"uv":[2,0,4,0],"texture":"#texture"},"south":{"uv":[12,0,14,0],"texture":"#texture"},"west":{"uv":[7.5,0,8.5,0],"texture":"#texture"},"east":{"uv":[7.5,0,8.5,0],"texture":"#texture"}}},{"from":[16.5,20.5,7.5],"to":[18,21.5,8.5],"faces":{"down":{"uv":[15,8.5,13.5,7.5],"rotation":180,"texture":"#texture"},"up":{"uv":[1,7.5,2.5,8.5],"rotation":180,"texture":"#texture"},"north":{"uv":[1,0,2.5,0],"texture":"#texture"},"south":{"uv":[13.5,0,15,0],"texture":"#texture"},"west":{"uv":[7.5,0,8.5,0],"texture":"#texture"},"east":{"uv":[7.5,0,8.5,0],"texture":"#texture"}}},{"from":[18,18.5,7.5],"to":[19,20.5,8.5],"faces":{"down":{"uv":[16,8.5,15,7.5],"rotation":180,"texture":"#texture"},"up":{"uv":[0,7.5,1,8.5],"rotation":180,"texture":"#texture"},"north":{"uv":[0,0,1,0],"texture":"#texture"},"south":{"uv":[15,0,16,0],"texture":"#texture"},"west":{"uv":[7.5,0,8.5,0],"texture":"#texture"},"east":{"uv":[7.5,0,8.5,0],"texture":"#texture"}}},{"from":[18.5,13.5,7.5],"to":[19,16,8.5],"faces":{"down":{"uv":[3,7.5,3.5,8.5],"rotation":180,"texture":"#planks"},"up":{"uv":[3,7.5,3.5,8.5],"rotation":180,"texture":"#planks"},"north":{"uv":[3,9,3.5,11.5],"texture":"#planks"},"south":{"uv":[3,9,3.5,11.5],"texture":"#planks"},"west":{"uv":[7.5,9,8.5,11.5],"texture":"#planks"},"east":{"uv":[7.5,9,8.5,11.5],"texture":"#planks"}}},{"from":[10.5,18.5,7.5],"to":[18,19.5,8.5],"faces":{"down":{"uv":[4,7.5,11.5,8.5],"rotation":180,"texture":"#planks"},"up":{"uv":[4,7.5,11.5,8.5],"rotation":180,"texture":"#planks"},"north":{"uv":[4,5.5,11.5,6.5],"texture":"#planks"},"south":{"uv":[4,5.5,11.5,6.5],"texture":"#planks"},"west":{"uv":[7.5,5.5,8.5,6.5],"texture":"#planks"},"east":{"uv":[7.5,5.5,8.5,6.5],"texture":"#planks"}}},{"from":[10.5,19.5,7.5],"to":[18,20.5,8.5],"faces":{"down":{"uv":[4,7.5,11.5,8.5],"rotation":180,"texture":"#planks"},"up":{"uv":[4,7.5,11.5,8.5],"rotation":180,"texture":"#planks"},"north":{"uv":[4,4.5,11.5,5.5],"texture":"#planks"},"south":{"uv":[4,4.5,11.5,5.5],"texture":"#planks"},"west":{"uv":[7.5,4.5,8.5,5.5],"texture":"#planks"},"east":{"uv":[7.5,4.5,8.5,5.5],"texture":"#planks"}}},{"from":[12.5,20.5,7.5],"to":[16.5,21.5,8.5],"faces":{"down":{"uv":[5.5,7.5,9.5,8.5],"rotation":180,"texture":"#planks"},"up":{"uv":[5.5,7.5,9.5,8.5],"rotation":180,"texture":"#planks"},"north":{"uv":[5.5,3.5,9.5,4.5],"texture":"#planks"},"south":{"uv":[5.5,3.5,9.5,4.5],"texture":"#planks"},"west":{"uv":[7.5,3.5,8.5,4.5],"texture":"#planks"},"east":{"uv":[7.5,3.5,8.5,4.5],"texture":"#planks"}}},{"from":[11.5,20.5,7.5],"to":[12.5,21,8.5],"faces":{"down":{"uv":[9.5,7.5,10.5,8.5],"rotation":180,"texture":"#planks"},"up":{"uv":[9.5,7.5,10.5,8.5],"rotation":180,"texture":"#planks"},"north":{"uv":[9.5,4,10.5,4.5],"texture":"#planks"},"south":{"uv":[9.5,4,10.5,4.5],"texture":"#planks"},"west":{"uv":[7.5,4,8.5,4.5],"texture":"#planks"},"east":{"uv":[7.5,4,8.5,4.5],"texture":"#planks"}}},{"from":[12,17,7.5],"to":[18.5,17.5,8.5],"faces":{"down":{"uv":[3.5,7.5,10,8.5],"rotation":180,"texture":"#planks"},"up":{"uv":[3.5,7.5,10,8.5],"rotation":180,"texture":"#planks"},"north":{"uv":[3.5,7.5,10,8],"texture":"#planks"},"south":{"uv":[3.5,7.5,10,8],"texture":"#planks"},"west":{"uv":[7.5,7.5,8.5,8],"texture":"#planks"},"east":{"uv":[7.5,7.5,8.5,8],"texture":"#planks"}}},{"from":[13,16.5,7.5],"to":[18.5,17,8.5],"faces":{"down":{"uv":[3.5,7.5,9,8.5],"rotation":180,"texture":"#planks"},"up":{"uv":[3.5,7.5,9,8.5],"rotation":180,"texture":"#planks"},"north":{"uv":[3.5,8,9,8.5],"texture":"#planks"},"south":{"uv":[3.5,8,9,8.5],"texture":"#planks"},"west":{"uv":[7.5,8,8.5,8.5],"texture":"#planks"},"east":{"uv":[7.5,8,8.5,8.5],"texture":"#planks"}}},{"from":[12,21.5,7.5],"to":[15,22.5,8.5],"faces":{"down":{"uv":[7,7.5,10,8.5],"rotation":180,"texture":"#planks"},"up":{"uv":[7,7.5,10,8.5],"rotation":180,"texture":"#planks"},"north":{"uv":[7,2.5,10,3.5],"texture":"#planks"},"south":{"uv":[7,2.5,10,3.5],"texture":"#planks"},"west":{"uv":[7.5,2.5,8.5,3.5],"texture":"#planks"},"east":{"uv":[7.5,2.5,8.5,3.5],"texture":"#planks"}}},{"from":[9.5,17.5,7.5],"to":[18.5,18.5,8.5],"faces":{"down":{"uv":[3.5,7.5,12.5,8.5],"rotation":180,"texture":"#planks"},"up":{"uv":[3.5,7.5,12.5,8.5],"rotation":180,"texture":"#planks"},"north":{"uv":[3.5,6.5,12.5,7.5],"texture":"#planks"},"south":{"uv":[3.5,6.5,12.5,7.5],"texture":"#planks"},"west":{"uv":[7.5,6.5,8.5,7.5],"texture":"#planks"},"east":{"uv":[7.5,6.5,8.5,7.5],"texture":"#planks"}}},{"from":[12,22.5,7.5],"to":[14,23.5,8.5],"faces":{"down":{"uv":[8,7.5,10,8.5],"rotation":180,"texture":"#planks"},"up":{"uv":[8,7.5,10,8.5],"rotation":180,"texture":"#planks"},"north":{"uv":[8,1.5,10,2.5],"texture":"#planks"},"south":{"uv":[8,1.5,10,2.5],"texture":"#planks"},"west":{"uv":[7.5,1.5,8.5,2.5],"texture":"#planks"},"east":{"uv":[7.5,1.5,8.5,2.5],"texture":"#planks"}}},{"from":[16,13.5,7.5],"to":[18.5,15,8.5],"faces":{"down":{"uv":[3.5,7.5,6,8.5],"rotation":180,"texture":"#planks"},"up":{"uv":[3.5,7.5,6,8.5],"rotation":180,"texture":"#planks"},"north":{"uv":[3.5,10,6,11.5],"texture":"#planks"},"south":{"uv":[3.5,10,6,11.5],"texture":"#planks"},"west":{"uv":[7.5,10,8.5,11.5],"texture":"#planks"},"east":{"uv":[7.5,10,8.5,11.5],"texture":"#planks"}}},{"from":[17,11.5,7.5],"to":[18,13.5,8.5],"faces":{"down":{"uv":[4,7.5,5,8.5],"rotation":180,"texture":"#planks"},"up":{"uv":[4,7.5,5,8.5],"rotation":180,"texture":"#planks"},"north":{"uv":[4,11.5,5,13.5],"texture":"#planks"},"south":{"uv":[4,11.5,5,13.5],"texture":"#planks"},"west":{"uv":[7.5,11.5,8.5,13.5],"texture":"#planks"},"east":{"uv":[7.5,11.5,8.5,13.5],"texture":"#planks"}}},{"from":[14,15,7.5],"to":[18.5,16.5,8.5],"faces":{"down":{"uv":[3.5,7.5,8,8.5],"rotation":180,"texture":"#planks"},"up":{"uv":[3.5,7.5,8,8.5],"rotation":180,"texture":"#planks"},"north":{"uv":[3.5,8.5,8,10],"texture":"#planks"},"south":{"uv":[3.5,8.5,8,10],"texture":"#planks"},"west":{"uv":[7.5,8.5,8.5,10],"texture":"#planks"},"east":{"uv":[7.5,8.5,8.5,10],"texture":"#planks"}}},{"from":[12,21,7.5],"to":[12.5,21.5,8.5],"faces":{"down":{"uv":[9.5,7.5,10,8.5],"rotation":180,"texture":"#texture"},"up":{"uv":[9.5,7.5,10,8.5],"rotation":180,"texture":"#texture"},"north":{"uv":[9.5,3.5,10,4],"texture":"#texture"},"south":{"uv":[9.5,3.5,10,4],"texture":"#texture"},"west":{"uv":[7.5,3.5,8.5,4],"texture":"#texture"},"east":{"uv":[7.5,3.5,8.5,4],"texture":"#texture"}}}],"display":{"thirdperson_righthand":{"rotation":[0,98,0],"translation":[0.19,9.83,2.46],"scale":[1,1,1]},"firstperson_righthand":{"rotation":[-13,85,0],"translation":[0,-1,2],"scale":[0.8,0.8,0.8]},"gui":{"rotation":[1,-1,-45],"translation":[-1.5,-1.3,-0.38],"scale":[0.46,0.46,0.46]}}}