{"textures":{"red":"minemakers/color/red","wool_colored_black":"minemakers/color/black","wool_colored_white":"minemakers/iron"},"elements":[{"from":[7.5,1,7],"to":[8.5,2,8],"faces":{"down":{"uv":[8.5,8,7.5,7],"texture":"#wool_colored_black"},"up":{"uv":[7.5,7,8.5,8],"texture":"#wool_colored_black"},"north":{"uv":[7.5,14,8.5,15],"texture":"#wool_colored_black"},"south":{"uv":[7.5,14,8.5,15],"texture":"#wool_colored_black"},"west":{"uv":[7,14,8,15],"texture":"#wool_colored_black"},"east":{"uv":[8,14,9,15],"texture":"#wool_colored_black"}}},{"from":[6.5,2,7],"to":[7.5,3,8],"faces":{"down":{"uv":[9.5,8,8.5,7],"texture":"#wool_colored_black"},"up":{"uv":[6.5,7,7.5,8],"texture":"#wool_colored_black"},"north":{"uv":[8.5,13,9.5,14],"texture":"#wool_colored_black"},"south":{"uv":[6.5,13,7.5,14],"texture":"#wool_colored_black"},"west":{"uv":[7,13,8,14],"texture":"#wool_colored_black"},"east":{"uv":[8,13,9,14],"texture":"#wool_colored_black"}}},{"from":[5.5,3,7],"to":[6.5,4,8],"faces":{"down":{"uv":[10.5,8,9.5,7],"texture":"#wool_colored_black"},"up":{"uv":[5.5,7,6.5,8],"texture":"#wool_colored_black"},"north":{"uv":[9.5,12,10.5,13],"texture":"#wool_colored_black"},"south":{"uv":[5.5,12,6.5,13],"texture":"#wool_colored_black"},"west":{"uv":[7,12,8,13],"texture":"#wool_colored_black"},"east":{"uv":[8,12,9,13],"texture":"#wool_colored_black"}}},{"from":[4.5,4,7],"to":[5.5,5,8],"faces":{"down":{"uv":[11.5,8,10.5,7],"texture":"#wool_colored_black"},"up":{"uv":[4.5,7,5.5,8],"texture":"#wool_colored_black"},"north":{"uv":[10.5,11,11.5,12],"texture":"#wool_colored_black"},"south":{"uv":[4.5,11,5.5,12],"texture":"#wool_colored_black"},"west":{"uv":[7,11,8,12],"texture":"#wool_colored_black"},"east":{"uv":[8,11,9,12],"texture":"#wool_colored_black"}}},{"from":[8.5,2,7],"to":[9.5,3,8],"faces":{"down":{"uv":[7.5,8,6.5,7],"texture":"#wool_colored_black"},"up":{"uv":[8.5,7,9.5,8],"texture":"#wool_colored_black"},"north":{"uv":[6.5,13,7.5,14],"texture":"#wool_colored_black"},"south":{"uv":[8.5,13,9.5,14],"texture":"#wool_colored_black"},"west":{"uv":[7,13,8,14],"texture":"#wool_colored_black"},"east":{"uv":[8,13,9,14],"texture":"#wool_colored_black"}}},{"from":[10.5,4,7],"to":[11.5,5,8],"faces":{"down":{"uv":[5.5,8,4.5,7],"texture":"#wool_colored_black"},"up":{"uv":[10.5,7,11.5,8],"texture":"#wool_colored_black"},"north":{"uv":[4.5,11,5.5,12],"texture":"#wool_colored_black"},"south":{"uv":[10.5,11,11.5,12],"texture":"#wool_colored_black"},"west":{"uv":[7,11,8,12],"texture":"#wool_colored_black"},"east":{"uv":[8,11,9,12],"texture":"#wool_colored_black"}}},{"from":[3.5,5,7],"to":[4.5,8,8],"faces":{"down":{"uv":[12.5,8,11.5,7],"texture":"#wool_colored_black"},"up":{"uv":[3.5,7,4.5,8],"texture":"#wool_colored_black"},"north":{"uv":[11.5,8,12.5,11],"texture":"#wool_colored_black"},"south":{"uv":[3.5,8,4.5,11],"texture":"#wool_colored_black"},"west":{"uv":[7,8,8,11],"texture":"#wool_colored_black"},"east":{"uv":[8,8,9,11],"texture":"#wool_colored_black"}}},{"from":[11.5,5,7],"to":[12.5,8,8],"faces":{"down":{"uv":[4.5,8,3.5,7],"texture":"#wool_colored_black"},"up":{"uv":[11.5,7,12.5,8],"texture":"#wool_colored_black"},"north":{"uv":[3.5,8,4.5,11],"texture":"#wool_colored_black"},"south":{"uv":[11.5,8,12.5,11],"texture":"#wool_colored_black"},"west":{"uv":[7,8,8,11],"texture":"#wool_colored_black"},"east":{"uv":[8,8,9,11],"texture":"#wool_colored_black"}}},{"from":[9.5,3,7],"to":[10.5,4,8],"faces":{"down":{"uv":[6.5,8,5.5,7],"texture":"#wool_colored_black"},"up":{"uv":[9.5,7,10.5,8],"texture":"#wool_colored_black"},"north":{"uv":[5.5,12,6.5,13],"texture":"#wool_colored_black"},"south":{"uv":[9.5,12,10.5,13],"texture":"#wool_colored_black"},"west":{"uv":[7,12,8,13],"texture":"#wool_colored_black"},"east":{"uv":[8,12,9,13],"texture":"#wool_colored_black"}}},{"from":[4.5,8,7],"to":[5.5,9,8],"faces":{"down":{"uv":[11.5,8,10.5,7],"texture":"#wool_colored_black"},"up":{"uv":[4.5,7,5.5,8],"texture":"#wool_colored_black"},"north":{"uv":[10.5,7,11.5,8],"texture":"#wool_colored_black"},"south":{"uv":[4.5,7,5.5,8],"texture":"#wool_colored_black"},"west":{"uv":[7,7,8,8],"texture":"#wool_colored_black"},"east":{"uv":[8,7,9,8],"texture":"#wool_colored_black"}}},{"from":[10.5,8,7],"to":[11.5,9,8],"faces":{"down":{"uv":[5.5,8,4.5,7],"texture":"#wool_colored_black"},"up":{"uv":[10.5,7,11.5,8],"texture":"#wool_colored_black"},"north":{"uv":[4.5,7,5.5,8],"texture":"#wool_colored_black"},"south":{"uv":[10.5,7,11.5,8],"texture":"#wool_colored_black"},"west":{"uv":[7,7,8,8],"texture":"#wool_colored_black"},"east":{"uv":[8,7,9,8],"texture":"#wool_colored_black"}}},{"from":[5.5,9,7],"to":[7.5,10,8],"faces":{"down":{"uv":[10.5,8,8.5,7],"texture":"#wool_colored_black"},"up":{"uv":[5.5,7,7.5,8],"texture":"#wool_colored_black"},"north":{"uv":[8.5,6,10.5,7],"texture":"#wool_colored_black"},"south":{"uv":[5.5,6,7.5,7],"texture":"#wool_colored_black"},"west":{"uv":[7,6,8,7],"texture":"#wool_colored_black"},"east":{"uv":[8,6,9,7],"texture":"#wool_colored_black"}}},{"from":[8.5,9,7],"to":[10.5,10,8],"faces":{"down":{"uv":[7.5,8,5.5,7],"texture":"#wool_colored_black"},"up":{"uv":[8.5,7,10.5,8],"texture":"#wool_colored_black"},"north":{"uv":[5.5,6,7.5,7],"texture":"#wool_colored_black"},"south":{"uv":[8.5,6,10.5,7],"texture":"#wool_colored_black"},"west":{"uv":[7,6,8,7],"texture":"#wool_colored_black"},"east":{"uv":[8,6,9,7],"texture":"#wool_colored_black"}}},{"from":[7.5,8,7],"to":[8.5,9,8],"faces":{"down":{"uv":[7.5,7,8.5,8],"texture":"#wool_colored_black"},"up":{"uv":[7.5,7,8.5,8],"texture":"#wool_colored_black"},"north":{"uv":[7.5,7,8.5,8],"texture":"#wool_colored_black"},"south":{"uv":[7.5,7,8.5,8],"texture":"#wool_colored_black"},"west":{"uv":[7,7,8,8],"texture":"#wool_colored_black"},"east":{"uv":[7,7,8,8],"texture":"#wool_colored_black"}}},{"from":[5.5,7,7],"to":[6.5,8,8],"faces":{"down":{"uv":[5.5,7,6.5,8],"texture":"#wool_colored_white"},"up":{"uv":[5.5,7,6.5,8],"texture":"#wool_colored_white"},"north":{"uv":[5.5,8,6.5,9],"texture":"#wool_colored_white"},"south":{"uv":[5.5,8,6.5,9],"texture":"#wool_colored_white"},"west":{"uv":[7,8,8,9],"texture":"#wool_colored_white"},"east":{"uv":[7,8,8,9],"texture":"#wool_colored_white"}}},{"from":[5.5,4,7],"to":[6.5,7,8],"faces":{"down":{"uv":[10.5,8,9.5,7],"texture":"#red"},"up":{"uv":[5.5,7,6.5,8],"texture":"#red"},"north":{"uv":[9.5,9,10.5,12],"texture":"#red"},"south":{"uv":[5.5,9,6.5,12],"texture":"#red"},"west":{"uv":[7,9,8,12],"texture":"#red"},"east":{"uv":[8,9,9,12],"texture":"#red"}}},{"from":[6.5,3,7],"to":[9.5,4,8],"faces":{"down":{"uv":[9.5,8,6.5,7],"texture":"#red"},"up":{"uv":[6.5,7,9.5,8],"texture":"#red"},"north":{"uv":[6.5,12,9.5,13],"texture":"#red"},"south":{"uv":[6.5,12,9.5,13],"texture":"#red"},"west":{"uv":[7,12,8,13],"texture":"#red"},"east":{"uv":[8,12,9,13],"texture":"#red"}}},{"from":[6.5,4,7],"to":[10.5,8,8],"faces":{"down":{"uv":[9.5,8,5.5,7],"texture":"#red"},"up":{"uv":[6.5,7,10.5,8],"texture":"#red"},"north":{"uv":[5.5,8,9.5,12],"texture":"#red"},"south":{"uv":[6.5,8,10.5,12],"texture":"#red"},"west":{"uv":[7,8,8,12],"texture":"#red"},"east":{"uv":[8,8,9,12],"texture":"#red"}}},{"from":[7.5,2,7],"to":[8.5,3,8],"faces":{"down":{"uv":[8.5,8,7.5,7],"texture":"#red"},"up":{"uv":[7.5,7,8.5,8],"texture":"#red"},"north":{"uv":[7.5,13,8.5,14],"texture":"#red"},"south":{"uv":[7.5,13,8.5,14],"texture":"#red"},"west":{"uv":[7,13,8,14],"texture":"#red"},"east":{"uv":[8,13,9,14],"texture":"#red"}}},{"from":[10.5,5,7],"to":[11.5,8,8],"faces":{"down":{"uv":[5.5,8,4.5,7],"texture":"#red"},"up":{"uv":[10.5,7,11.5,8],"texture":"#red"},"north":{"uv":[4.5,8,5.5,11],"texture":"#red"},"south":{"uv":[10.5,8,11.5,11],"texture":"#red"},"west":{"uv":[7,8,8,11],"texture":"#red"},"east":{"uv":[8,8,9,11],"texture":"#red"}}},{"from":[5.5,8,7],"to":[7.5,9,8],"faces":{"down":{"uv":[10.5,8,8.5,7],"texture":"#red"},"up":{"uv":[5.5,7,7.5,8],"texture":"#red"},"north":{"uv":[8.5,7,10.5,8],"texture":"#red"},"south":{"uv":[5.5,7,7.5,8],"texture":"#red"},"west":{"uv":[7,7,8,8],"texture":"#red"},"east":{"uv":[8,7,9,8],"texture":"#red"}}},{"from":[8.5,8,7],"to":[10.5,9,8],"faces":{"down":{"uv":[7.5,8,5.5,7],"texture":"#red"},"up":{"uv":[8.5,7,10.5,8],"texture":"#red"},"north":{"uv":[5.5,7,7.5,8],"texture":"#red"},"south":{"uv":[8.5,7,10.5,8],"texture":"#red"},"west":{"uv":[7,7,8,8],"texture":"#red"},"east":{"uv":[8,7,9,8],"texture":"#red"}}},{"from":[4.5,5,7],"to":[5.5,8,8],"faces":{"down":{"uv":[11.5,8,10.5,7],"texture":"#red"},"up":{"uv":[4.5,7,5.5,8],"texture":"#red"},"north":{"uv":[10.5,8,11.5,11],"texture":"#red"},"south":{"uv":[4.5,8,5.5,11],"texture":"#red"},"west":{"uv":[7,8,8,11],"texture":"#red"},"east":{"uv":[8,8,9,11],"texture":"#red"}}}],"display":{"thirdperson_righthand":{"rotation":[58,-65,16],"translation":[2.27,1.13,6.8],"scale":[2,2,2]},"firstperson_righthand":{"rotation":[-13,85,0],"translation":[1,4,2],"scale":[1.4,1.4,1.4]},"gui":{"rotation":[0,0,0],"translation":[0.4,2.9,0],"scale":[1.4,1.4,1.4]}}}