{"textures":{"texture":"minemakers/bear"},"elements":[{"from":[8,0,7.5],"to":[12,4,19.5],"rotation":{"origin":[8,0,7.5],"axis":"y","angle":22.5},"faces":{"down":{"uv":[2,4,3,5],"texture":"#texture"},"up":{"uv":[1,4,2,5],"texture":"#texture"},"north":{"uv":[3,5,4,8],"texture":"#texture"},"south":{"uv":[1,5,2,8],"texture":"#texture"},"west":{"uv":[0,5,1,8],"texture":"#texture"},"east":{"uv":[2,5,3,8],"texture":"#texture"}}},{"from":[4.5,0,6],"to":[8.5,4,18],"rotation":{"origin":[4.5,0,6],"axis":"y","angle":-22.5},"faces":{"down":{"uv":[2,4,3,5],"texture":"#texture"},"up":{"uv":[1,4,2,5],"texture":"#texture"},"north":{"uv":[3,5,4,8],"texture":"#texture"},"south":{"uv":[1,5,2,8],"texture":"#texture"},"west":{"uv":[0,5,1,8],"texture":"#texture"},"east":{"uv":[2,5,3,8],"texture":"#texture"}}},{"from":[4,4,6],"to":[12,16,10],"faces":{"down":{"uv":[7.5,4,9.5,5],"texture":"#texture"},"up":{"uv":[5,4,7,5],"texture":"#texture"},"north":{"uv":[8,5,10,8],"texture":"#texture"},"south":{"uv":[5,5,7,8],"texture":"#texture"},"west":{"uv":[4,5,5,8],"texture":"#texture"},"east":{"uv":[7,5,8,8],"texture":"#texture"}}},{"from":[12,2.25,5.5],"to":[16,14.25,9.5],"rotation":{"origin":[12,14.25,5.5],"axis":"x","angle":-45},"faces":{"down":{"uv":[12,4,13,5],"texture":"#texture"},"up":{"uv":[11,4,12,5],"texture":"#texture"},"north":{"uv":[13,5,14,8],"texture":"#texture"},"south":{"uv":[11,5,12,8],"texture":"#texture"},"west":{"uv":[10,5,11,8],"texture":"#texture"},"east":{"uv":[12,5,13,8],"texture":"#texture"}}},{"from":[0,2.5,6],"to":[4,14.5,10],"rotation":{"origin":[0,14.5,6],"axis":"x","angle":-45},"faces":{"down":{"uv":[12,4,13,5],"texture":"#texture"},"up":{"uv":[11,4,12,5],"texture":"#texture"},"north":{"uv":[13,5,14,8],"texture":"#texture"},"south":{"uv":[11,5,12,8],"texture":"#texture"},"west":{"uv":[10,5,11,8],"texture":"#texture"},"east":{"uv":[12,5,13,8],"texture":"#texture"}}},{"from":[4,16,4],"to":[12,24,12],"faces":{"down":{"uv":[4,0,6,2],"texture":"#texture"},"up":{"uv":[2,0,4,2],"texture":"#texture"},"north":{"uv":[6,2,8,4],"texture":"#texture"},"south":{"uv":[2,2,4,4],"texture":"#texture"},"west":{"uv":[0,2,2,4],"texture":"#texture"},"east":{"uv":[5,2,7,4],"texture":"#texture"}}}],"display":{"head":{"rotation":[0,180,0],"translation":[0,-21.35,0],"scale":[2.5,2.5,2.5]},"thirdperson_righthand":{"rotation":[0,0,0],"translation":[0,0,0],"scale":[0,0,0]},"firstperson_righthand":{"rotation":[0,0,0],"translation":[0,0,0],"scale":[0,0,0]},"gui":{"rotation":[0,0,0],"translation":[0,0,0],"scale":[0,0,0]}}}