{"textures":{"texture":"minemakers/icons"},"elements":[{"from":[-8.5,0,10.5],"to":[32,0.001,13],"faces":{"up":{"uv":[0,5,10,5.5],"texture":"#texture"}}},{"from":[-6.5,-1,10],"to":[28.5,0,10.5],"faces":{"up":{"uv":[1,11,9.5,11.5],"texture":"#texture"}}},{"from":[28.5,-1,10.25],"to":[28.75,0,10.5],"faces":{"up":{"uv":[1,11,9.5,11.5],"texture":"#texture"}}},{"from":[-6.5,0,13],"to":[30.5,1,13.2],"faces":{"up":{"uv":[1,11,9.5,11.5],"texture":"#texture"}}}],"display":{"thirdperson_righthand":{"rotation":[0,0,0],"translation":[0,0,0],"scale":[0,0,0]},"firstperson_righthand":{"rotation":[0,0,0],"translation":[0,0,0],"scale":[0,0,0]},"gui":{"rotation":[90,0,0],"translation":[76,29,0],"scale":[4,1,3.6]}}}