{"textures":{"texture":"minemakers/iron","landscape":"minemakers/landscape2","hardened_clay_stained_blue":"blocks/hardened_clay_stained_blue","snow":"blocks/snow","sky":"minemakers/sky","santa":"minemakers/santa","penguin":"minemakers/penguin","star":"minemakers/star","leaves":"minemakers/leaves","wood3":"minemakers/wood3","iron_block":"blocks/iron_block","sword_black":"minemakers/sword_black"},"elements":[{"from":[1,-6,7.5],"to":[15,-5.5,8.5],"faces":{"down":{"uv":[15,8.5,1,7.5],"texture":"#texture"},"up":{"uv":[1,7.5,15,8.5],"texture":"#texture"},"north":{"uv":[1,16,15,16],"texture":"#texture"},"south":{"uv":[1,16,15,16],"texture":"#texture"},"west":{"uv":[7.5,16,8.5,16],"texture":"#texture"},"east":{"uv":[7.5,16,8.5,16],"texture":"#texture"}}},{"from":[7.5,-6,8.5],"to":[8.5,-5.5,15],"faces":{"down":{"uv":[8.5,15,7.5,8.5],"texture":"#texture"},"up":{"uv":[7.5,8.5,8.5,15],"texture":"#texture"},"north":{"uv":[7.5,16,8.5,16],"texture":"#texture"},"south":{"uv":[7.5,16,8.5,16],"texture":"#texture"},"west":{"uv":[8.5,16,15,16],"texture":"#texture"},"east":{"uv":[1,16,7.5,16],"texture":"#texture"}}},{"from":[6.5,-5.5,6.5],"to":[9.5,-4.5,9.5],"faces":{"down":{"uv":[9.5,9.5,6.5,6.5],"texture":"#texture"},"up":{"uv":[6.5,6.5,9.5,9.5],"texture":"#texture"},"north":{"uv":[6.5,16,9.5,16],"texture":"#texture"},"south":{"uv":[6.5,16,9.5,16],"texture":"#texture"},"west":{"uv":[6.5,16,9.5,16],"texture":"#texture"},"east":{"uv":[6.5,16,9.5,16],"texture":"#texture"}}},{"from":[7.5,-6,5.5],"to":[8.5,-5.5,7.5],"faces":{"down":{"uv":[8.5,7.5,7.5,5.5],"texture":"#iron_block"},"up":{"uv":[7.5,5.5,8.5,7.5],"texture":"#iron_block"},"north":{"uv":[7.5,16,8.5,16],"texture":"#iron_block"},"south":{"uv":[7.5,16,8.5,16],"texture":"#iron_block"},"west":{"uv":[5.5,16,7.5,16],"texture":"#iron_block"},"east":{"uv":[8.5,16,10.5,16],"texture":"#iron_block"}}},{"from":[7.75,-6,4.6875],"to":[8.25,-5,5.6875],"faces":{"down":{"uv":[8.25,5.6875,7.75,4.6875],"texture":"#iron_block"},"up":{"uv":[7.75,4.6875,8.25,5.6875],"texture":"#iron_block"},"north":{"uv":[7.75,16,8.25,16],"texture":"#iron_block"},"south":{"uv":[7.75,16,8.25,16],"texture":"#iron_block"},"west":{"uv":[4.6875,16,5.6875,16],"texture":"#iron_block"},"east":{"uv":[10.3125,16,11.3125,16],"texture":"#iron_block"}}},{"from":[7.5,-5.8125,3.625],"to":[8.5,-5.3125,5.125],"faces":{"down":{"uv":[8.5,5.125,7.5,3.625],"texture":"#iron_block"},"up":{"uv":[7.5,3.625,8.5,5.125],"texture":"#iron_block"},"north":{"uv":[7.5,16,8.5,16],"texture":"#iron_block"},"south":{"uv":[7.5,16,8.5,16],"texture":"#iron_block"},"west":{"uv":[3.625,16,5.125,16],"texture":"#iron_block"},"east":{"uv":[10.875,16,12.375,16],"texture":"#iron_block"}}},{"from":[7.75,-6,3],"to":[8.25,-5,4],"faces":{"down":{"uv":[8.25,4,7.75,3],"texture":"#iron_block"},"up":{"uv":[7.75,3,8.25,4],"texture":"#iron_block"},"north":{"uv":[7.75,16,8.25,16],"texture":"#iron_block"},"south":{"uv":[7.75,16,8.25,16],"texture":"#iron_block"},"west":{"uv":[3,16,4,16],"texture":"#iron_block"},"east":{"uv":[12,16,13,16],"texture":"#iron_block"}}},{"from":[7.5,-5.75,1.6875],"to":[8.5,-5.25,3.1875],"faces":{"down":{"uv":[8.5,3.1875,7.5,1.6875],"texture":"#iron_block"},"up":{"uv":[7.5,1.6875,8.5,3.1875],"texture":"#iron_block"},"north":{"uv":[7.5,16,8.5,16],"texture":"#iron_block"},"south":{"uv":[7.5,16,8.5,16],"texture":"#iron_block"},"west":{"uv":[1.6875,16,3.1875,16],"texture":"#iron_block"},"east":{"uv":[12.8125,16,14.3125,16],"texture":"#iron_block"}}},{"from":[7.75,-6,1],"to":[8.25,-5,2],"faces":{"down":{"uv":[8.25,2,7.75,1],"texture":"#iron_block"},"up":{"uv":[7.75,1,8.25,2],"texture":"#iron_block"},"north":{"uv":[7.75,16,8.25,16],"texture":"#iron_block"},"south":{"uv":[7.75,16,8.25,16],"texture":"#iron_block"},"west":{"uv":[1,16,2,16],"texture":"#iron_block"},"east":{"uv":[14,16,15,16],"texture":"#iron_block"}}},{"from":[7.5,-6.25,0.125],"to":[8.5,-5.75,1.125],"rotation":{"origin":[7.5,-5.75,0.125],"axis":"x","angle":-45},"faces":{"down":{"uv":[8.5,1,7.5,0],"texture":"#iron_block"},"up":{"uv":[7.5,0,8.5,1],"texture":"#iron_block"},"north":{"uv":[7.5,15,8.5,15.5],"texture":"#iron_block"},"south":{"uv":[7.5,15,8.5,15.5],"texture":"#iron_block"},"west":{"uv":[0,15,1,15.5],"texture":"#iron_block"},"east":{"uv":[15,15,16,15.5],"texture":"#iron_block"}}},{"from":[1,-5,6.5],"to":[2,-4,9.5],"faces":{"down":{"uv":[15,9.5,14,6.5],"texture":"#texture"},"up":{"uv":[1,6.5,2,9.5],"texture":"#texture"},"north":{"uv":[14,16,15,16],"texture":"#texture"},"south":{"uv":[1,16,2,16],"texture":"#texture"},"west":{"uv":[6.5,16,9.5,16],"texture":"#texture"},"east":{"uv":[6.5,16,9.5,16],"texture":"#texture"}}},{"from":[6.5,-5,1],"to":[9.5,-4,2],"faces":{"down":{"uv":[9.5,2,6.5,1],"texture":"#texture"},"up":{"uv":[6.5,1,9.5,2],"texture":"#texture"},"north":{"uv":[6.5,16,9.5,16],"texture":"#texture"},"south":{"uv":[6.5,16,9.5,16],"texture":"#texture"},"west":{"uv":[1,16,2,16],"texture":"#texture"},"east":{"uv":[14,16,15,16],"texture":"#texture"}}},{"from":[2,-5,5],"to":[3,-4,7],"faces":{"down":{"uv":[14,7,13,5],"texture":"#texture"},"up":{"uv":[2,5,3,7],"texture":"#texture"},"north":{"uv":[13,16,14,16],"texture":"#texture"},"south":{"uv":[2,16,3,16],"texture":"#texture"},"west":{"uv":[5,16,7,16],"texture":"#texture"},"east":{"uv":[9,16,11,16],"texture":"#texture"}}},{"from":[5,-5,2],"to":[7,-4,3],"faces":{"down":{"uv":[11,3,9,2],"texture":"#texture"},"up":{"uv":[5,2,7,3],"texture":"#texture"},"north":{"uv":[9,16,11,16],"texture":"#texture"},"south":{"uv":[5,16,7,16],"texture":"#texture"},"west":{"uv":[2,16,3,16],"texture":"#texture"},"east":{"uv":[13,16,14,16],"texture":"#texture"}}},{"from":[3,-5,4],"to":[4,-4,5.5],"faces":{"down":{"uv":[13,5.5,12,4],"texture":"#texture"},"up":{"uv":[3,4,4,5.5],"texture":"#texture"},"north":{"uv":[12,16,13,16],"texture":"#texture"},"south":{"uv":[3,16,4,16],"texture":"#texture"},"west":{"uv":[4,16,5.5,16],"texture":"#texture"},"east":{"uv":[10.5,16,12,16],"texture":"#texture"}}},{"from":[4,-5,3],"to":[5.5,-4,4],"faces":{"down":{"uv":[12,4,10.5,3],"texture":"#texture"},"up":{"uv":[4,3,5.5,4],"texture":"#texture"},"north":{"uv":[10.5,16,12,16],"texture":"#texture"},"south":{"uv":[4,16,5.5,16],"texture":"#texture"},"west":{"uv":[3,16,4,16],"texture":"#texture"},"east":{"uv":[12,16,13,16],"texture":"#texture"}}},{"from":[9,-5,2],"to":[11,-4,3],"faces":{"down":{"uv":[7,3,5,2],"texture":"#texture"},"up":{"uv":[9,2,11,3],"texture":"#texture"},"north":{"uv":[5,16,7,16],"texture":"#texture"},"south":{"uv":[9,16,11,16],"texture":"#texture"},"west":{"uv":[2,16,3,16],"texture":"#texture"},"east":{"uv":[13,16,14,16],"texture":"#texture"}}},{"from":[10.5,-5,3],"to":[12,-4,4],"faces":{"down":{"uv":[5.5,4,4,3],"texture":"#texture"},"up":{"uv":[10.5,3,12,4],"texture":"#texture"},"north":{"uv":[4,16,5.5,16],"texture":"#texture"},"south":{"uv":[10.5,16,12,16],"texture":"#texture"},"west":{"uv":[3,16,4,16],"texture":"#texture"},"east":{"uv":[12,16,13,16],"texture":"#texture"}}},{"from":[12,-5,4],"to":[13,-4,5.5],"faces":{"down":{"uv":[4,5.5,3,4],"texture":"#texture"},"up":{"uv":[12,4,13,5.5],"texture":"#texture"},"north":{"uv":[3,16,4,16],"texture":"#texture"},"south":{"uv":[12,16,13,16],"texture":"#texture"},"west":{"uv":[4,16,5.5,16],"texture":"#texture"},"east":{"uv":[10.5,16,12,16],"texture":"#texture"}}},{"from":[13,-5,5],"to":[14,-4,7],"faces":{"down":{"uv":[3,7,2,5],"texture":"#texture"},"up":{"uv":[13,5,14,7],"texture":"#texture"},"north":{"uv":[2,16,3,16],"texture":"#texture"},"south":{"uv":[13,16,14,16],"texture":"#texture"},"west":{"uv":[5,16,7,16],"texture":"#texture"},"east":{"uv":[9,16,11,16],"texture":"#texture"}}},{"from":[14,-5,6.5],"to":[15,-4,9.5],"faces":{"down":{"uv":[2,9.5,1,6.5],"texture":"#texture"},"up":{"uv":[14,6.5,15,9.5],"texture":"#texture"},"north":{"uv":[1,16,2,16],"texture":"#texture"},"south":{"uv":[14,16,15,16],"texture":"#texture"},"west":{"uv":[6.5,16,9.5,16],"texture":"#texture"},"east":{"uv":[6.5,16,9.5,16],"texture":"#texture"}}},{"from":[2,-5,9],"to":[3,-4,11],"faces":{"down":{"uv":[14,11,13,9],"texture":"#texture"},"up":{"uv":[2,9,3,11],"texture":"#texture"},"north":{"uv":[13,16,14,16],"texture":"#texture"},"south":{"uv":[2,16,3,16],"texture":"#texture"},"west":{"uv":[9,16,11,16],"texture":"#texture"},"east":{"uv":[5,16,7,16],"texture":"#texture"}}},{"from":[3,-5,10.5],"to":[4,-4,12],"faces":{"down":{"uv":[13,12,12,10.5],"texture":"#texture"},"up":{"uv":[3,10.5,4,12],"texture":"#texture"},"north":{"uv":[12,16,13,16],"texture":"#texture"},"south":{"uv":[3,16,4,16],"texture":"#texture"},"west":{"uv":[10.5,16,12,16],"texture":"#texture"},"east":{"uv":[4,16,5.5,16],"texture":"#texture"}}},{"from":[4,-5,12],"to":[5.5,-4,13],"faces":{"down":{"uv":[12,13,10.5,12],"texture":"#texture"},"up":{"uv":[4,12,5.5,13],"texture":"#texture"},"north":{"uv":[10.5,16,12,16],"texture":"#texture"},"south":{"uv":[4,16,5.5,16],"texture":"#texture"},"west":{"uv":[12,16,13,16],"texture":"#texture"},"east":{"uv":[3,16,4,16],"texture":"#texture"}}},{"from":[5,-5,13],"to":[7,-4,14],"faces":{"down":{"uv":[11,14,9,13],"texture":"#texture"},"up":{"uv":[5,13,7,14],"texture":"#texture"},"north":{"uv":[9,16,11,16],"texture":"#texture"},"south":{"uv":[5,16,7,16],"texture":"#texture"},"west":{"uv":[13,16,14,16],"texture":"#texture"},"east":{"uv":[2,16,3,16],"texture":"#texture"}}},{"from":[6.5,-5,14],"to":[9.5,-4,15],"faces":{"down":{"uv":[9.5,15,6.5,14],"texture":"#texture"},"up":{"uv":[6.5,14,9.5,15],"texture":"#texture"},"north":{"uv":[6.5,16,9.5,16],"texture":"#texture"},"south":{"uv":[6.5,16,9.5,16],"texture":"#texture"},"west":{"uv":[14,16,15,16],"texture":"#texture"},"east":{"uv":[1,16,2,16],"texture":"#texture"}}},{"from":[9,-5,13],"to":[11,-4,14],"faces":{"down":{"uv":[7,14,5,13],"texture":"#texture"},"up":{"uv":[9,13,11,14],"texture":"#texture"},"north":{"uv":[5,16,7,16],"texture":"#texture"},"south":{"uv":[9,16,11,16],"texture":"#texture"},"west":{"uv":[13,16,14,16],"texture":"#texture"},"east":{"uv":[2,16,3,16],"texture":"#texture"}}},{"from":[10.5,-5,12],"to":[12,-4,13],"faces":{"down":{"uv":[5.5,13,4,12],"texture":"#texture"},"up":{"uv":[10.5,12,12,13],"texture":"#texture"},"north":{"uv":[4,16,5.5,16],"texture":"#texture"},"south":{"uv":[10.5,16,12,16],"texture":"#texture"},"west":{"uv":[12,16,13,16],"texture":"#texture"},"east":{"uv":[3,16,4,16],"texture":"#texture"}}},{"from":[12,-5,10.5],"to":[13,-4,12],"faces":{"down":{"uv":[4,12,3,10.5],"texture":"#texture"},"up":{"uv":[12,10.5,13,12],"texture":"#texture"},"north":{"uv":[3,16,4,16],"texture":"#texture"},"south":{"uv":[12,16,13,16],"texture":"#texture"},"west":{"uv":[10.5,16,12,16],"texture":"#texture"},"east":{"uv":[4,16,5.5,16],"texture":"#texture"}}},{"from":[13,-5,9],"to":[14,-4,10.5],"faces":{"down":{"uv":[3,10.5,2,9],"texture":"#texture"},"up":{"uv":[13,9,14,10.5],"texture":"#texture"},"north":{"uv":[2,16,3,16],"texture":"#texture"},"south":{"uv":[13,16,14,16],"texture":"#texture"},"west":{"uv":[9,16,10.5,16],"texture":"#texture"},"east":{"uv":[5.5,16,7,16],"texture":"#texture"}}},{"from":[13.5,-5.5,7.5],"to":[14.5,-3.5,8.5],"faces":{"down":{"uv":[2.5,8.5,1.5,7.5],"texture":"#texture"},"up":{"uv":[13.5,7.5,14.5,8.5],"texture":"#texture"},"north":{"uv":[1.5,16,2.5,16],"texture":"#texture"},"south":{"uv":[13.5,16,14.5,16],"texture":"#texture"},"west":{"uv":[7.5,16,8.5,16],"texture":"#texture"},"east":{"uv":[7.5,16,8.5,16],"texture":"#texture"}}},{"from":[1.5,-5.5,7.5],"to":[2.5,-3.5,8.5],"faces":{"down":{"uv":[14.5,8.5,13.5,7.5],"texture":"#texture"},"up":{"uv":[1.5,7.5,2.5,8.5],"texture":"#texture"},"north":{"uv":[13.5,16,14.5,16],"texture":"#texture"},"south":{"uv":[1.5,16,2.5,16],"texture":"#texture"},"west":{"uv":[7.5,16,8.5,16],"texture":"#texture"},"east":{"uv":[7.5,16,8.5,16],"texture":"#texture"}}},{"from":[11.25,-4,12.25],"to":[11.75,-3,12.75],"faces":{"down":{"uv":[4.75,12.75,4.25,12.25],"texture":"#sword_black"},"up":{"uv":[11.25,12.25,11.75,12.75],"texture":"#sword_black"},"north":{"uv":[4.25,16,4.75,16],"texture":"#sword_black"},"south":{"uv":[11.25,16,11.75,16],"texture":"#sword_black"},"west":{"uv":[12.25,16,12.75,16],"texture":"#sword_black"},"east":{"uv":[3.25,16,3.75,16],"texture":"#sword_black"}}},{"from":[12.25,-4,11.1875],"to":[12.75,-3,11.6875],"faces":{"down":{"uv":[3.75,11.6875,3.25,11.1875],"texture":"#sword_black"},"up":{"uv":[12.25,11.1875,12.75,11.6875],"texture":"#sword_black"},"north":{"uv":[3.25,16,3.75,16],"texture":"#sword_black"},"south":{"uv":[12.25,16,12.75,16],"texture":"#sword_black"},"west":{"uv":[11.1875,16,11.6875,16],"texture":"#sword_black"},"east":{"uv":[4.3125,16,4.8125,16],"texture":"#sword_black"}}},{"from":[7.8125,-4,14.25],"to":[8.3125,-3,14.75],"faces":{"down":{"uv":[8.1875,14.75,7.6875,14.25],"texture":"#sword_black"},"up":{"uv":[7.8125,14.25,8.3125,14.75],"texture":"#sword_black"},"north":{"uv":[7.6875,16,8.1875,16],"texture":"#sword_black"},"south":{"uv":[7.8125,16,8.3125,16],"texture":"#sword_black"},"west":{"uv":[14.25,16,14.75,16],"texture":"#sword_black"},"east":{"uv":[1.25,16,1.75,16],"texture":"#sword_black"}}},{"from":[13.25,-4,9.875],"to":[13.75,-3,10.375],"faces":{"down":{"uv":[2.75,10.375,2.25,9.875],"texture":"#sword_black"},"up":{"uv":[13.25,9.875,13.75,10.375],"texture":"#sword_black"},"north":{"uv":[2.25,16,2.75,16],"texture":"#sword_black"},"south":{"uv":[13.25,16,13.75,16],"texture":"#sword_black"},"west":{"uv":[9.875,16,10.375,16],"texture":"#sword_black"},"east":{"uv":[5.625,16,6.125,16],"texture":"#sword_black"}}},{"from":[8.5625,-4,14.25],"to":[9.0625,-3,14.75],"faces":{"down":{"uv":[7.4375,14.75,6.9375,14.25],"texture":"#sword_black"},"up":{"uv":[8.5625,14.25,9.0625,14.75],"texture":"#sword_black"},"north":{"uv":[6.9375,16,7.4375,16],"texture":"#sword_black"},"south":{"uv":[8.5625,16,9.0625,16],"texture":"#sword_black"},"west":{"uv":[14.25,16,14.75,16],"texture":"#sword_black"},"east":{"uv":[1.25,16,1.75,16],"texture":"#sword_black"}}},{"from":[9.875,-4,13.25],"to":[10.375,-3,13.75],"faces":{"down":{"uv":[6.125,13.75,5.625,13.25],"texture":"#sword_black"},"up":{"uv":[9.875,13.25,10.375,13.75],"texture":"#sword_black"},"north":{"uv":[5.625,16,6.125,16],"texture":"#sword_black"},"south":{"uv":[9.875,16,10.375,16],"texture":"#sword_black"},"west":{"uv":[13.25,16,13.75,16],"texture":"#sword_black"},"east":{"uv":[2.25,16,2.75,16],"texture":"#sword_black"}}},{"from":[14.25,-4,8.6875],"to":[14.75,-3,9.1875],"faces":{"down":{"uv":[1.75,9.1875,1.25,8.6875],"texture":"#sword_black"},"up":{"uv":[14.25,8.6875,14.75,9.1875],"texture":"#sword_black"},"north":{"uv":[1.25,16,1.75,16],"texture":"#sword_black"},"south":{"uv":[14.25,16,14.75,16],"texture":"#sword_black"},"west":{"uv":[8.6875,16,9.1875,16],"texture":"#sword_black"},"east":{"uv":[6.8125,16,7.3125,16],"texture":"#sword_black"}}},{"from":[12.25,-4,4.3125],"to":[12.75,-3,4.8125],"faces":{"down":{"uv":[4.75,12.75,4.25,12.25],"rotation":90,"texture":"#sword_black"},"up":{"uv":[11.25,12.25,11.75,12.75],"rotation":270,"texture":"#sword_black"},"north":{"uv":[3.25,13,3.75,14],"texture":"#sword_black"},"south":{"uv":[12.25,13,12.75,14],"texture":"#sword_black"},"west":{"uv":[4.25,13,4.75,14],"texture":"#sword_black"},"east":{"uv":[11.25,13,11.75,14],"texture":"#sword_black"}}},{"from":[11.25,-4,3.25],"to":[11.75,-3,3.75],"faces":{"down":{"uv":[3.75,11.6875,3.25,11.1875],"rotation":90,"texture":"#sword_black"},"up":{"uv":[12.25,11.1875,12.75,11.6875],"rotation":270,"texture":"#sword_black"},"north":{"uv":[4.3125,13,4.8125,14],"texture":"#sword_black"},"south":{"uv":[11.1875,13,11.6875,14],"texture":"#sword_black"},"west":{"uv":[3.25,13,3.75,14],"texture":"#sword_black"},"east":{"uv":[12.25,13,12.75,14],"texture":"#sword_black"}}},{"from":[9.8125,-4,2.25],"to":[10.3125,-3,2.75],"faces":{"down":{"uv":[2.75,10.25,2.25,9.75],"rotation":90,"texture":"#sword_black"},"up":{"uv":[13.25,9.75,13.75,10.25],"rotation":270,"texture":"#sword_black"},"north":{"uv":[5.75,13,6.25,14],"texture":"#sword_black"},"south":{"uv":[9.75,13,10.25,14],"texture":"#sword_black"},"west":{"uv":[2.25,13,2.75,14],"texture":"#sword_black"},"east":{"uv":[13.25,13,13.75,14],"texture":"#sword_black"}}},{"from":[7.8125,-4,1.3125],"to":[8.3125,-3,1.8125],"faces":{"down":{"uv":[1.75,8.25,1.25,7.75],"rotation":90,"texture":"#sword_black"},"up":{"uv":[14.25,7.75,14.75,8.25],"rotation":270,"texture":"#sword_black"},"north":{"uv":[7.75,13,8.25,14],"texture":"#sword_black"},"south":{"uv":[7.75,13,8.25,14],"texture":"#sword_black"},"west":{"uv":[1.25,13,1.75,14],"texture":"#sword_black"},"east":{"uv":[14.25,13,14.75,14],"texture":"#sword_black"}}},{"from":[14.25,-4,6.75],"to":[14.75,-3,7.25],"faces":{"down":{"uv":[7.4375,14.75,6.9375,14.25],"rotation":90,"texture":"#sword_black"},"up":{"uv":[8.5625,14.25,9.0625,14.75],"rotation":270,"texture":"#sword_black"},"north":{"uv":[1.25,13,1.75,14],"texture":"#sword_black"},"south":{"uv":[14.25,13,14.75,14],"texture":"#sword_black"},"west":{"uv":[6.9375,13,7.4375,14],"texture":"#sword_black"},"east":{"uv":[8.5625,13,9.0625,14],"texture":"#sword_black"}}},{"from":[13.25,-4,5.875],"to":[13.75,-3,6.375],"faces":{"down":{"uv":[6.125,13.75,5.625,13.25],"rotation":90,"texture":"#sword_black"},"up":{"uv":[9.875,13.25,10.375,13.75],"rotation":270,"texture":"#sword_black"},"north":{"uv":[2.25,13,2.75,14],"texture":"#sword_black"},"south":{"uv":[13.25,13,13.75,14],"texture":"#sword_black"},"west":{"uv":[5.625,13,6.125,14],"texture":"#sword_black"},"east":{"uv":[9.875,13,10.375,14],"texture":"#sword_black"}}},{"from":[8.6875,-4,1.3125],"to":[9.1875,-3,1.8125],"faces":{"down":{"uv":[1.75,9.1875,1.25,8.6875],"rotation":90,"texture":"#sword_black"},"up":{"uv":[14.25,8.6875,14.75,9.1875],"rotation":270,"texture":"#sword_black"},"north":{"uv":[6.8125,13,7.3125,14],"texture":"#sword_black"},"south":{"uv":[8.6875,13,9.1875,14],"texture":"#sword_black"},"west":{"uv":[1.25,13,1.75,14],"texture":"#sword_black"},"east":{"uv":[14.25,13,14.75,14],"texture":"#sword_black"}}},{"from":[4.25,-4,3.25],"to":[4.75,-3,3.75],"faces":{"down":{"uv":[4.75,12.75,4.25,12.25],"rotation":180,"texture":"#sword_black"},"up":{"uv":[11.25,12.25,11.75,12.75],"rotation":180,"texture":"#sword_black"},"north":{"uv":[11.25,13,11.75,14],"texture":"#sword_black"},"south":{"uv":[4.25,13,4.75,14],"texture":"#sword_black"},"west":{"uv":[3.25,13,3.75,14],"texture":"#sword_black"},"east":{"uv":[12.25,13,12.75,14],"texture":"#sword_black"}}},{"from":[3.25,-4,4.3125],"to":[3.75,-3,4.8125],"faces":{"down":{"uv":[3.75,11.6875,3.25,11.1875],"rotation":180,"texture":"#sword_black"},"up":{"uv":[12.25,11.1875,12.75,11.6875],"rotation":180,"texture":"#sword_black"},"north":{"uv":[12.25,13,12.75,14],"texture":"#sword_black"},"south":{"uv":[3.25,13,3.75,14],"texture":"#sword_black"},"west":{"uv":[4.3125,13,4.8125,14],"texture":"#sword_black"},"east":{"uv":[11.1875,13,11.6875,14],"texture":"#sword_black"}}},{"from":[2.25,-4,5.8125],"to":[2.75,-3,6.3125],"faces":{"down":{"uv":[2.75,10.25,2.25,9.75],"rotation":180,"texture":"#sword_black"},"up":{"uv":[13.25,9.75,13.75,10.25],"rotation":180,"texture":"#sword_black"},"north":{"uv":[13.25,13,13.75,14],"texture":"#sword_black"},"south":{"uv":[2.25,13,2.75,14],"texture":"#sword_black"},"west":{"uv":[5.75,13,6.25,14],"texture":"#sword_black"},"east":{"uv":[9.75,13,10.25,14],"texture":"#sword_black"}}},{"from":[6.8125,-4,1.3125],"to":[7.3125,-3,1.8125],"faces":{"down":{"uv":[7.4375,14.75,6.9375,14.25],"rotation":180,"texture":"#sword_black"},"up":{"uv":[8.5625,14.25,9.0625,14.75],"rotation":180,"texture":"#sword_black"},"north":{"uv":[8.5625,13,9.0625,14],"texture":"#sword_black"},"south":{"uv":[6.9375,13,7.4375,14],"texture":"#sword_black"},"west":{"uv":[1.25,13,1.75,14],"texture":"#sword_black"},"east":{"uv":[14.25,13,14.75,14],"texture":"#sword_black"}}},{"from":[5.875,-4,2.25],"to":[6.375,-3,2.75],"faces":{"down":{"uv":[6.125,13.75,5.625,13.25],"rotation":180,"texture":"#sword_black"},"up":{"uv":[9.875,13.25,10.375,13.75],"rotation":180,"texture":"#sword_black"},"north":{"uv":[9.875,13,10.375,14],"texture":"#sword_black"},"south":{"uv":[5.625,13,6.125,14],"texture":"#sword_black"},"west":{"uv":[2.25,13,2.75,14],"texture":"#sword_black"},"east":{"uv":[13.25,13,13.75,14],"texture":"#sword_black"}}},{"from":[1.1875,-4,6.75],"to":[1.6875,-3,7.25],"faces":{"down":{"uv":[1.75,9.1875,1.25,8.6875],"rotation":180,"texture":"#sword_black"},"up":{"uv":[14.25,8.6875,14.75,9.1875],"rotation":180,"texture":"#sword_black"},"north":{"uv":[14.25,13,14.75,14],"texture":"#sword_black"},"south":{"uv":[1.25,13,1.75,14],"texture":"#sword_black"},"west":{"uv":[6.8125,13,7.3125,14],"texture":"#sword_black"},"east":{"uv":[8.6875,13,9.1875,14],"texture":"#sword_black"}}},{"from":[3.1875,-4,11.25],"to":[3.6875,-3,11.75],"faces":{"down":{"uv":[4.75,12.75,4.25,12.25],"rotation":270,"texture":"#sword_black"},"up":{"uv":[11.25,12.25,11.75,12.75],"rotation":90,"texture":"#sword_black"},"north":{"uv":[12.25,13,12.75,14],"texture":"#sword_black"},"south":{"uv":[3.25,13,3.75,14],"texture":"#sword_black"},"west":{"uv":[11.25,13,11.75,14],"texture":"#sword_black"},"east":{"uv":[4.25,13,4.75,14],"texture":"#sword_black"}}},{"from":[4.4375,-4,12.25],"to":[4.9375,-3,12.75],"faces":{"down":{"uv":[3.75,11.6875,3.25,11.1875],"rotation":270,"texture":"#sword_black"},"up":{"uv":[12.25,11.1875,12.75,11.6875],"rotation":90,"texture":"#sword_black"},"north":{"uv":[11.1875,13,11.6875,14],"texture":"#sword_black"},"south":{"uv":[4.3125,13,4.8125,14],"texture":"#sword_black"},"west":{"uv":[12.25,13,12.75,14],"texture":"#sword_black"},"east":{"uv":[3.25,13,3.75,14],"texture":"#sword_black"}}},{"from":[5.875,-4,13.3125],"to":[6.375,-3,13.8125],"faces":{"down":{"uv":[2.75,10.25,2.25,9.75],"rotation":270,"texture":"#sword_black"},"up":{"uv":[13.25,9.75,13.75,10.25],"rotation":90,"texture":"#sword_black"},"north":{"uv":[9.75,13,10.25,14],"texture":"#sword_black"},"south":{"uv":[5.75,13,6.25,14],"texture":"#sword_black"},"west":{"uv":[13.25,13,13.75,14],"texture":"#sword_black"},"east":{"uv":[2.25,13,2.75,14],"texture":"#sword_black"}}},{"from":[1.25,-4,8.6875],"to":[1.75,-3,9.1875],"faces":{"down":{"uv":[7.4375,14.75,6.9375,14.25],"rotation":270,"texture":"#sword_black"},"up":{"uv":[8.5625,14.25,9.0625,14.75],"rotation":90,"texture":"#sword_black"},"north":{"uv":[14.25,13,14.75,14],"texture":"#sword_black"},"south":{"uv":[1.25,13,1.75,14],"texture":"#sword_black"},"west":{"uv":[8.5625,13,9.0625,14],"texture":"#sword_black"},"east":{"uv":[6.9375,13,7.4375,14],"texture":"#sword_black"}}},{"from":[2.25,-4,9.875],"to":[2.75,-3,10.375],"faces":{"down":{"uv":[6.125,13.75,5.625,13.25],"rotation":270,"texture":"#sword_black"},"up":{"uv":[9.875,13.25,10.375,13.75],"rotation":90,"texture":"#sword_black"},"north":{"uv":[13.25,13,13.75,14],"texture":"#sword_black"},"south":{"uv":[2.25,13,2.75,14],"texture":"#sword_black"},"west":{"uv":[9.875,13,10.375,14],"texture":"#sword_black"},"east":{"uv":[5.625,13,6.125,14],"texture":"#sword_black"}}},{"from":[7,-4,14.25],"to":[7.5,-3,14.75],"faces":{"down":{"uv":[1.75,9.1875,1.25,8.6875],"rotation":270,"texture":"#sword_black"},"up":{"uv":[14.25,8.6875,14.75,9.1875],"rotation":90,"texture":"#sword_black"},"north":{"uv":[8.6875,13,9.1875,14],"texture":"#sword_black"},"south":{"uv":[6.8125,13,7.3125,14],"texture":"#sword_black"},"west":{"uv":[14.25,13,14.75,14],"texture":"#sword_black"},"east":{"uv":[1.25,13,1.75,14],"texture":"#sword_black"}}}],"display":{"thirdperson_righthand":{"rotation":[43,13,0],"translation":[0,11.72,5.67],"scale":[1,1,1]},"head":{"rotation":[0,0,0],"translation":[0,-14.93,0],"scale":[2,2,2]},"ground":{"rotation":[0,0,0],"translation":[0,10,0],"scale":[1,1,1]},"firstperson_righthand":{"rotation":[1,10,0],"translation":[0,10.02,0],"scale":[1,1,1]},"gui":{"rotation":[41,33,0],"translation":[0,8.13,0],"scale":[1,1,1]}}}