{"textures":{"texture":"blocks/iron_block","star":"minemakers/star"},"elements":[{"from":[6.5,4,10.25],"to":[6.875,7,10.625],"faces":{"down":{"uv":[9.5,10.625,9.125,10.25],"texture":"#texture"},"up":{"uv":[6.5,10.25,6.875,10.625],"texture":"#texture"},"north":{"uv":[9.125,9,9.5,12],"texture":"#texture"},"south":{"uv":[6.5,9,6.875,12],"texture":"#texture"},"west":{"uv":[10.25,9,10.625,12],"texture":"#texture"},"east":{"uv":[5.375,9,5.75,12],"texture":"#texture"}}},{"from":[7.1875,6.8125,10.25],"to":[7.5625,8.6875,10.625],"rotation":{"origin":[7.1875,8.6875,10.25],"axis":"z","angle":-22.5},"faces":{"down":{"uv":[10.5,4.5,10,4],"texture":"#texture"},"up":{"uv":[5.5,4,6,4.5],"texture":"#texture"},"north":{"uv":[10,8.5,10.5,11],"texture":"#texture"},"south":{"uv":[5.5,8.5,6,11],"texture":"#texture"},"west":{"uv":[4,8.5,4.5,11],"texture":"#texture"},"east":{"uv":[11.5,8.5,12,11],"texture":"#texture"}}},{"from":[6.5,8.25,10.25],"to":[6.875,10.125,10.625],"rotation":{"origin":[6.5,10.125,10.25],"axis":"z","angle":22.5},"faces":{"down":{"uv":[9.5,11.5,9,11],"texture":"#texture"},"up":{"uv":[6.5,11,7,11.5],"texture":"#texture"},"north":{"uv":[9,7.5,9.5,10],"texture":"#texture"},"south":{"uv":[6.5,7.5,7,10],"texture":"#texture"},"west":{"uv":[11,7.5,11.5,10],"texture":"#texture"},"east":{"uv":[4.5,7.5,5,10],"texture":"#texture"}}},{"from":[6.5625,10.0625,10.25],"to":[6.9375,13.0625,10.625],"faces":{"down":{"uv":[9.4375,10.625,9.0625,10.25],"texture":"#texture"},"up":{"uv":[6.5625,10.25,6.9375,10.625],"texture":"#texture"},"north":{"uv":[9.0625,2.9375,9.4375,5.9375],"texture":"#texture"},"south":{"uv":[6.5625,2.9375,6.9375,5.9375],"texture":"#texture"},"west":{"uv":[10.25,2.9375,10.625,5.9375],"texture":"#texture"},"east":{"uv":[5.375,2.9375,5.75,5.9375],"texture":"#texture"}}},{"from":[5.9375,12.625,10.25],"to":[6.3125,14.5,10.625],"rotation":{"origin":[5.9375,14.5,10.25],"axis":"z","angle":22.5},"faces":{"down":{"uv":[16,11.5,16,11],"texture":"#texture"},"up":{"uv":[0,11,0,11.5],"texture":"#texture"},"north":{"uv":[16,0.5,16,3],"texture":"#texture"},"south":{"uv":[0,0.5,0,3],"texture":"#texture"},"west":{"uv":[11,0.5,11.5,3],"texture":"#texture"},"east":{"uv":[4.5,0.5,5,3],"texture":"#texture"}}},{"from":[7.375,13.9375,10.25],"to":[7.75,15.8125,10.625],"rotation":{"origin":[7.375,15.8125,10.25],"axis":"z","angle":-45},"faces":{"down":{"uv":[16,11.5,16,11],"texture":"#texture"},"up":{"uv":[0,11,0,11.5],"texture":"#texture"},"north":{"uv":[16,0.5,16,3],"texture":"#texture"},"south":{"uv":[0,0.5,0,3],"texture":"#texture"},"west":{"uv":[11,0.5,11.5,3],"texture":"#texture"},"east":{"uv":[4.5,0.5,5,3],"texture":"#texture"}}},{"from":[6.125,1.5,10.25],"to":[8.625,4,10.625],"faces":{"down":{"uv":[9.875,10.625,7.375,10.25],"texture":"#texture"},"up":{"uv":[6.125,10.25,8.625,10.625],"texture":"#texture"},"north":{"uv":[7.375,12,9.875,14.5],"texture":"#texture"},"south":{"uv":[6.125,12,8.625,14.5],"texture":"#texture"},"west":{"uv":[10.25,12,10.625,14.5],"texture":"#texture"},"east":{"uv":[5.375,12,5.75,14.5],"texture":"#texture"}}},{"from":[6.125,1.5,11.25],"to":[8.625,4,11.625],"faces":{"down":{"uv":[9.875,11.625,7.375,11.25],"texture":"#texture"},"up":{"uv":[6.125,11.25,8.625,11.625],"texture":"#texture"},"north":{"uv":[7.375,12,9.875,14.5],"texture":"#texture"},"south":{"uv":[6.125,12,8.625,14.5],"texture":"#texture"},"west":{"uv":[11.25,12,11.625,14.5],"texture":"#texture"},"east":{"uv":[4.375,12,4.75,14.5],"texture":"#texture"}}},{"from":[6.125,1.5,12.25],"to":[8.625,4,12.625],"faces":{"down":{"uv":[9.875,12.625,7.375,12.25],"texture":"#texture"},"up":{"uv":[6.125,12.25,8.625,12.625],"texture":"#texture"},"north":{"uv":[7.375,12,9.875,14.5],"texture":"#texture"},"south":{"uv":[6.125,12,8.625,14.5],"texture":"#texture"},"west":{"uv":[12.25,12,12.625,14.5],"texture":"#texture"},"east":{"uv":[3.375,12,3.75,14.5],"texture":"#texture"}}},{"from":[5.3125,5.3125,10.375],"to":[6.3125,6.3125,10.4375],"rotation":{"origin":[5.3125,6.3125,10.375],"axis":"z","angle":45},"faces":{"down":{"uv":[0.5,0.5,4,3],"texture":"#star"},"up":{"uv":[0.5,0.5,4,3],"texture":"#star"},"north":{"uv":[0,0,16,16],"texture":"#star"},"south":{"uv":[0,0,16,16],"texture":"#star"},"west":{"uv":[1,0.5,4.5,2.5],"texture":"#star"},"east":{"uv":[1,0.5,4.5,2.5],"texture":"#star"}}},{"from":[5.75,2.5,12.4375],"to":[6.75,3.5,12.5],"rotation":{"origin":[5.75,3.5,12.4375],"axis":"z","angle":-45},"faces":{"down":{"uv":[0.5,0.5,4,3],"texture":"#star"},"up":{"uv":[0.5,0.5,4,3],"texture":"#star"},"north":{"uv":[0,0,16,16],"texture":"#star"},"south":{"uv":[0,0,16,16],"texture":"#star"},"west":{"uv":[1,0.5,4.5,2.5],"texture":"#star"},"east":{"uv":[1,0.5,4.5,2.5],"texture":"#star"}}},{"from":[7.5,12,10.375],"to":[8.5,13,10.4375],"rotation":{"origin":[7.5,13,10.375],"axis":"z","angle":-45},"faces":{"down":{"uv":[0.5,0.5,4,3],"texture":"#star"},"up":{"uv":[0.5,0.5,4,3],"texture":"#star"},"north":{"uv":[0,0,16,16],"texture":"#star"},"south":{"uv":[0,0,16,16],"texture":"#star"},"west":{"uv":[1,0.5,4.5,2.5],"texture":"#star"},"east":{"uv":[1,0.5,4.5,2.5],"texture":"#star"}}},{"from":[8,8.3125,10.375],"to":[9,9.3125,10.4375],"rotation":{"origin":[8,9.3125,10.375],"axis":"z","angle":-45},"faces":{"down":{"uv":[0.5,0.5,4,3],"texture":"#star"},"up":{"uv":[0.5,0.5,4,3],"texture":"#star"},"north":{"uv":[0,0,16,16],"texture":"#star"},"south":{"uv":[0,0,16,16],"texture":"#star"},"west":{"uv":[1,0.5,4.5,2.5],"texture":"#star"},"east":{"uv":[1,0.5,4.5,2.5],"texture":"#star"}}},{"from":[7.4375,5,10.375],"to":[8.4375,6,10.4375],"rotation":{"origin":[7.4375,6,10.375],"axis":"z","angle":-45},"faces":{"down":{"uv":[0.5,0.5,4,3],"texture":"#star"},"up":{"uv":[0.5,0.5,4,3],"texture":"#star"},"north":{"uv":[0,0,16,16],"texture":"#star"},"south":{"uv":[0,0,16,16],"texture":"#star"},"west":{"uv":[1,0.5,4.5,2.5],"texture":"#star"},"east":{"uv":[1,0.5,4.5,2.5],"texture":"#star"}}},{"from":[6.125,10.3125,10.375],"to":[7.125,11.3125,10.4375],"rotation":{"origin":[6.125,11.3125,10.375],"axis":"z","angle":-45},"faces":{"down":{"uv":[0.5,0.5,4,3],"texture":"#star"},"up":{"uv":[0.5,0.5,4,3],"texture":"#star"},"north":{"uv":[0,0,16,16],"texture":"#star"},"south":{"uv":[0,0,16,16],"texture":"#star"},"west":{"uv":[1,0.5,4.5,2.5],"texture":"#star"},"east":{"uv":[1,0.5,4.5,2.5],"texture":"#star"}}},{"from":[6.6875,5.5,11],"to":[6.75,6.5,12],"rotation":{"origin":[6.6875,6.5,11],"axis":"x","angle":22.5},"faces":{"down":{"uv":[1,1.5,4,3],"texture":"#star"},"up":{"uv":[1,1.5,4,3],"texture":"#star"},"north":{"uv":[1,1,3.5,3.5],"texture":"#star"},"south":{"uv":[1,1,3.5,3.5],"texture":"#star"},"west":{"uv":[0,0,16,16],"texture":"#star"},"east":{"uv":[0,0,16,16],"texture":"#star"}}},{"from":[6.6875,13.3125,10.8125],"to":[6.75,14.3125,11.8125],"rotation":{"origin":[6.6875,14.3125,10.8125],"axis":"x","angle":22.5},"faces":{"down":{"uv":[1,1.5,4,3],"texture":"#star"},"up":{"uv":[1,1.5,4,3],"texture":"#star"},"north":{"uv":[1,1,3.5,3.5],"texture":"#star"},"south":{"uv":[1,1,3.5,3.5],"texture":"#star"},"west":{"uv":[0,0,16,16],"texture":"#star"},"east":{"uv":[0,0,16,16],"texture":"#star"}}},{"from":[7.1875,9,9.5],"to":[7.25,10,10.5],"rotation":{"origin":[7.1875,10,9.5],"axis":"x","angle":22.5},"faces":{"down":{"uv":[1,1.5,4,3],"texture":"#star"},"up":{"uv":[1,1.5,4,3],"texture":"#star"},"north":{"uv":[1,1,3.5,3.5],"texture":"#star"},"south":{"uv":[1,1,3.5,3.5],"texture":"#star"},"west":{"uv":[0,0,16,16],"texture":"#star"},"east":{"uv":[0,0,16,16],"texture":"#star"}}},{"from":[6.6875,11.25,9.5625],"to":[6.75,12.25,10.5625],"rotation":{"origin":[6.6875,12.25,9.5625],"axis":"x","angle":22.5},"faces":{"down":{"uv":[1,1.5,4,3],"texture":"#star"},"up":{"uv":[1,1.5,4,3],"texture":"#star"},"north":{"uv":[1,1,3.5,3.5],"texture":"#star"},"south":{"uv":[1,1,3.5,3.5],"texture":"#star"},"west":{"uv":[0,0,16,16],"texture":"#star"},"east":{"uv":[0,0,16,16],"texture":"#star"}}},{"from":[6.6875,0.5,11.5],"to":[6.75,1.5,12.5],"rotation":{"origin":[6.6875,1.5,11.5],"axis":"x","angle":-22.5},"faces":{"down":{"uv":[1,1.5,4,3],"texture":"#star"},"up":{"uv":[1,1.5,4,3],"texture":"#star"},"north":{"uv":[1,1,3.5,3.5],"texture":"#star"},"south":{"uv":[1,1,3.5,3.5],"texture":"#star"},"west":{"uv":[0,0,16,16],"texture":"#star"},"east":{"uv":[0,0,16,16],"texture":"#star"}}},{"from":[8.1875,3.625,10.6875],"to":[8.25,4.625,11.6875],"rotation":{"origin":[8.1875,4.625,10.6875],"axis":"x","angle":-45},"faces":{"down":{"uv":[1,1.5,4,3],"texture":"#star"},"up":{"uv":[1,1.5,4,3],"texture":"#star"},"north":{"uv":[1,1,3.5,3.5],"texture":"#star"},"south":{"uv":[1,1,3.5,3.5],"texture":"#star"},"west":{"uv":[0,0,16,16],"texture":"#star"},"east":{"uv":[0,0,16,16],"texture":"#star"}}},{"from":[7.6875,0.75,10.5625],"to":[7.75,1.75,11.5625],"rotation":{"origin":[7.6875,1.75,10.5625],"axis":"x","angle":45},"faces":{"down":{"uv":[1,1.5,4,3],"texture":"#star"},"up":{"uv":[1,1.5,4,3],"texture":"#star"},"north":{"uv":[1,1,3.5,3.5],"texture":"#star"},"south":{"uv":[1,1,3.5,3.5],"texture":"#star"},"west":{"uv":[0,0,16,16],"texture":"#star"},"east":{"uv":[0,0,16,16],"texture":"#star"}}},{"from":[6.6875,3.5,11.75],"to":[6.75,4.5,12.75],"rotation":{"origin":[6.6875,4.5,11.75],"axis":"x","angle":-45},"faces":{"down":{"uv":[1,1.5,4,3],"texture":"#star"},"up":{"uv":[1,1.5,4,3],"texture":"#star"},"north":{"uv":[1,1,3.5,3.5],"texture":"#star"},"south":{"uv":[1,1,3.5,3.5],"texture":"#star"},"west":{"uv":[0,0,16,16],"texture":"#star"},"east":{"uv":[0,0,16,16],"texture":"#star"}}},{"from":[6.875,14,10.375],"to":[7.875,15,10.4375],"rotation":{"origin":[6.875,15,10.375],"axis":"z","angle":22.5},"faces":{"down":{"uv":[0.5,0.5,4,3],"texture":"#star"},"up":{"uv":[0.5,0.5,4,3],"texture":"#star"},"north":{"uv":[0,0,16,16],"texture":"#star"},"south":{"uv":[0,0,16,16],"texture":"#star"},"west":{"uv":[1,0.5,4.5,2.5],"texture":"#star"},"east":{"uv":[1,0.5,4.5,2.5],"texture":"#star"}}},{"from":[8.3125,2.9375,12.125],"to":[9.3125,3,13.125],"rotation":{"origin":[8.3125,2.9375,12.125],"axis":"y","angle":45},"faces":{"down":{"uv":[1,0.5,4,2.5],"texture":"#star"},"up":{"uv":[0,0,16,16],"texture":"#star"},"north":{"uv":[1,1.5,4.5,3.5],"texture":"#star"},"south":{"uv":[1,1,4.5,3.5],"texture":"#star"},"west":{"uv":[0.5,1,4,3],"texture":"#star"},"east":{"uv":[0.5,1,4,3],"texture":"#star"}}},{"from":[8.4375,2,10.375],"to":[9.4375,3,10.4375],"rotation":{"origin":[8.4375,3,10.375],"axis":"z","angle":22.5},"faces":{"down":{"uv":[0.5,0.5,4,3],"texture":"#star"},"up":{"uv":[0.5,0.5,4,3],"texture":"#star"},"north":{"uv":[0,0,16,16],"texture":"#star"},"south":{"uv":[0,0,16,16],"texture":"#star"},"west":{"uv":[1,0.5,4.5,2.5],"texture":"#star"},"east":{"uv":[1,0.5,4.5,2.5],"texture":"#star"}}}],"display":{"thirdperson_righthand":{"rotation":[0,0,0],"translation":[1.12,8.31,-3.97],"scale":[2,2,2]},"ground":{"rotation":[0,0,0],"translation":[0,3.7,0],"scale":[1.5,1.5,1.5]},"firstperson_righthand":{"rotation":[-14,1,6],"translation":[0,1.51,0.19],"scale":[1.3,1.3,1.3]},"gui":{"rotation":[7,-21,-38],"translation":[2.27,0,0],"scale":[1.2,1.2,1.2]}}}