{"textures":{"texture":"blocks/wool_colored_red","wool_colored_white":"blocks/wool_colored_white","wool_colored_lime":"blocks/wool_colored_lime"},"elements":[{"from":[6,0,6],"to":[10,2,11],"faces":{"down":{"uv":[10,11,6,6],"texture":"#wool_colored_white"},"up":{"uv":[6,6,10,11],"texture":"#wool_colored_white"},"north":{"uv":[6,14,10,16],"texture":"#wool_colored_white"},"south":{"uv":[6,14,10,16],"texture":"#wool_colored_white"},"west":{"uv":[6,14,11,16],"texture":"#wool_colored_white"},"east":{"uv":[5,14,10,16],"texture":"#wool_colored_white"}}},{"from":[6.5,2,6.5],"to":[9.5,9,10.5],"faces":{"down":{"uv":[9.5,10.5,6.5,6.5],"texture":"#texture"},"up":{"uv":[6.5,6.5,9.5,10.5],"texture":"#texture"},"north":{"uv":[6.5,7,9.5,14],"texture":"#texture"},"south":{"uv":[6.5,7,9.5,14],"texture":"#texture"},"west":{"uv":[6.5,7,10.5,14],"texture":"#texture"},"east":{"uv":[5.5,7,9.5,14],"texture":"#texture"}}},{"from":[6.5,9,9],"to":[9.5,10.5,10],"faces":{"down":{"uv":[9.5,10,6.5,9],"texture":"#wool_colored_lime"},"up":{"uv":[6.5,9,9.5,10],"texture":"#wool_colored_lime"},"north":{"uv":[6.5,5.5,9.5,7],"texture":"#wool_colored_lime"},"south":{"uv":[6.5,5.5,9.5,7],"texture":"#wool_colored_lime"},"west":{"uv":[9,5.5,10,7],"texture":"#wool_colored_lime"},"east":{"uv":[6,5.5,7,7],"texture":"#wool_colored_lime"}}},{"from":[6.5,9,7.5],"to":[9.5,12,9],"faces":{"down":{"uv":[9.5,9,6.5,7.5],"texture":"#wool_colored_lime"},"up":{"uv":[6.5,7.5,9.5,9],"texture":"#wool_colored_lime"},"north":{"uv":[6.5,4,9.5,7],"texture":"#wool_colored_lime"},"south":{"uv":[6.5,4,9.5,7],"texture":"#wool_colored_lime"},"west":{"uv":[7.5,4,9,7],"texture":"#wool_colored_lime"},"east":{"uv":[7,4,8.5,7],"texture":"#wool_colored_lime"}}},{"from":[6.5,9,3.5],"to":[9.5,12.5,7.5],"faces":{"down":{"uv":[9.5,7.5,6.5,3.5],"texture":"#texture"},"up":{"uv":[6.5,3.5,9.5,7.5],"texture":"#texture"},"north":{"uv":[6.5,3.5,9.5,7],"texture":"#texture"},"south":{"uv":[6.5,3.5,9.5,7],"texture":"#texture"},"west":{"uv":[3.5,3.5,7.5,7],"texture":"#texture"},"east":{"uv":[8.5,3.5,12.5,7],"texture":"#texture"}}},{"from":[6.5,9,2],"to":[9.5,11.5,3.5],"faces":{"down":{"uv":[9.5,3.5,6.5,1.5],"texture":"#texture"},"up":{"uv":[6.5,1.5,9.5,3.5],"texture":"#texture"},"north":{"uv":[6.5,4.5,9.5,7],"texture":"#texture"},"south":{"uv":[6.5,4.5,9.5,7],"texture":"#texture"},"west":{"uv":[1.5,4.5,3.5,7],"texture":"#texture"},"east":{"uv":[12.5,4.5,14.5,7],"texture":"#texture"}}},{"from":[6.5,6.5,5.5],"to":[9.5,9,6.5],"faces":{"down":{"uv":[9.5,6.5,6.5,5.5],"texture":"#texture"},"up":{"uv":[6.5,5.5,9.5,6.5],"texture":"#texture"},"north":{"uv":[6.5,7,9.5,9.5],"texture":"#texture"},"south":{"uv":[6.5,7,9.5,9.5],"texture":"#texture"},"west":{"uv":[5.5,7,6.5,9.5],"texture":"#texture"},"east":{"uv":[9.5,7,10.5,9.5],"texture":"#texture"}}},{"from":[6.5,8,4],"to":[9.5,9,5.5],"faces":{"down":{"uv":[9.5,5.5,6.5,4],"texture":"#texture"},"up":{"uv":[6.5,4,9.5,5.5],"texture":"#texture"},"north":{"uv":[6.5,7,9.5,8],"texture":"#texture"},"south":{"uv":[6.5,7,9.5,8],"texture":"#texture"},"west":{"uv":[4,7,5.5,8],"texture":"#texture"},"east":{"uv":[10.5,7,12,8],"texture":"#texture"}}},{"from":[7.5,2.5,10.9375],"to":[8.5,4,11.9375],"rotation":{"origin":[7.5,4,10.9375],"axis":"x","angle":45},"faces":{"down":{"uv":[6.5,4,7.5,5],"texture":"#wool_colored_white"},"up":{"uv":[9.5,5,8.5,4],"texture":"#wool_colored_white"},"north":{"uv":[6.5,0,7.5,1.5],"rotation":180,"texture":"#wool_colored_white"},"south":{"uv":[8.5,0,9.5,1.5],"rotation":180,"texture":"#wool_colored_white"},"west":{"uv":[4,0,5,1.5],"rotation":180,"texture":"#wool_colored_white"},"east":{"uv":[11,0,12,1.5],"rotation":180,"texture":"#wool_colored_white"}}}],"display":{"thirdperson_righthand":{"rotation":[-91,180,-1],"translation":[-0.19,-1.7,-5.86],"scale":[1.6,1.5,1.5]},"ground":{"rotation":[0,0,90],"translation":[0,2.08,0],"scale":[1.3,1.3,1.3]},"firstperson_righthand":{"rotation":[-60,180,4],"translation":[-0.2,-0.94,-1.6],"scale":[1.82,1.5,1.5]},"gui":{"rotation":[-45,140,45],"translation":[2,1,0],"scale":[1.15,1,1.15]}}}