{"textures":{"texture":"minemakers/wood","fire_layer_0":"blocks/fire_layer_0","wood2":"minemakers/wood2"},"elements":[{"from":[6,8,10.5],"to":[7,16,18.5],"rotation":{"origin":[6,16,10.5],"axis":"x","angle":45},"faces":{"down":{"uv":[0.5,0.5,1.5,1],"texture":"#fire_layer_0"},"up":{"uv":[1,1,1.5,1.5],"texture":"#fire_layer_0"},"north":{"uv":[0.5,0.5,1.5,1],"texture":"#fire_layer_0"},"south":{"uv":[0.5,1,1.5,1.5],"texture":"#fire_layer_0"},"west":{"uv":[0,0,16,16],"texture":"#fire_layer_0"},"east":{"uv":[0,0,16,16],"texture":"#fire_layer_0"}}},{"from":[4,-2.5,0.5],"to":[9.5,8,6],"rotation":{"origin":[4,8,0.5],"axis":"x","angle":-45},"faces":{"down":{"uv":[0,0,16,16],"texture":"#wood2"},"up":{"uv":[0,0,16,16],"texture":"#wood2"},"north":{"uv":[0,0,16,16],"texture":"#texture"},"south":{"uv":[0,0,16,16],"texture":"#texture"},"west":{"uv":[0,0,16,16],"texture":"#texture"},"east":{"uv":[0,0,16,16],"texture":"#texture"}}}],"display":{"thirdperson_righthand":{"rotation":[0,0,0],"translation":[0,3.4,0],"scale":[1,1,1]},"ground":{"rotation":[-43,-6,0],"translation":[0,4.16,0],"scale":[1,1,1]},"firstperson_righthand":{"rotation":[-34,6,0],"translation":[0,1.7,0.19],"scale":[1,1,1]},"gui":{"rotation":[0,-45,0],"translation":[-0.5,2,0],"scale":[1.2,1.2,1.2]}}}