{"textures":{"snow":"blocks/hardened_clay_stained_yellow","texture":"blocks/hardened_clay","sword_black":"minemakers/sword_black"},"elements":[{"from":[6.5,15.5,-0.5],"to":[9.5,21.5,0.5],"faces":{"down":{"uv":[9.5,0.5,6.5,0],"texture":"#snow"},"up":{"uv":[6.5,0,9.5,0.5],"texture":"#snow"},"north":{"uv":[6.5,0,9.5,0.5],"texture":"#snow","cullface":"north"},"west":{"uv":[0,0,0.5,0.5],"texture":"#snow"},"east":{"uv":[15.5,0,16,0.5],"texture":"#snow"}}},{"from":[5.5,16.5,-0.5],"to":[6.5,20.5,0.5],"faces":{"down":{"uv":[10.5,0.5,9.5,0],"texture":"#snow"},"up":{"uv":[5.5,0,6.5,0.5],"texture":"#snow"},"north":{"uv":[9.5,0,10.5,0],"texture":"#snow","cullface":"north"},"west":{"uv":[0,0,0.5,0],"texture":"#snow"}}},{"from":[9.5,16.5,-0.5],"to":[10.5,20.5,0.5],"faces":{"down":{"uv":[6.5,0.5,5.5,0],"texture":"#snow"},"up":{"uv":[9.5,0,10.5,0.5],"texture":"#snow"},"north":{"uv":[5.5,0,6.5,0],"texture":"#snow","cullface":"north"},"east":{"uv":[15.5,0,16,0],"texture":"#snow"}}},{"from":[5.5,13.5,0.5],"to":[10.5,23.5,1.5],"faces":{"down":{"uv":[10.5,1.5,5.5,0.5],"texture":"#snow"},"up":{"uv":[5.5,0.5,10.5,1.5],"texture":"#snow"},"north":{"uv":[5.5,0,10.5,2.5],"texture":"#snow"},"south":{"uv":[5.5,0,10.5,2.5],"texture":"#snow"},"west":{"uv":[0.5,0,1.5,2.5],"texture":"#snow"},"east":{"uv":[14.5,0,15.5,2.5],"texture":"#snow"}}},{"from":[4.5,14.5,0.5],"to":[5.5,22.5,1.5],"faces":{"down":{"uv":[11.5,1.5,10.5,0.5],"texture":"#snow"},"up":{"uv":[4.5,0.5,5.5,1.5],"texture":"#snow"},"north":{"uv":[10.5,0,11.5,1.5],"texture":"#snow"},"south":{"uv":[4.5,0,5.5,1.5],"texture":"#snow"},"west":{"uv":[0.5,0,1.5,1.5],"texture":"#snow"}}},{"from":[10.5,14.5,0.5],"to":[11.5,22.5,1.5],"faces":{"down":{"uv":[5.5,1.5,4.5,0.5],"texture":"#snow"},"up":{"uv":[10.5,0.5,11.5,1.5],"texture":"#snow"},"north":{"uv":[4.5,0,5.5,1.5],"texture":"#snow"},"south":{"uv":[10.5,0,11.5,1.5],"texture":"#snow"},"east":{"uv":[14.5,0,15.5,1.5],"texture":"#snow"}}},{"from":[3.5,15.5,0.5],"to":[4.5,21.5,1.5],"faces":{"down":{"uv":[12.5,1.5,11.5,0.5],"texture":"#snow"},"up":{"uv":[3.5,0.5,4.5,1.5],"texture":"#snow"},"north":{"uv":[11.5,0,12.5,0.5],"texture":"#snow"},"south":{"uv":[3.5,0,4.5,0.5],"texture":"#snow"},"west":{"uv":[0.5,0,1.5,0.5],"texture":"#snow"}}},{"from":[11.5,15.5,0.5],"to":[12.5,21.5,1.5],"faces":{"down":{"uv":[4.5,1.5,3.5,0.5],"texture":"#snow"},"up":{"uv":[11.5,0.5,12.5,1.5],"texture":"#snow"},"north":{"uv":[3.5,0,4.5,0.5],"texture":"#snow"},"south":{"uv":[11.5,0,12.5,0.5],"texture":"#snow"},"east":{"uv":[14.5,0,15.5,0.5],"texture":"#snow"}}},{"from":[2.5,15.5,1.5],"to":[3.5,21.5,2.5],"faces":{"down":{"uv":[13.5,2.5,12.5,1.5],"texture":"#snow"},"up":{"uv":[2.5,1.5,3.5,2.5],"texture":"#snow"},"north":{"uv":[12.5,0,13.5,0.5],"texture":"#snow"},"south":{"uv":[2.5,0,3.5,0.5],"texture":"#snow"},"west":{"uv":[1.5,0,2.5,0.5],"texture":"#snow"},"east":{"uv":[13.5,0,14.5,0.5],"texture":"#snow"}}},{"from":[12.5,15.5,1.5],"to":[13.5,21.5,2.5],"faces":{"down":{"uv":[3.5,2.5,2.5,1.5],"texture":"#snow"},"up":{"uv":[12.5,1.5,13.5,2.5],"texture":"#snow"},"north":{"uv":[2.5,0,3.5,0.5],"texture":"#snow"},"south":{"uv":[12.5,0,13.5,0.5],"texture":"#snow"},"west":{"uv":[1.5,0,2.5,0.5],"texture":"#snow"},"east":{"uv":[13.5,0,14.5,0.5],"texture":"#snow"}}},{"from":[15.5,15.5,6.5],"to":[16.5,21.5,9.5],"faces":{"down":{"uv":[9.5,1,6.5,0],"rotation":270,"texture":"#snow","cullface":"east"},"up":{"uv":[6.5,0,9.5,1],"rotation":90,"texture":"#snow","cullface":"east"},"north":{"uv":[0,4.5,1,10.5],"texture":"#snow","cullface":"east"},"south":{"uv":[15,4.5,16,10.5],"texture":"#snow","cullface":"east"},"east":{"uv":[6.5,4.5,9.5,10.5],"texture":"#snow","cullface":"east"}}},{"from":[15.5,16.5,5.5],"to":[16.5,20.5,6.5],"faces":{"down":{"uv":[10.5,1,9.5,0],"rotation":270,"texture":"#snow","cullface":"east"},"up":{"uv":[5.5,0,6.5,1],"rotation":90,"texture":"#snow","cullface":"east"},"north":{"uv":[0,5.5,1,9.5],"texture":"#snow","cullface":"east"},"east":{"uv":[9.5,5.5,10.5,9.5],"texture":"#snow","cullface":"east"}}},{"from":[15.5,16.5,9.5],"to":[16.5,20.5,10.5],"faces":{"down":{"uv":[6.5,1,5.5,0],"rotation":270,"texture":"#snow","cullface":"east"},"up":{"uv":[9.5,0,10.5,1],"rotation":90,"texture":"#snow","cullface":"east"},"south":{"uv":[15,5.5,16,9.5],"texture":"#snow","cullface":"east"},"east":{"uv":[5.5,5.5,6.5,9.5],"texture":"#snow","cullface":"east"}}},{"from":[14.5,13.5,5.5],"to":[15.5,23.5,10.5],"faces":{"down":{"uv":[10.5,2,5.5,1],"rotation":270,"texture":"#snow"},"up":{"uv":[5.5,1,10.5,2],"rotation":90,"texture":"#snow"},"north":{"uv":[1,2.5,2,12.5],"texture":"#snow"},"south":{"uv":[14,2.5,15,12.5],"texture":"#snow"},"west":{"uv":[5.5,2.5,10.5,12.5],"texture":"#snow"},"east":{"uv":[5.5,2.5,10.5,12.5],"texture":"#snow"}}},{"from":[14.5,14.5,4.5],"to":[15.5,22.5,5.5],"faces":{"down":{"uv":[11.5,2,10.5,1],"rotation":270,"texture":"#snow"},"up":{"uv":[4.5,1,5.5,2],"rotation":90,"texture":"#snow"},"north":{"uv":[1,3.5,2,11.5],"texture":"#snow"},"west":{"uv":[4.5,3.5,5.5,11.5],"texture":"#snow"},"east":{"uv":[10.5,3.5,11.5,11.5],"texture":"#snow"}}},{"from":[14.5,14.5,10.5],"to":[15.5,22.5,11.5],"faces":{"down":{"uv":[5.5,2,4.5,1],"rotation":270,"texture":"#snow"},"up":{"uv":[10.5,1,11.5,2],"rotation":90,"texture":"#snow"},"south":{"uv":[14,3.5,15,11.5],"texture":"#snow"},"west":{"uv":[10.5,3.5,11.5,11.5],"texture":"#snow"},"east":{"uv":[4.5,3.5,5.5,11.5],"texture":"#snow"}}},{"from":[14.5,15.5,3.5],"to":[15.5,21.5,4.5],"faces":{"down":{"uv":[12.5,2,11.5,1],"rotation":270,"texture":"#snow"},"up":{"uv":[3.5,1,4.5,2],"rotation":90,"texture":"#snow"},"north":{"uv":[1,4.5,2,10.5],"texture":"#snow"},"west":{"uv":[3.5,4.5,4.5,10.5],"texture":"#snow"},"east":{"uv":[11.5,4.5,12.5,10.5],"texture":"#snow"}}},{"from":[14.5,15.5,11.5],"to":[15.5,21.5,12.5],"faces":{"down":{"uv":[4.5,2,3.5,1],"rotation":270,"texture":"#snow"},"up":{"uv":[11.5,1,12.5,2],"rotation":90,"texture":"#snow"},"south":{"uv":[14,4.5,15,10.5],"texture":"#snow"},"west":{"uv":[11.5,4.5,12.5,10.5],"texture":"#snow"},"east":{"uv":[3.5,4.5,4.5,10.5],"texture":"#snow"}}},{"from":[13.5,15.5,2.5],"to":[14.5,21.5,3.5],"faces":{"down":{"uv":[13.5,3,12.5,2],"rotation":270,"texture":"#snow"},"up":{"uv":[2.5,2,3.5,3],"rotation":90,"texture":"#snow"},"north":{"uv":[2,4.5,3,10.5],"texture":"#snow"},"south":{"uv":[13,4.5,14,10.5],"texture":"#snow"},"west":{"uv":[2.5,4.5,3.5,10.5],"texture":"#snow"},"east":{"uv":[12.5,4.5,13.5,10.5],"texture":"#snow"}}},{"from":[13.5,15.5,12.5],"to":[14.5,21.5,13.5],"faces":{"down":{"uv":[3.5,3,2.5,2],"rotation":270,"texture":"#snow"},"up":{"uv":[12.5,2,13.5,3],"rotation":90,"texture":"#snow"},"north":{"uv":[2,4.5,3,10.5],"texture":"#snow"},"south":{"uv":[13,4.5,14,10.5],"texture":"#snow"},"west":{"uv":[12.5,4.5,13.5,10.5],"texture":"#snow"},"east":{"uv":[2.5,4.5,3.5,10.5],"texture":"#snow"}}},{"from":[6.5,15.5,15.5],"to":[9.5,21.5,16.5],"faces":{"down":{"uv":[9.5,1,6.5,0],"rotation":180,"texture":"#snow","cullface":"south"},"up":{"uv":[6.5,0,9.5,1],"rotation":180,"texture":"#snow","cullface":"south"},"south":{"uv":[6.5,4.5,9.5,10.5],"texture":"#snow","cullface":"south"},"west":{"uv":[15,4.5,16,10.5],"texture":"#snow","cullface":"south"},"east":{"uv":[0,4.5,1,10.5],"texture":"#snow","cullface":"south"}}},{"from":[9.5,16.5,15.5],"to":[10.5,20.5,16.5],"faces":{"down":{"uv":[10.5,1,9.5,0],"rotation":180,"texture":"#snow","cullface":"south"},"up":{"uv":[5.5,0,6.5,1],"rotation":180,"texture":"#snow","cullface":"south"},"south":{"uv":[9.5,5.5,10.5,9.5],"texture":"#snow","cullface":"south"},"east":{"uv":[0,5.5,1,9.5],"texture":"#snow","cullface":"south"}}},{"from":[5.5,16.5,15.5],"to":[6.5,20.5,16.5],"faces":{"down":{"uv":[6.5,1,5.5,0],"rotation":180,"texture":"#snow","cullface":"south"},"up":{"uv":[9.5,0,10.5,1],"rotation":180,"texture":"#snow","cullface":"south"},"south":{"uv":[5.5,5.5,6.5,9.5],"texture":"#snow","cullface":"south"},"west":{"uv":[15,5.5,16,9.5],"texture":"#snow","cullface":"south"}}},{"from":[5.5,13.5,14.5],"to":[10.5,23.5,15.5],"faces":{"down":{"uv":[10.5,2,5.5,1],"rotation":180,"texture":"#snow"},"up":{"uv":[5.5,1,10.5,2],"rotation":180,"texture":"#snow"},"north":{"uv":[5.5,2.5,10.5,12.5],"texture":"#snow"},"south":{"uv":[5.5,2.5,10.5,12.5],"texture":"#snow","cullface":"south"},"west":{"uv":[14,2.5,15,12.5],"texture":"#snow"},"east":{"uv":[1,2.5,2,12.5],"texture":"#snow"}}},{"from":[10.5,14.5,14.5],"to":[11.5,22.5,15.5],"faces":{"down":{"uv":[11.5,2,10.5,1],"rotation":180,"texture":"#snow"},"up":{"uv":[4.5,1,5.5,2],"rotation":180,"texture":"#snow"},"north":{"uv":[4.5,3.5,5.5,11.5],"texture":"#snow"},"south":{"uv":[10.5,3.5,11.5,11.5],"texture":"#snow","cullface":"south"},"east":{"uv":[1,3.5,2,11.5],"texture":"#snow"}}},{"from":[4.5,14.5,14.5],"to":[5.5,22.5,15.5],"faces":{"down":{"uv":[5.5,2,4.5,1],"rotation":180,"texture":"#snow"},"up":{"uv":[10.5,1,11.5,2],"rotation":180,"texture":"#snow"},"north":{"uv":[10.5,3.5,11.5,11.5],"texture":"#snow"},"south":{"uv":[4.5,3.5,5.5,11.5],"texture":"#snow","cullface":"south"},"west":{"uv":[14,3.5,15,11.5],"texture":"#snow"}}},{"from":[11.5,15.5,14.5],"to":[12.5,21.5,15.5],"faces":{"down":{"uv":[12.5,2,11.5,1],"rotation":180,"texture":"#snow"},"up":{"uv":[3.5,1,4.5,2],"rotation":180,"texture":"#snow"},"north":{"uv":[3.5,4.5,4.5,10.5],"texture":"#snow"},"south":{"uv":[11.5,4.5,12.5,10.5],"texture":"#snow","cullface":"south"},"east":{"uv":[1,4.5,2,10.5],"texture":"#snow"}}},{"from":[3.5,15.5,14.5],"to":[4.5,21.5,15.5],"faces":{"down":{"uv":[4.5,2,3.5,1],"rotation":180,"texture":"#snow"},"up":{"uv":[11.5,1,12.5,2],"rotation":180,"texture":"#snow"},"north":{"uv":[11.5,4.5,12.5,10.5],"texture":"#snow"},"south":{"uv":[3.5,4.5,4.5,10.5],"texture":"#snow","cullface":"south"},"west":{"uv":[14,4.5,15,10.5],"texture":"#snow"}}},{"from":[12.5,15.5,13.5],"to":[13.5,21.5,14.5],"faces":{"down":{"uv":[13.5,3,12.5,2],"rotation":180,"texture":"#snow"},"up":{"uv":[2.5,2,3.5,3],"rotation":180,"texture":"#snow"},"north":{"uv":[2.5,4.5,3.5,10.5],"texture":"#snow"},"south":{"uv":[12.5,4.5,13.5,10.5],"texture":"#snow"},"west":{"uv":[13,4.5,14,10.5],"texture":"#snow"},"east":{"uv":[2,4.5,3,10.5],"texture":"#snow"}}},{"from":[2.5,15.5,13.5],"to":[3.5,21.5,14.5],"faces":{"down":{"uv":[3.5,3,2.5,2],"rotation":180,"texture":"#snow"},"up":{"uv":[12.5,2,13.5,3],"rotation":180,"texture":"#snow"},"north":{"uv":[12.5,4.5,13.5,10.5],"texture":"#snow"},"south":{"uv":[2.5,4.5,3.5,10.5],"texture":"#snow"},"west":{"uv":[13,4.5,14,10.5],"texture":"#snow"},"east":{"uv":[2,4.5,3,10.5],"texture":"#snow"}}},{"from":[-0.5,15.5,6.5],"to":[0.5,21.5,9.5],"faces":{"down":{"uv":[9.5,1,6.5,0],"rotation":90,"texture":"#snow","cullface":"west"},"up":{"uv":[6.5,0,9.5,1],"rotation":270,"texture":"#snow","cullface":"west"},"north":{"uv":[15,4.5,16,10.5],"texture":"#snow","cullface":"west"},"south":{"uv":[0,4.5,1,10.5],"texture":"#snow","cullface":"west"},"west":{"uv":[6.5,4.5,9.5,10.5],"texture":"#snow","cullface":"west"}}},{"from":[-0.5,16.5,9.5],"to":[0.5,20.5,10.5],"faces":{"down":{"uv":[10.5,1,9.5,0],"rotation":90,"texture":"#snow","cullface":"west"},"up":{"uv":[5.5,0,6.5,1],"rotation":270,"texture":"#snow","cullface":"west"},"south":{"uv":[0,5.5,1,9.5],"texture":"#snow","cullface":"west"},"west":{"uv":[9.5,5.5,10.5,9.5],"texture":"#snow","cullface":"west"}}},{"from":[-0.5,16.5,5.5],"to":[0.5,20.5,6.5],"faces":{"down":{"uv":[6.5,1,5.5,0],"rotation":90,"texture":"#snow","cullface":"west"},"up":{"uv":[9.5,0,10.5,1],"rotation":270,"texture":"#snow","cullface":"west"},"north":{"uv":[15,5.5,16,9.5],"texture":"#snow","cullface":"west"},"west":{"uv":[5.5,5.5,6.5,9.5],"texture":"#snow","cullface":"west"}}},{"from":[0.5,13.5,5.5],"to":[1.5,23.5,10.5],"faces":{"down":{"uv":[10.5,2,5.5,1],"rotation":90,"texture":"#snow"},"up":{"uv":[5.5,1,10.5,2],"rotation":270,"texture":"#snow"},"north":{"uv":[14,2.5,15,12.5],"texture":"#snow"},"south":{"uv":[1,2.5,2,12.5],"texture":"#snow"},"west":{"uv":[5.5,2.5,10.5,12.5],"texture":"#snow"},"east":{"uv":[5.5,2.5,10.5,12.5],"texture":"#snow"}}},{"from":[0.5,14.5,10.5],"to":[1.5,22.5,11.5],"faces":{"down":{"uv":[11.5,2,10.5,1],"rotation":90,"texture":"#snow"},"up":{"uv":[4.5,1,5.5,2],"rotation":270,"texture":"#snow"},"south":{"uv":[1,3.5,2,11.5],"texture":"#snow"},"west":{"uv":[10.5,3.5,11.5,11.5],"texture":"#snow"},"east":{"uv":[4.5,3.5,5.5,11.5],"texture":"#snow"}}},{"from":[0.5,14.5,4.5],"to":[1.5,22.5,5.5],"faces":{"down":{"uv":[5.5,2,4.5,1],"rotation":90,"texture":"#snow"},"up":{"uv":[10.5,1,11.5,2],"rotation":270,"texture":"#snow"},"north":{"uv":[14,3.5,15,11.5],"texture":"#snow"},"west":{"uv":[4.5,3.5,5.5,11.5],"texture":"#snow"},"east":{"uv":[10.5,3.5,11.5,11.5],"texture":"#snow"}}},{"from":[0.5,15.5,11.5],"to":[1.5,21.5,12.5],"faces":{"down":{"uv":[12.5,2,11.5,1],"rotation":90,"texture":"#snow"},"up":{"uv":[3.5,1,4.5,2],"rotation":270,"texture":"#snow"},"south":{"uv":[1,4.5,2,10.5],"texture":"#snow"},"west":{"uv":[11.5,4.5,12.5,10.5],"texture":"#snow"},"east":{"uv":[3.5,4.5,4.5,10.5],"texture":"#snow"}}},{"from":[0.5,15.5,3.5],"to":[1.5,21.5,4.5],"faces":{"down":{"uv":[4.5,2,3.5,1],"rotation":90,"texture":"#snow"},"up":{"uv":[11.5,1,12.5,2],"rotation":270,"texture":"#snow"},"north":{"uv":[14,4.5,15,10.5],"texture":"#snow"},"west":{"uv":[3.5,4.5,4.5,10.5],"texture":"#snow"},"east":{"uv":[11.5,4.5,12.5,10.5],"texture":"#snow"}}},{"from":[1.5,15.5,12.5],"to":[2.5,21.5,13.5],"faces":{"down":{"uv":[13.5,3,12.5,2],"rotation":90,"texture":"#snow"},"up":{"uv":[2.5,2,3.5,3],"rotation":270,"texture":"#snow"},"north":{"uv":[13,4.5,14,10.5],"texture":"#snow"},"south":{"uv":[2,4.5,3,10.5],"texture":"#snow"},"west":{"uv":[12.5,4.5,13.5,10.5],"texture":"#snow"},"east":{"uv":[2.5,4.5,3.5,10.5],"texture":"#snow"}}},{"from":[1.5,15.5,2.5],"to":[2.5,21.5,3.5],"faces":{"down":{"uv":[3.5,3,2.5,2],"rotation":90,"texture":"#snow"},"up":{"uv":[12.5,2,13.5,3],"rotation":270,"texture":"#snow"},"north":{"uv":[13,4.5,14,10.5],"texture":"#snow"},"south":{"uv":[2,4.5,3,10.5],"texture":"#snow"},"west":{"uv":[2.5,4.5,3.5,10.5],"texture":"#snow"},"east":{"uv":[12.5,4.5,13.5,10.5],"texture":"#snow"}}},{"from":[5.5,12.5,1.5],"to":[10.5,13.5,2.5],"faces":{"down":{"uv":[10.5,2.5,5.5,1.5],"texture":"#snow"},"up":{"uv":[5.5,1.5,10.5,2.5],"texture":"#snow"},"north":{"uv":[5.5,2.5,10.5,3.5],"texture":"#snow"},"south":{"uv":[5.5,2.5,10.5,3.5],"texture":"#snow"},"west":{"uv":[1.5,2.5,2.5,3.5],"texture":"#snow"},"east":{"uv":[13.5,2.5,14.5,3.5],"texture":"#snow"}}},{"from":[5.5,10.5,2.5],"to":[10.5,12.5,3.5],"faces":{"down":{"uv":[10.5,3.5,5.5,2.5],"texture":"#snow"},"up":{"uv":[5.5,2.5,10.5,3.5],"texture":"#snow"},"north":{"uv":[5.5,3.5,10.5,5.5],"texture":"#snow"},"south":{"uv":[5.5,3.5,10.5,5.5],"texture":"#snow"},"west":{"uv":[2.5,3.5,3.5,5.5],"texture":"#snow"},"east":{"uv":[12.5,3.5,13.5,5.5],"texture":"#snow"}}},{"from":[5.5,8.5,3.5],"to":[10.5,10.5,4.5],"faces":{"down":{"uv":[10.5,4.5,5.5,3.5],"texture":"#snow","cullface":"down"},"up":{"uv":[5.5,3.5,10.5,4.5],"texture":"#snow","cullface":"down"},"north":{"uv":[5.5,5.5,10.5,7.5],"texture":"#snow","cullface":"down"},"south":{"uv":[5.5,5.5,10.5,7.5],"texture":"#snow","cullface":"down"},"west":{"uv":[3.5,5.5,4.5,7.5],"texture":"#snow","cullface":"down"},"east":{"uv":[11.5,5.5,12.5,7.5],"texture":"#snow","cullface":"down"}}},{"from":[11.5,14.5,1.5],"to":[12.5,15.5,2.5],"faces":{"down":{"uv":[4.5,2.5,3.5,1.5],"texture":"#snow"},"up":{"uv":[11.5,1.5,12.5,2.5],"texture":"#snow"},"north":{"uv":[3.5,0.5,4.5,1.5],"texture":"#snow"},"south":{"uv":[11.5,0.5,12.5,1.5],"texture":"#snow"},"west":{"uv":[1.5,0.5,2.5,1.5],"texture":"#snow"},"east":{"uv":[13.5,0.5,14.5,1.5],"texture":"#snow"}}},{"from":[10.5,13.5,1.5],"to":[11.5,14.5,2.5],"faces":{"down":{"uv":[5.5,2.5,4.5,1.5],"texture":"#snow"},"up":{"uv":[10.5,1.5,11.5,2.5],"texture":"#snow"},"north":{"uv":[4.5,1.5,5.5,2.5],"texture":"#snow"},"south":{"uv":[10.5,1.5,11.5,2.5],"texture":"#snow"},"west":{"uv":[1.5,1.5,2.5,2.5],"texture":"#snow"},"east":{"uv":[13.5,1.5,14.5,2.5],"texture":"#snow"}}},{"from":[11.5,13.5,2.5],"to":[12.5,14.5,3.5],"faces":{"down":{"uv":[4.5,3.5,3.5,2.5],"texture":"#snow"},"up":{"uv":[11.5,2.5,12.5,3.5],"texture":"#snow"},"north":{"uv":[3.5,1.5,4.5,2.5],"texture":"#snow"},"south":{"uv":[11.5,1.5,12.5,2.5],"texture":"#snow"},"west":{"uv":[2.5,1.5,3.5,2.5],"texture":"#snow"},"east":{"uv":[12.5,1.5,13.5,2.5],"texture":"#snow"}}},{"from":[10.5,12.5,2.5],"to":[11.5,13.5,3.5],"faces":{"down":{"uv":[5.5,3.5,4.5,2.5],"texture":"#snow"},"up":{"uv":[10.5,2.5,11.5,3.5],"texture":"#snow"},"north":{"uv":[4.5,2.5,5.5,3.5],"texture":"#snow"},"south":{"uv":[10.5,2.5,11.5,3.5],"texture":"#snow"},"west":{"uv":[2.5,2.5,3.5,3.5],"texture":"#snow"},"east":{"uv":[12.5,2.5,13.5,3.5],"texture":"#snow"}}},{"from":[10.5,10.5,3.5],"to":[11.5,12.5,4.5],"faces":{"down":{"uv":[5.5,4.5,4.5,3.5],"texture":"#snow"},"up":{"uv":[10.5,3.5,11.5,4.5],"texture":"#snow"},"north":{"uv":[4.5,3.5,5.5,5.5],"texture":"#snow"},"south":{"uv":[10.5,3.5,11.5,5.5],"texture":"#snow"},"west":{"uv":[3.5,3.5,4.5,5.5],"texture":"#snow"},"east":{"uv":[11.5,3.5,12.5,5.5],"texture":"#snow"}}},{"from":[13.5,12.5,5.5],"to":[14.5,13.5,10.5],"faces":{"down":{"uv":[10.5,3,5.5,2],"rotation":270,"texture":"#snow"},"up":{"uv":[5.5,2,10.5,3],"rotation":90,"texture":"#snow"},"north":{"uv":[2,12.5,3,13.5],"texture":"#snow"},"south":{"uv":[13,12.5,14,13.5],"texture":"#snow"},"west":{"uv":[5.5,12.5,10.5,13.5],"texture":"#snow"},"east":{"uv":[5.5,12.5,10.5,13.5],"texture":"#snow"}}},{"from":[12.5,10.5,5.5],"to":[13.5,12.5,10.5],"faces":{"down":{"uv":[10.5,4,5.5,3],"rotation":270,"texture":"#snow"},"up":{"uv":[5.5,3,10.5,4],"rotation":90,"texture":"#snow"},"north":{"uv":[3,13.5,4,15.5],"texture":"#snow"},"south":{"uv":[12,13.5,13,15.5],"texture":"#snow"},"west":{"uv":[5.5,13.5,10.5,15.5],"texture":"#snow"},"east":{"uv":[5.5,13.5,10.5,15.5],"texture":"#snow"}}},{"from":[11.5,8.5,5.5],"to":[12.5,10.5,10.5],"faces":{"down":{"uv":[10.5,5,5.5,4],"rotation":270,"texture":"#snow","cullface":"down"},"up":{"uv":[5.5,4,10.5,5],"rotation":90,"texture":"#snow","cullface":"down"},"north":{"uv":[4,15.5,5,16],"texture":"#snow","cullface":"down"},"south":{"uv":[11,15.5,12,16],"texture":"#snow","cullface":"down"},"west":{"uv":[5.5,15.5,10.5,16],"texture":"#snow","cullface":"down"},"east":{"uv":[5.5,15.5,10.5,16],"texture":"#snow","cullface":"down"}}},{"from":[13.5,14.5,11.5],"to":[14.5,15.5,12.5],"faces":{"down":{"uv":[4.5,3,3.5,2],"rotation":270,"texture":"#snow"},"up":{"uv":[11.5,2,12.5,3],"rotation":90,"texture":"#snow"},"north":{"uv":[2,10.5,3,11.5],"texture":"#snow"},"south":{"uv":[13,10.5,14,11.5],"texture":"#snow"},"west":{"uv":[11.5,10.5,12.5,11.5],"texture":"#snow"},"east":{"uv":[3.5,10.5,4.5,11.5],"texture":"#snow"}}},{"from":[13.5,13.5,10.5],"to":[14.5,14.5,11.5],"faces":{"down":{"uv":[5.5,3,4.5,2],"rotation":270,"texture":"#snow"},"up":{"uv":[10.5,2,11.5,3],"rotation":90,"texture":"#snow"},"north":{"uv":[2,11.5,3,12.5],"texture":"#snow"},"south":{"uv":[13,11.5,14,12.5],"texture":"#snow"},"west":{"uv":[10.5,11.5,11.5,12.5],"texture":"#snow"},"east":{"uv":[4.5,11.5,5.5,12.5],"texture":"#snow"}}},{"from":[12.5,13.5,11.5],"to":[13.5,14.5,12.5],"faces":{"down":{"uv":[4.5,4,3.5,3],"rotation":270,"texture":"#snow"},"up":{"uv":[11.5,3,12.5,4],"rotation":90,"texture":"#snow"},"north":{"uv":[3,11.5,4,12.5],"texture":"#snow"},"south":{"uv":[12,11.5,13,12.5],"texture":"#snow"},"west":{"uv":[11.5,11.5,12.5,12.5],"texture":"#snow"},"east":{"uv":[3.5,11.5,4.5,12.5],"texture":"#snow"}}},{"from":[12.5,12.5,10.5],"to":[13.5,13.5,11.5],"faces":{"down":{"uv":[5.5,4,4.5,3],"rotation":270,"texture":"#snow"},"up":{"uv":[10.5,3,11.5,4],"rotation":90,"texture":"#snow"},"north":{"uv":[3,12.5,4,13.5],"texture":"#snow"},"south":{"uv":[12,12.5,13,13.5],"texture":"#snow"},"west":{"uv":[10.5,12.5,11.5,13.5],"texture":"#snow"},"east":{"uv":[4.5,12.5,5.5,13.5],"texture":"#snow"}}},{"from":[11.5,10.5,10.5],"to":[12.5,12.5,11.5],"faces":{"down":{"uv":[5.5,5,4.5,4],"rotation":270,"texture":"#snow"},"up":{"uv":[10.5,4,11.5,5],"rotation":90,"texture":"#snow"},"north":{"uv":[4,13.5,5,15.5],"texture":"#snow"},"south":{"uv":[11,13.5,12,15.5],"texture":"#snow"},"west":{"uv":[10.5,13.5,11.5,15.5],"texture":"#snow"},"east":{"uv":[4.5,13.5,5.5,15.5],"texture":"#snow"}}},{"from":[13.5,14.5,3.5],"to":[14.5,15.5,4.5],"faces":{"down":{"uv":[2.5,4.5,1.5,3.5],"texture":"#snow"},"up":{"uv":[13.5,3.5,14.5,4.5],"texture":"#snow"},"north":{"uv":[1.5,0.5,2.5,1.5],"texture":"#snow"},"south":{"uv":[13.5,0.5,14.5,1.5],"texture":"#snow"},"west":{"uv":[3.5,0.5,4.5,1.5],"texture":"#snow"},"east":{"uv":[11.5,0.5,12.5,1.5],"texture":"#snow"}}},{"from":[12.5,14.5,2.5],"to":[13.5,15.5,3.5],"faces":{"down":{"uv":[3.5,3.5,2.5,2.5],"texture":"#snow"},"up":{"uv":[12.5,2.5,13.5,3.5],"texture":"#snow"},"north":{"uv":[2.5,0.5,3.5,1.5],"texture":"#snow"},"south":{"uv":[12.5,0.5,13.5,1.5],"texture":"#snow"},"west":{"uv":[2.5,0.5,3.5,1.5],"texture":"#snow"},"east":{"uv":[12.5,0.5,13.5,1.5],"texture":"#snow"}}},{"from":[13.5,13.5,4.5],"to":[14.5,14.5,5.5],"faces":{"down":{"uv":[2.5,5.5,1.5,4.5],"texture":"#snow"},"up":{"uv":[13.5,4.5,14.5,5.5],"texture":"#snow"},"north":{"uv":[1.5,1.5,2.5,2.5],"texture":"#snow"},"south":{"uv":[13.5,1.5,14.5,2.5],"texture":"#snow"},"west":{"uv":[4.5,1.5,5.5,2.5],"texture":"#snow"},"east":{"uv":[10.5,1.5,11.5,2.5],"texture":"#snow"}}},{"from":[12.5,13.5,3.5],"to":[13.5,14.5,4.5],"faces":{"down":{"uv":[3.5,4.5,2.5,3.5],"texture":"#snow"},"up":{"uv":[12.5,3.5,13.5,4.5],"texture":"#snow"},"north":{"uv":[2.5,1.5,3.5,2.5],"texture":"#snow"},"south":{"uv":[12.5,1.5,13.5,2.5],"texture":"#snow"},"west":{"uv":[3.5,1.5,4.5,2.5],"texture":"#snow"},"east":{"uv":[11.5,1.5,12.5,2.5],"texture":"#snow"}}},{"from":[11.5,10.5,4.5],"to":[12.5,12.5,5.5],"faces":{"down":{"uv":[4.5,5.5,3.5,4.5],"texture":"#snow"},"up":{"uv":[11.5,4.5,12.5,5.5],"texture":"#snow"},"north":{"uv":[3.5,3.5,4.5,5.5],"texture":"#snow"},"south":{"uv":[11.5,3.5,12.5,5.5],"texture":"#snow"},"west":{"uv":[4.5,3.5,5.5,5.5],"texture":"#snow"},"east":{"uv":[10.5,3.5,11.5,5.5],"texture":"#snow"}}},{"from":[12.5,12.5,4.5],"to":[13.5,13.5,5.5],"faces":{"down":{"uv":[3.5,5.5,2.5,4.5],"texture":"#snow"},"up":{"uv":[12.5,4.5,13.5,5.5],"texture":"#snow"},"north":{"uv":[2.5,2.5,3.5,3.5],"texture":"#snow"},"south":{"uv":[12.5,2.5,13.5,3.5],"texture":"#snow"},"west":{"uv":[4.5,2.5,5.5,3.5],"texture":"#snow"},"east":{"uv":[10.5,2.5,11.5,3.5],"texture":"#snow"}}},{"from":[11.5,12.5,3.5],"to":[12.5,13.5,4.5],"faces":{"down":{"uv":[4.5,4.5,3.5,3.5],"texture":"#snow"},"up":{"uv":[11.5,3.5,12.5,4.5],"texture":"#snow"},"north":{"uv":[3.5,2.5,4.5,3.5],"texture":"#snow"},"south":{"uv":[11.5,2.5,12.5,3.5],"texture":"#snow"},"west":{"uv":[3.5,2.5,4.5,3.5],"texture":"#snow"},"east":{"uv":[11.5,2.5,12.5,3.5],"texture":"#snow"}}},{"from":[10.5,8.5,4.5],"to":[11.5,10.5,5.5],"faces":{"down":{"uv":[5.5,5.5,4.5,4.5],"texture":"#snow","cullface":"down"},"up":{"uv":[10.5,4.5,11.5,5.5],"texture":"#snow","cullface":"down"},"north":{"uv":[4.5,5.5,5.5,7.5],"texture":"#snow","cullface":"down"},"south":{"uv":[10.5,5.5,11.5,7.5],"texture":"#snow","cullface":"down"},"west":{"uv":[4.5,5.5,5.5,7.5],"texture":"#snow","cullface":"down"},"east":{"uv":[10.5,5.5,11.5,7.5],"texture":"#snow","cullface":"down"}}},{"from":[4.5,13.5,1.5],"to":[5.5,14.5,2.5],"faces":{"down":{"uv":[11.5,2.5,10.5,1.5],"texture":"#snow"},"up":{"uv":[4.5,1.5,5.5,2.5],"texture":"#snow"},"north":{"uv":[10.5,1.5,11.5,2.5],"texture":"#snow"},"south":{"uv":[4.5,1.5,5.5,2.5],"texture":"#snow"},"west":{"uv":[1.5,1.5,2.5,2.5],"texture":"#snow"},"east":{"uv":[13.5,1.5,14.5,2.5],"texture":"#snow"}}},{"from":[3.5,14.5,1.5],"to":[4.5,15.5,2.5],"faces":{"down":{"uv":[12.5,2.5,11.5,1.5],"texture":"#snow"},"up":{"uv":[3.5,1.5,4.5,2.5],"texture":"#snow"},"north":{"uv":[11.5,0.5,12.5,1.5],"texture":"#snow"},"south":{"uv":[3.5,0.5,4.5,1.5],"texture":"#snow"},"west":{"uv":[1.5,0.5,2.5,1.5],"texture":"#snow"},"east":{"uv":[13.5,0.5,14.5,1.5],"texture":"#snow"}}},{"from":[3.5,13.5,2.5],"to":[4.5,14.5,3.5],"faces":{"down":{"uv":[12.5,3.5,11.5,2.5],"texture":"#snow"},"up":{"uv":[3.5,2.5,4.5,3.5],"texture":"#snow"},"north":{"uv":[11.5,1.5,12.5,2.5],"texture":"#snow"},"south":{"uv":[3.5,1.5,4.5,2.5],"texture":"#snow"},"west":{"uv":[2.5,1.5,3.5,2.5],"texture":"#snow"},"east":{"uv":[12.5,1.5,13.5,2.5],"texture":"#snow"}}},{"from":[4.5,12.5,2.5],"to":[5.5,13.5,3.5],"faces":{"down":{"uv":[11.5,3.5,10.5,2.5],"texture":"#snow"},"up":{"uv":[4.5,2.5,5.5,3.5],"texture":"#snow"},"north":{"uv":[10.5,2.5,11.5,3.5],"texture":"#snow"},"south":{"uv":[4.5,2.5,5.5,3.5],"texture":"#snow"},"west":{"uv":[2.5,2.5,3.5,3.5],"texture":"#snow"},"east":{"uv":[12.5,2.5,13.5,3.5],"texture":"#snow"}}},{"from":[4.5,10.5,3.5],"to":[5.5,12.5,4.5],"faces":{"down":{"uv":[11.5,4.5,10.5,3.5],"texture":"#snow"},"up":{"uv":[4.5,3.5,5.5,4.5],"texture":"#snow"},"north":{"uv":[10.5,3.5,11.5,5.5],"texture":"#snow"},"south":{"uv":[4.5,3.5,5.5,5.5],"texture":"#snow"},"west":{"uv":[3.5,3.5,4.5,5.5],"texture":"#snow"},"east":{"uv":[11.5,3.5,12.5,5.5],"texture":"#snow"}}},{"from":[4.5,8.5,4.5],"to":[5.5,10.5,5.5],"faces":{"down":{"uv":[11.5,5.5,10.5,4.5],"texture":"#snow","cullface":"down"},"up":{"uv":[4.5,4.5,5.5,5.5],"texture":"#snow","cullface":"down"},"north":{"uv":[10.5,5.5,11.5,7.5],"texture":"#snow","cullface":"down"},"south":{"uv":[4.5,5.5,5.5,7.5],"texture":"#snow","cullface":"down"},"west":{"uv":[4.5,5.5,5.5,7.5],"texture":"#snow","cullface":"down"},"east":{"uv":[10.5,5.5,11.5,7.5],"texture":"#snow","cullface":"down"}}},{"from":[2.5,14.5,2.5],"to":[3.5,15.5,3.5],"faces":{"down":{"uv":[13.5,3.5,12.5,2.5],"texture":"#snow"},"up":{"uv":[2.5,2.5,3.5,3.5],"texture":"#snow"},"north":{"uv":[12.5,0.5,13.5,1.5],"texture":"#snow"},"south":{"uv":[2.5,0.5,3.5,1.5],"texture":"#snow"},"west":{"uv":[2.5,0.5,3.5,1.5],"texture":"#snow"},"east":{"uv":[12.5,0.5,13.5,1.5],"texture":"#snow"}}},{"from":[3.5,12.5,3.5],"to":[4.5,13.5,4.5],"faces":{"down":{"uv":[12.5,4.5,11.5,3.5],"texture":"#snow"},"up":{"uv":[3.5,3.5,4.5,4.5],"texture":"#snow"},"north":{"uv":[11.5,2.5,12.5,3.5],"texture":"#snow"},"south":{"uv":[3.5,2.5,4.5,3.5],"texture":"#snow"},"west":{"uv":[3.5,2.5,4.5,3.5],"texture":"#snow"},"east":{"uv":[11.5,2.5,12.5,3.5],"texture":"#snow"}}},{"from":[1.5,12.5,5.5],"to":[2.5,13.5,10.5],"faces":{"down":{"uv":[10.5,3,5.5,2],"rotation":90,"texture":"#snow"},"up":{"uv":[5.5,2,10.5,3],"rotation":270,"texture":"#snow"},"north":{"uv":[13,12.5,14,13.5],"texture":"#snow"},"south":{"uv":[2,12.5,3,13.5],"texture":"#snow"},"west":{"uv":[5.5,12.5,10.5,13.5],"texture":"#snow"},"east":{"uv":[5.5,12.5,10.5,13.5],"texture":"#snow"}}},{"from":[2.5,10.5,5.5],"to":[3.5,12.5,10.5],"faces":{"down":{"uv":[10.5,4,5.5,3],"rotation":90,"texture":"#snow"},"up":{"uv":[5.5,3,10.5,4],"rotation":270,"texture":"#snow"},"north":{"uv":[12,13.5,13,15.5],"texture":"#snow"},"south":{"uv":[3,13.5,4,15.5],"texture":"#snow"},"west":{"uv":[5.5,13.5,10.5,15.5],"texture":"#snow"},"east":{"uv":[5.5,13.5,10.5,15.5],"texture":"#snow"}}},{"from":[3.5,8.5,5.5],"to":[4.5,10.5,10.5],"faces":{"down":{"uv":[10.5,5,5.5,4],"rotation":90,"texture":"#snow","cullface":"down"},"up":{"uv":[5.5,4,10.5,5],"rotation":270,"texture":"#snow","cullface":"down"},"north":{"uv":[11,15.5,12,16],"texture":"#snow","cullface":"down"},"south":{"uv":[4,15.5,5,16],"texture":"#snow","cullface":"down"},"west":{"uv":[5.5,15.5,10.5,16],"texture":"#snow","cullface":"down"},"east":{"uv":[5.5,15.5,10.5,16],"texture":"#snow","cullface":"down"}}},{"from":[1.5,14.5,3.5],"to":[2.5,15.5,4.5],"faces":{"down":{"uv":[4.5,3,3.5,2],"rotation":90,"texture":"#snow"},"up":{"uv":[11.5,2,12.5,3],"rotation":270,"texture":"#snow"},"north":{"uv":[13,10.5,14,11.5],"texture":"#snow"},"south":{"uv":[2,10.5,3,11.5],"texture":"#snow"},"west":{"uv":[3.5,10.5,4.5,11.5],"texture":"#snow"},"east":{"uv":[11.5,10.5,12.5,11.5],"texture":"#snow"}}},{"from":[1.5,13.5,4.5],"to":[2.5,14.5,5.5],"faces":{"down":{"uv":[5.5,3,4.5,2],"rotation":90,"texture":"#snow"},"up":{"uv":[10.5,2,11.5,3],"rotation":270,"texture":"#snow"},"north":{"uv":[13,11.5,14,12.5],"texture":"#snow"},"south":{"uv":[2,11.5,3,12.5],"texture":"#snow"},"west":{"uv":[4.5,11.5,5.5,12.5],"texture":"#snow"},"east":{"uv":[10.5,11.5,11.5,12.5],"texture":"#snow"}}},{"from":[2.5,13.5,3.5],"to":[3.5,14.5,4.5],"faces":{"down":{"uv":[4.5,4,3.5,3],"rotation":90,"texture":"#snow"},"up":{"uv":[11.5,3,12.5,4],"rotation":270,"texture":"#snow"},"north":{"uv":[12,11.5,13,12.5],"texture":"#snow"},"south":{"uv":[3,11.5,4,12.5],"texture":"#snow"},"west":{"uv":[3.5,11.5,4.5,12.5],"texture":"#snow"},"east":{"uv":[11.5,11.5,12.5,12.5],"texture":"#snow"}}},{"from":[2.5,12.5,4.5],"to":[3.5,13.5,5.5],"faces":{"down":{"uv":[5.5,4,4.5,3],"rotation":90,"texture":"#snow"},"up":{"uv":[10.5,3,11.5,4],"rotation":270,"texture":"#snow"},"north":{"uv":[12,12.5,13,13.5],"texture":"#snow"},"south":{"uv":[3,12.5,4,13.5],"texture":"#snow"},"west":{"uv":[4.5,12.5,5.5,13.5],"texture":"#snow"},"east":{"uv":[10.5,12.5,11.5,13.5],"texture":"#snow"}}},{"from":[3.5,10.5,4.5],"to":[4.5,12.5,5.5],"faces":{"down":{"uv":[5.5,5,4.5,4],"rotation":90,"texture":"#snow"},"up":{"uv":[10.5,4,11.5,5],"rotation":270,"texture":"#snow"},"north":{"uv":[11,13.5,12,15.5],"texture":"#snow"},"south":{"uv":[4,13.5,5,15.5],"texture":"#snow"},"west":{"uv":[4.5,13.5,5.5,15.5],"texture":"#snow"},"east":{"uv":[10.5,13.5,11.5,15.5],"texture":"#snow"}}},{"from":[1.5,14.5,11.5],"to":[2.5,15.5,12.5],"faces":{"down":{"uv":[2.5,5,1.5,4],"rotation":180,"texture":"#snow"},"up":{"uv":[13.5,4,14.5,5],"rotation":180,"texture":"#snow"},"north":{"uv":[13.5,10.5,14.5,11.5],"texture":"#snow"},"south":{"uv":[1.5,10.5,2.5,11.5],"texture":"#snow"},"west":{"uv":[11,10.5,12,11.5],"texture":"#snow"},"east":{"uv":[4,10.5,5,11.5],"texture":"#snow"}}},{"from":[2.5,14.5,12.5],"to":[3.5,15.5,13.5],"faces":{"down":{"uv":[3.5,4,2.5,3],"rotation":180,"texture":"#snow"},"up":{"uv":[12.5,3,13.5,4],"rotation":180,"texture":"#snow"},"north":{"uv":[12.5,10.5,13.5,11.5],"texture":"#snow"},"south":{"uv":[2.5,10.5,3.5,11.5],"texture":"#snow"},"west":{"uv":[12,10.5,13,11.5],"texture":"#snow"},"east":{"uv":[3,10.5,4,11.5],"texture":"#snow"}}},{"from":[1.5,13.5,10.5],"to":[2.5,14.5,11.5],"faces":{"down":{"uv":[2.5,6,1.5,5],"rotation":180,"texture":"#snow"},"up":{"uv":[13.5,5,14.5,6],"rotation":180,"texture":"#snow"},"north":{"uv":[13.5,11.5,14.5,12.5],"texture":"#snow"},"south":{"uv":[1.5,11.5,2.5,12.5],"texture":"#snow"},"west":{"uv":[10,11.5,11,12.5],"texture":"#snow"},"east":{"uv":[5,11.5,6,12.5],"texture":"#snow"}}},{"from":[2.5,13.5,11.5],"to":[3.5,14.5,12.5],"faces":{"down":{"uv":[3.5,5,2.5,4],"rotation":180,"texture":"#snow"},"up":{"uv":[12.5,4,13.5,5],"rotation":180,"texture":"#snow"},"north":{"uv":[12.5,11.5,13.5,12.5],"texture":"#snow"},"south":{"uv":[2.5,11.5,3.5,12.5],"texture":"#snow"},"west":{"uv":[11,11.5,12,12.5],"texture":"#snow"},"east":{"uv":[4,11.5,5,12.5],"texture":"#snow"}}},{"from":[3.5,10.5,10.5],"to":[4.5,12.5,11.5],"faces":{"down":{"uv":[4.5,6,3.5,5],"rotation":180,"texture":"#snow"},"up":{"uv":[11.5,5,12.5,6],"rotation":180,"texture":"#snow"},"north":{"uv":[11.5,13.5,12.5,15.5],"texture":"#snow"},"south":{"uv":[3.5,13.5,4.5,15.5],"texture":"#snow"},"west":{"uv":[10,13.5,11,15.5],"texture":"#snow"},"east":{"uv":[5,13.5,6,15.5],"texture":"#snow"}}},{"from":[2.5,12.5,10.5],"to":[3.5,13.5,11.5],"faces":{"down":{"uv":[3.5,6,2.5,5],"rotation":180,"texture":"#snow"},"up":{"uv":[12.5,5,13.5,6],"rotation":180,"texture":"#snow"},"north":{"uv":[12.5,12.5,13.5,13.5],"texture":"#snow"},"south":{"uv":[2.5,12.5,3.5,13.5],"texture":"#snow"},"west":{"uv":[10,12.5,11,13.5],"texture":"#snow"},"east":{"uv":[5,12.5,6,13.5],"texture":"#snow"}}},{"from":[3.5,12.5,11.5],"to":[4.5,13.5,12.5],"faces":{"down":{"uv":[4.5,5,3.5,4],"rotation":180,"texture":"#snow"},"up":{"uv":[11.5,4,12.5,5],"rotation":180,"texture":"#snow"},"north":{"uv":[11.5,12.5,12.5,13.5],"texture":"#snow"},"south":{"uv":[3.5,12.5,4.5,13.5],"texture":"#snow"},"west":{"uv":[11,12.5,12,13.5],"texture":"#snow"},"east":{"uv":[4,12.5,5,13.5],"texture":"#snow"}}},{"from":[4.5,8.5,10.5],"to":[5.5,10.5,11.5],"faces":{"down":{"uv":[5.5,6,4.5,5],"rotation":180,"texture":"#snow","cullface":"down"},"up":{"uv":[10.5,5,11.5,6],"rotation":180,"texture":"#snow","cullface":"down"},"north":{"uv":[10.5,15.5,11.5,16],"texture":"#snow","cullface":"down"},"south":{"uv":[4.5,15.5,5.5,16],"texture":"#snow","cullface":"down"},"west":{"uv":[10,15.5,11,16],"texture":"#snow","cullface":"down"},"east":{"uv":[5,15.5,6,16],"texture":"#snow","cullface":"down"}}},{"from":[10.5,13.5,13.5],"to":[11.5,14.5,14.5],"faces":{"down":{"uv":[11.5,3,10.5,2],"rotation":180,"texture":"#snow"},"up":{"uv":[4.5,2,5.5,3],"rotation":180,"texture":"#snow"},"north":{"uv":[4.5,11.5,5.5,12.5],"texture":"#snow"},"south":{"uv":[10.5,11.5,11.5,12.5],"texture":"#snow"},"west":{"uv":[13,11.5,14,12.5],"texture":"#snow"},"east":{"uv":[2,11.5,3,12.5],"texture":"#snow"}}},{"from":[11.5,13.5,12.5],"to":[12.5,14.5,13.5],"faces":{"down":{"uv":[12.5,4,11.5,3],"rotation":180,"texture":"#snow"},"up":{"uv":[3.5,3,4.5,4],"rotation":180,"texture":"#snow"},"north":{"uv":[3.5,11.5,4.5,12.5],"texture":"#snow"},"south":{"uv":[11.5,11.5,12.5,12.5],"texture":"#snow"},"west":{"uv":[12,11.5,13,12.5],"texture":"#snow"},"east":{"uv":[3,11.5,4,12.5],"texture":"#snow"}}},{"from":[10.5,12.5,12.5],"to":[11.5,13.5,13.5],"faces":{"down":{"uv":[11.5,4,10.5,3],"rotation":180,"texture":"#snow"},"up":{"uv":[4.5,3,5.5,4],"rotation":180,"texture":"#snow"},"north":{"uv":[4.5,12.5,5.5,13.5],"texture":"#snow"},"south":{"uv":[10.5,12.5,11.5,13.5],"texture":"#snow"},"west":{"uv":[12,12.5,13,13.5],"texture":"#snow"},"east":{"uv":[3,12.5,4,13.5],"texture":"#snow"}}},{"from":[10.5,8.5,10.5],"to":[11.5,10.5,11.5],"faces":{"down":{"uv":[11.5,6,10.5,5],"rotation":180,"texture":"#snow","cullface":"down"},"up":{"uv":[4.5,5,5.5,6],"rotation":180,"texture":"#snow","cullface":"down"},"north":{"uv":[4.5,15.5,5.5,16],"texture":"#snow","cullface":"down"},"south":{"uv":[10.5,15.5,11.5,16],"texture":"#snow","cullface":"down"},"west":{"uv":[10,15.5,11,16],"texture":"#snow","cullface":"down"},"east":{"uv":[5,15.5,6,16],"texture":"#snow","cullface":"down"}}},{"from":[11.5,12.5,11.5],"to":[12.5,13.5,12.5],"faces":{"down":{"uv":[12.5,5,11.5,4],"rotation":180,"texture":"#snow"},"up":{"uv":[3.5,4,4.5,5],"rotation":180,"texture":"#snow"},"north":{"uv":[3.5,12.5,4.5,13.5],"texture":"#snow"},"south":{"uv":[11.5,12.5,12.5,13.5],"texture":"#snow"},"west":{"uv":[11,12.5,12,13.5],"texture":"#snow"},"east":{"uv":[4,12.5,5,13.5],"texture":"#snow"}}},{"from":[5.5,12.5,13.5],"to":[10.5,13.5,14.5],"faces":{"down":{"uv":[10.5,3,5.5,2],"rotation":180,"texture":"#snow"},"up":{"uv":[5.5,2,10.5,3],"rotation":180,"texture":"#snow"},"north":{"uv":[5.5,12.5,10.5,13.5],"texture":"#snow"},"south":{"uv":[5.5,12.5,10.5,13.5],"texture":"#snow"},"west":{"uv":[13,12.5,14,13.5],"texture":"#snow"},"east":{"uv":[2,12.5,3,13.5],"texture":"#snow"}}},{"from":[5.5,10.5,12.5],"to":[10.5,12.5,13.5],"faces":{"down":{"uv":[10.5,4,5.5,3],"rotation":180,"texture":"#snow"},"up":{"uv":[5.5,3,10.5,4],"rotation":180,"texture":"#snow"},"north":{"uv":[5.5,13.5,10.5,15.5],"texture":"#snow"},"south":{"uv":[5.5,13.5,10.5,15.5],"texture":"#snow"},"west":{"uv":[12,13.5,13,15.5],"texture":"#snow"},"east":{"uv":[3,13.5,4,15.5],"texture":"#snow"}}},{"from":[5.5,8.5,11.5],"to":[10.5,10.5,12.5],"faces":{"down":{"uv":[10.5,5,5.5,4],"rotation":180,"texture":"#snow","cullface":"down"},"up":{"uv":[5.5,4,10.5,5],"rotation":180,"texture":"#snow","cullface":"down"},"north":{"uv":[5.5,15.5,10.5,16],"texture":"#snow","cullface":"down"},"south":{"uv":[5.5,15.5,10.5,16],"texture":"#snow","cullface":"down"},"west":{"uv":[11,15.5,12,16],"texture":"#snow","cullface":"down"},"east":{"uv":[4,15.5,5,16],"texture":"#snow","cullface":"down"}}},{"from":[3.5,14.5,13.5],"to":[4.5,15.5,14.5],"faces":{"down":{"uv":[4.5,3,3.5,2],"rotation":180,"texture":"#snow"},"up":{"uv":[11.5,2,12.5,3],"rotation":180,"texture":"#snow"},"north":{"uv":[11.5,10.5,12.5,11.5],"texture":"#snow"},"south":{"uv":[3.5,10.5,4.5,11.5],"texture":"#snow"},"west":{"uv":[13,10.5,14,11.5],"texture":"#snow"},"east":{"uv":[2,10.5,3,11.5],"texture":"#snow"}}},{"from":[4.5,13.5,13.5],"to":[5.5,14.5,14.5],"faces":{"down":{"uv":[5.5,3,4.5,2],"rotation":180,"texture":"#snow"},"up":{"uv":[10.5,2,11.5,3],"rotation":180,"texture":"#snow"},"north":{"uv":[10.5,11.5,11.5,12.5],"texture":"#snow"},"south":{"uv":[4.5,11.5,5.5,12.5],"texture":"#snow"},"west":{"uv":[13,11.5,14,12.5],"texture":"#snow"},"east":{"uv":[2,11.5,3,12.5],"texture":"#snow"}}},{"from":[3.5,13.5,12.5],"to":[4.5,14.5,13.5],"faces":{"down":{"uv":[4.5,4,3.5,3],"rotation":180,"texture":"#snow"},"up":{"uv":[11.5,3,12.5,4],"rotation":180,"texture":"#snow"},"north":{"uv":[11.5,11.5,12.5,12.5],"texture":"#snow"},"south":{"uv":[3.5,11.5,4.5,12.5],"texture":"#snow"},"west":{"uv":[12,11.5,13,12.5],"texture":"#snow"},"east":{"uv":[3,11.5,4,12.5],"texture":"#snow"}}},{"from":[4.5,12.5,12.5],"to":[5.5,13.5,13.5],"faces":{"down":{"uv":[5.5,4,4.5,3],"rotation":180,"texture":"#snow"},"up":{"uv":[10.5,3,11.5,4],"rotation":180,"texture":"#snow"},"north":{"uv":[10.5,12.5,11.5,13.5],"texture":"#snow"},"south":{"uv":[4.5,12.5,5.5,13.5],"texture":"#snow"},"west":{"uv":[12,12.5,13,13.5],"texture":"#snow"},"east":{"uv":[3,12.5,4,13.5],"texture":"#snow"}}},{"from":[4.5,10.5,11.5],"to":[5.5,12.5,12.5],"faces":{"down":{"uv":[5.5,5,4.5,4],"rotation":180,"texture":"#snow"},"up":{"uv":[10.5,4,11.5,5],"rotation":180,"texture":"#snow"},"north":{"uv":[10.5,13.5,11.5,15.5],"texture":"#snow"},"south":{"uv":[4.5,13.5,5.5,15.5],"texture":"#snow"},"west":{"uv":[11,13.5,12,15.5],"texture":"#snow"},"east":{"uv":[4,13.5,5,15.5],"texture":"#snow"}}},{"from":[11.5,14.5,13.5],"to":[12.5,15.5,14.5],"faces":{"down":{"uv":[2.5,5,1.5,4],"rotation":270,"texture":"#snow"},"up":{"uv":[13.5,4,14.5,5],"rotation":90,"texture":"#snow"},"north":{"uv":[4,10.5,5,11.5],"texture":"#snow"},"south":{"uv":[11,10.5,12,11.5],"texture":"#snow"},"west":{"uv":[13.5,10.5,14.5,11.5],"texture":"#snow"},"east":{"uv":[1.5,10.5,2.5,11.5],"texture":"#snow"}}},{"from":[12.5,14.5,12.5],"to":[13.5,15.5,13.5],"faces":{"down":{"uv":[3.5,4,2.5,3],"rotation":270,"texture":"#snow"},"up":{"uv":[12.5,3,13.5,4],"rotation":90,"texture":"#snow"},"north":{"uv":[3,10.5,4,11.5],"texture":"#snow"},"south":{"uv":[12,10.5,13,11.5],"texture":"#snow"},"west":{"uv":[12.5,10.5,13.5,11.5],"texture":"#snow"},"east":{"uv":[2.5,10.5,3.5,11.5],"texture":"#snow"}}},{"from":[10.5,10.5,11.5],"to":[11.5,12.5,12.5],"faces":{"down":{"uv":[4.5,6,3.5,5],"rotation":270,"texture":"#snow"},"up":{"uv":[11.5,5,12.5,6],"rotation":90,"texture":"#snow"},"north":{"uv":[5,13.5,6,15.5],"texture":"#snow"},"south":{"uv":[10,13.5,11,15.5],"texture":"#snow"},"west":{"uv":[11.5,13.5,12.5,15.5],"texture":"#snow"},"east":{"uv":[3.5,13.5,4.5,15.5],"texture":"#snow"}}},{"from":[5.5,23.5,1.5],"to":[10.5,24.5,2.5],"faces":{"down":{"uv":[10.5,2.5,5.5,1.5],"texture":"#snow"},"up":{"uv":[5.5,1.5,10.5,2.5],"texture":"#snow"},"north":{"uv":[5.5,0,10.5,0],"texture":"#snow"},"south":{"uv":[5.5,0,10.5,0],"texture":"#snow"},"west":{"uv":[1.5,0,2.5,0],"texture":"#snow"},"east":{"uv":[13.5,0,14.5,0],"texture":"#snow"}}},{"from":[5.5,24.5,2.5],"to":[10.5,25.5,3.5],"faces":{"down":{"uv":[10.5,3.5,5.5,2.5],"texture":"#snow"},"up":{"uv":[5.5,2.5,10.5,3.5],"texture":"#snow"},"north":{"uv":[5.5,0,10.5,0],"texture":"#snow"},"south":{"uv":[5.5,0,10.5,0],"texture":"#snow"},"west":{"uv":[2.5,0,3.5,0],"texture":"#snow"},"east":{"uv":[12.5,0,13.5,0],"texture":"#snow"}}},{"from":[10.5,24.5,3.5],"to":[11.5,25.5,4.5],"faces":{"down":{"uv":[5.5,4.5,4.5,3.5],"texture":"#snow"},"up":{"uv":[10.5,3.5,11.5,4.5],"texture":"#snow"},"north":{"uv":[4.5,0,5.5,0],"texture":"#snow"},"south":{"uv":[10.5,0,11.5,0],"texture":"#snow"},"west":{"uv":[3.5,0,4.5,0],"texture":"#snow"},"east":{"uv":[11.5,0,12.5,0],"texture":"#snow"}}},{"from":[11.5,24.5,4.5],"to":[12.5,25.5,5.5],"faces":{"down":{"uv":[4.5,5.5,3.5,4.5],"texture":"#snow"},"up":{"uv":[11.5,4.5,12.5,5.5],"texture":"#snow"},"north":{"uv":[3.5,0,4.5,0],"texture":"#snow"},"south":{"uv":[11.5,0,12.5,0],"texture":"#snow"},"west":{"uv":[4.5,0,5.5,0],"texture":"#snow"},"east":{"uv":[10.5,0,11.5,0],"texture":"#snow"}}},{"from":[10.5,23.5,2.5],"to":[11.5,24.5,3.5],"faces":{"down":{"uv":[5.5,3.5,4.5,2.5],"texture":"#snow"},"up":{"uv":[10.5,2.5,11.5,3.5],"texture":"#snow"},"north":{"uv":[4.5,0,5.5,0],"texture":"#snow"},"south":{"uv":[10.5,0,11.5,0],"texture":"#snow"},"west":{"uv":[2.5,0,3.5,0],"texture":"#snow"},"east":{"uv":[12.5,0,13.5,0],"texture":"#snow"}}},{"from":[11.5,23.5,3.5],"to":[12.5,24.5,4.5],"faces":{"down":{"uv":[4.5,4.5,3.5,3.5],"texture":"#snow"},"up":{"uv":[11.5,3.5,12.5,4.5],"texture":"#snow"},"north":{"uv":[3.5,0,4.5,0],"texture":"#snow"},"south":{"uv":[11.5,0,12.5,0],"texture":"#snow"},"west":{"uv":[3.5,0,4.5,0],"texture":"#snow"},"east":{"uv":[11.5,0,12.5,0],"texture":"#snow"}}},{"from":[12.5,23.5,4.5],"to":[13.5,24.5,5.5],"faces":{"down":{"uv":[3.5,5.5,2.5,4.5],"texture":"#snow"},"up":{"uv":[12.5,4.5,13.5,5.5],"texture":"#snow"},"north":{"uv":[2.5,0,3.5,0],"texture":"#snow"},"south":{"uv":[12.5,0,13.5,0],"texture":"#snow"},"west":{"uv":[4.5,0,5.5,0],"texture":"#snow"},"east":{"uv":[10.5,0,11.5,0],"texture":"#snow"}}},{"from":[10.5,22.5,1.5],"to":[11.5,23.5,2.5],"faces":{"down":{"uv":[5.5,2.5,4.5,1.5],"texture":"#snow"},"up":{"uv":[10.5,1.5,11.5,2.5],"texture":"#snow"},"north":{"uv":[4.5,0,5.5,0],"texture":"#snow"},"south":{"uv":[10.5,0,11.5,0],"texture":"#snow"},"west":{"uv":[1.5,0,2.5,0],"texture":"#snow"},"east":{"uv":[13.5,0,14.5,0],"texture":"#snow"}}},{"from":[11.5,22.5,2.5],"to":[12.5,23.5,3.5],"faces":{"down":{"uv":[4.5,3.5,3.5,2.5],"texture":"#snow"},"up":{"uv":[11.5,2.5,12.5,3.5],"texture":"#snow"},"north":{"uv":[3.5,0,4.5,0],"texture":"#snow"},"south":{"uv":[11.5,0,12.5,0],"texture":"#snow"},"west":{"uv":[2.5,0,3.5,0],"texture":"#snow"},"east":{"uv":[12.5,0,13.5,0],"texture":"#snow"}}},{"from":[12.5,22.5,3.5],"to":[13.5,23.5,4.5],"faces":{"down":{"uv":[3.5,4.5,2.5,3.5],"texture":"#snow"},"up":{"uv":[12.5,3.5,13.5,4.5],"texture":"#snow"},"north":{"uv":[2.5,0,3.5,0],"texture":"#snow"},"south":{"uv":[12.5,0,13.5,0],"texture":"#snow"},"west":{"uv":[3.5,0,4.5,0],"texture":"#snow"},"east":{"uv":[11.5,0,12.5,0],"texture":"#snow"}}},{"from":[13.5,22.5,4.5],"to":[14.5,23.5,5.5],"faces":{"down":{"uv":[2.5,5.5,1.5,4.5],"texture":"#snow"},"up":{"uv":[13.5,4.5,14.5,5.5],"texture":"#snow"},"north":{"uv":[1.5,0,2.5,0],"texture":"#snow"},"south":{"uv":[13.5,0,14.5,0],"texture":"#snow"},"west":{"uv":[4.5,0,5.5,0],"texture":"#snow"},"east":{"uv":[10.5,0,11.5,0],"texture":"#snow"}}},{"from":[11.5,21.5,1.5],"to":[12.5,22.5,2.5],"faces":{"down":{"uv":[4.5,2.5,3.5,1.5],"texture":"#snow"},"up":{"uv":[11.5,1.5,12.5,2.5],"texture":"#snow"},"north":{"uv":[3.5,0,4.5,0],"texture":"#snow"},"south":{"uv":[11.5,0,12.5,0],"texture":"#snow"},"west":{"uv":[1.5,0,2.5,0],"texture":"#snow"},"east":{"uv":[13.5,0,14.5,0],"texture":"#snow"}}},{"from":[12.5,21.5,2.5],"to":[13.5,22.5,3.5],"faces":{"down":{"uv":[3.5,3.5,2.5,2.5],"texture":"#snow"},"up":{"uv":[12.5,2.5,13.5,3.5],"texture":"#snow"},"north":{"uv":[2.5,0,3.5,0],"texture":"#snow"},"south":{"uv":[12.5,0,13.5,0],"texture":"#snow"},"west":{"uv":[2.5,0,3.5,0],"texture":"#snow"},"east":{"uv":[12.5,0,13.5,0],"texture":"#snow"}}},{"from":[13.5,21.5,3.5],"to":[14.5,22.5,4.5],"faces":{"down":{"uv":[2.5,4.5,1.5,3.5],"texture":"#snow"},"up":{"uv":[13.5,3.5,14.5,4.5],"texture":"#snow"},"north":{"uv":[1.5,0,2.5,0],"texture":"#snow"},"south":{"uv":[13.5,0,14.5,0],"texture":"#snow"},"west":{"uv":[3.5,0,4.5,0],"texture":"#snow"},"east":{"uv":[11.5,0,12.5,0],"texture":"#snow"}}},{"from":[13.5,23.5,5.5],"to":[14.5,24.5,10.5],"faces":{"down":{"uv":[10.5,3,5.5,2],"rotation":270,"texture":"#snow"},"up":{"uv":[5.5,2,10.5,3],"rotation":90,"texture":"#snow"},"north":{"uv":[2,1.5,3,2.5],"texture":"#snow"},"south":{"uv":[13,1.5,14,2.5],"texture":"#snow"},"west":{"uv":[5.5,1.5,10.5,2.5],"texture":"#snow"},"east":{"uv":[5.5,1.5,10.5,2.5],"texture":"#snow"}}},{"from":[12.5,24.5,5.5],"to":[13.5,25.5,10.5],"faces":{"down":{"uv":[10.5,4,5.5,3],"rotation":270,"texture":"#snow"},"up":{"uv":[5.5,3,10.5,4],"rotation":90,"texture":"#snow"},"north":{"uv":[3,0.5,4,1.5],"texture":"#snow"},"south":{"uv":[12,0.5,13,1.5],"texture":"#snow"},"west":{"uv":[5.5,0.5,10.5,1.5],"texture":"#snow"},"east":{"uv":[5.5,0.5,10.5,1.5],"texture":"#snow"}}},{"from":[11.5,24.5,10.5],"to":[12.5,25.5,11.5],"faces":{"down":{"uv":[5.5,5,4.5,4],"rotation":270,"texture":"#snow"},"up":{"uv":[10.5,4,11.5,5],"rotation":90,"texture":"#snow"},"north":{"uv":[4,0.5,5,1.5],"texture":"#snow"},"south":{"uv":[11,0.5,12,1.5],"texture":"#snow"},"west":{"uv":[10.5,0.5,11.5,1.5],"texture":"#snow"},"east":{"uv":[4.5,0.5,5.5,1.5],"texture":"#snow"}}},{"from":[10.5,24.5,11.5],"to":[11.5,25.5,12.5],"faces":{"down":{"uv":[4.5,6,3.5,5],"rotation":270,"texture":"#snow"},"up":{"uv":[11.5,5,12.5,6],"rotation":90,"texture":"#snow"},"north":{"uv":[5,0.5,6,1.5],"texture":"#snow"},"south":{"uv":[10,0.5,11,1.5],"texture":"#snow"},"west":{"uv":[11.5,0.5,12.5,1.5],"texture":"#snow"},"east":{"uv":[3.5,0.5,4.5,1.5],"texture":"#snow"}}},{"from":[12.5,23.5,10.5],"to":[13.5,24.5,11.5],"faces":{"down":{"uv":[5.5,4,4.5,3],"rotation":270,"texture":"#snow"},"up":{"uv":[10.5,3,11.5,4],"rotation":90,"texture":"#snow"},"north":{"uv":[3,1.5,4,2.5],"texture":"#snow"},"south":{"uv":[12,1.5,13,2.5],"texture":"#snow"},"west":{"uv":[10.5,1.5,11.5,2.5],"texture":"#snow"},"east":{"uv":[4.5,1.5,5.5,2.5],"texture":"#snow"}}},{"from":[11.5,23.5,11.5],"to":[12.5,24.5,12.5],"faces":{"down":{"uv":[4.5,5,3.5,4],"rotation":270,"texture":"#snow"},"up":{"uv":[11.5,4,12.5,5],"rotation":90,"texture":"#snow"},"north":{"uv":[4,1.5,5,2.5],"texture":"#snow"},"south":{"uv":[11,1.5,12,2.5],"texture":"#snow"},"west":{"uv":[11.5,1.5,12.5,2.5],"texture":"#snow"},"east":{"uv":[3.5,1.5,4.5,2.5],"texture":"#snow"}}},{"from":[10.5,23.5,12.5],"to":[11.5,24.5,13.5],"faces":{"down":{"uv":[3.5,6,2.5,5],"rotation":270,"texture":"#snow"},"up":{"uv":[12.5,5,13.5,6],"rotation":90,"texture":"#snow"},"north":{"uv":[5,1.5,6,2.5],"texture":"#snow"},"south":{"uv":[10,1.5,11,2.5],"texture":"#snow"},"west":{"uv":[12.5,1.5,13.5,2.5],"texture":"#snow"},"east":{"uv":[2.5,1.5,3.5,2.5],"texture":"#snow"}}},{"from":[13.5,22.5,10.5],"to":[14.5,23.5,11.5],"faces":{"down":{"uv":[5.5,3,4.5,2],"rotation":270,"texture":"#snow"},"up":{"uv":[10.5,2,11.5,3],"rotation":90,"texture":"#snow"},"north":{"uv":[2,2.5,3,3.5],"texture":"#snow"},"south":{"uv":[13,2.5,14,3.5],"texture":"#snow"},"west":{"uv":[10.5,2.5,11.5,3.5],"texture":"#snow"},"east":{"uv":[4.5,2.5,5.5,3.5],"texture":"#snow"}}},{"from":[12.5,22.5,11.5],"to":[13.5,23.5,12.5],"faces":{"down":{"uv":[4.5,4,3.5,3],"rotation":270,"texture":"#snow"},"up":{"uv":[11.5,3,12.5,4],"rotation":90,"texture":"#snow"},"north":{"uv":[3,2.5,4,3.5],"texture":"#snow"},"south":{"uv":[12,2.5,13,3.5],"texture":"#snow"},"west":{"uv":[11.5,2.5,12.5,3.5],"texture":"#snow"},"east":{"uv":[3.5,2.5,4.5,3.5],"texture":"#snow"}}},{"from":[11.5,22.5,12.5],"to":[12.5,23.5,13.5],"faces":{"down":{"uv":[3.5,5,2.5,4],"rotation":270,"texture":"#snow"},"up":{"uv":[12.5,4,13.5,5],"rotation":90,"texture":"#snow"},"north":{"uv":[4,2.5,5,3.5],"texture":"#snow"},"south":{"uv":[11,2.5,12,3.5],"texture":"#snow"},"west":{"uv":[12.5,2.5,13.5,3.5],"texture":"#snow"},"east":{"uv":[2.5,2.5,3.5,3.5],"texture":"#snow"}}},{"from":[10.5,22.5,13.5],"to":[11.5,23.5,14.5],"faces":{"down":{"uv":[2.5,6,1.5,5],"rotation":270,"texture":"#snow"},"up":{"uv":[13.5,5,14.5,6],"rotation":90,"texture":"#snow"},"north":{"uv":[5,2.5,6,3.5],"texture":"#snow"},"south":{"uv":[10,2.5,11,3.5],"texture":"#snow"},"west":{"uv":[13.5,2.5,14.5,3.5],"texture":"#snow"},"east":{"uv":[1.5,2.5,2.5,3.5],"texture":"#snow"}}},{"from":[13.5,21.5,11.5],"to":[14.5,22.5,12.5],"faces":{"down":{"uv":[4.5,3,3.5,2],"rotation":270,"texture":"#snow"},"up":{"uv":[11.5,2,12.5,3],"rotation":90,"texture":"#snow"},"north":{"uv":[2,3.5,3,4.5],"texture":"#snow"},"south":{"uv":[13,3.5,14,4.5],"texture":"#snow"},"west":{"uv":[11.5,3.5,12.5,4.5],"texture":"#snow"},"east":{"uv":[3.5,3.5,4.5,4.5],"texture":"#snow"}}},{"from":[12.5,21.5,12.5],"to":[13.5,22.5,13.5],"faces":{"down":{"uv":[3.5,4,2.5,3],"rotation":270,"texture":"#snow"},"up":{"uv":[12.5,3,13.5,4],"rotation":90,"texture":"#snow"},"north":{"uv":[3,3.5,4,4.5],"texture":"#snow"},"south":{"uv":[12,3.5,13,4.5],"texture":"#snow"},"west":{"uv":[12.5,3.5,13.5,4.5],"texture":"#snow"},"east":{"uv":[2.5,3.5,3.5,4.5],"texture":"#snow"}}},{"from":[11.5,21.5,13.5],"to":[12.5,22.5,14.5],"faces":{"down":{"uv":[2.5,5,1.5,4],"rotation":270,"texture":"#snow"},"up":{"uv":[13.5,4,14.5,5],"rotation":90,"texture":"#snow"},"north":{"uv":[4,3.5,5,4.5],"texture":"#snow"},"south":{"uv":[11,3.5,12,4.5],"texture":"#snow"},"west":{"uv":[13.5,3.5,14.5,4.5],"texture":"#snow"},"east":{"uv":[1.5,3.5,2.5,4.5],"texture":"#snow"}}},{"from":[5.5,23.5,13.5],"to":[10.5,24.5,14.5],"faces":{"down":{"uv":[10.5,3,5.5,2],"rotation":180,"texture":"#snow"},"up":{"uv":[5.5,2,10.5,3],"rotation":180,"texture":"#snow"},"north":{"uv":[5.5,1.5,10.5,2.5],"texture":"#snow"},"south":{"uv":[5.5,1.5,10.5,2.5],"texture":"#snow"},"west":{"uv":[13,1.5,14,2.5],"texture":"#snow"},"east":{"uv":[2,1.5,3,2.5],"texture":"#snow"}}},{"from":[5.5,24.5,12.5],"to":[10.5,25.5,13.5],"faces":{"down":{"uv":[10.5,4,5.5,3],"rotation":180,"texture":"#snow"},"up":{"uv":[5.5,3,10.5,4],"rotation":180,"texture":"#snow"},"north":{"uv":[5.5,0.5,10.5,1.5],"texture":"#snow"},"south":{"uv":[5.5,0.5,10.5,1.5],"texture":"#snow"},"west":{"uv":[12,0.5,13,1.5],"texture":"#snow"},"east":{"uv":[3,0.5,4,1.5],"texture":"#snow"}}},{"from":[4.5,24.5,11.5],"to":[5.5,25.5,12.5],"faces":{"down":{"uv":[5.5,5,4.5,4],"rotation":180,"texture":"#snow"},"up":{"uv":[10.5,4,11.5,5],"rotation":180,"texture":"#snow"},"north":{"uv":[10.5,0.5,11.5,1.5],"texture":"#snow"},"south":{"uv":[4.5,0.5,5.5,1.5],"texture":"#snow"},"west":{"uv":[11,0.5,12,1.5],"texture":"#snow"},"east":{"uv":[4,0.5,5,1.5],"texture":"#snow"}}},{"from":[3.5,24.5,10.5],"to":[4.5,25.5,11.5],"faces":{"down":{"uv":[4.5,6,3.5,5],"rotation":180,"texture":"#snow"},"up":{"uv":[11.5,5,12.5,6],"rotation":180,"texture":"#snow"},"north":{"uv":[11.5,0.5,12.5,1.5],"texture":"#snow"},"south":{"uv":[3.5,0.5,4.5,1.5],"texture":"#snow"},"west":{"uv":[10,0.5,11,1.5],"texture":"#snow"},"east":{"uv":[5,0.5,6,1.5],"texture":"#snow"}}},{"from":[4.5,23.5,12.5],"to":[5.5,24.5,13.5],"faces":{"down":{"uv":[5.5,4,4.5,3],"rotation":180,"texture":"#snow"},"up":{"uv":[10.5,3,11.5,4],"rotation":180,"texture":"#snow"},"north":{"uv":[10.5,1.5,11.5,2.5],"texture":"#snow"},"south":{"uv":[4.5,1.5,5.5,2.5],"texture":"#snow"},"west":{"uv":[12,1.5,13,2.5],"texture":"#snow"},"east":{"uv":[3,1.5,4,2.5],"texture":"#snow"}}},{"from":[3.5,23.5,11.5],"to":[4.5,24.5,12.5],"faces":{"down":{"uv":[4.5,5,3.5,4],"rotation":180,"texture":"#snow"},"up":{"uv":[11.5,4,12.5,5],"rotation":180,"texture":"#snow"},"north":{"uv":[11.5,1.5,12.5,2.5],"texture":"#snow"},"south":{"uv":[3.5,1.5,4.5,2.5],"texture":"#snow"},"west":{"uv":[11,1.5,12,2.5],"texture":"#snow"},"east":{"uv":[4,1.5,5,2.5],"texture":"#snow"}}},{"from":[2.5,23.5,10.5],"to":[3.5,24.5,11.5],"faces":{"down":{"uv":[3.5,6,2.5,5],"rotation":180,"texture":"#snow"},"up":{"uv":[12.5,5,13.5,6],"rotation":180,"texture":"#snow"},"north":{"uv":[12.5,1.5,13.5,2.5],"texture":"#snow"},"south":{"uv":[2.5,1.5,3.5,2.5],"texture":"#snow"},"west":{"uv":[10,1.5,11,2.5],"texture":"#snow"},"east":{"uv":[5,1.5,6,2.5],"texture":"#snow"}}},{"from":[4.5,22.5,13.5],"to":[5.5,23.5,14.5],"faces":{"down":{"uv":[5.5,3,4.5,2],"rotation":180,"texture":"#snow"},"up":{"uv":[10.5,2,11.5,3],"rotation":180,"texture":"#snow"},"north":{"uv":[10.5,2.5,11.5,3.5],"texture":"#snow"},"south":{"uv":[4.5,2.5,5.5,3.5],"texture":"#snow"},"west":{"uv":[13,2.5,14,3.5],"texture":"#snow"},"east":{"uv":[2,2.5,3,3.5],"texture":"#snow"}}},{"from":[3.5,22.5,12.5],"to":[4.5,23.5,13.5],"faces":{"down":{"uv":[4.5,4,3.5,3],"rotation":180,"texture":"#snow"},"up":{"uv":[11.5,3,12.5,4],"rotation":180,"texture":"#snow"},"north":{"uv":[11.5,2.5,12.5,3.5],"texture":"#snow"},"south":{"uv":[3.5,2.5,4.5,3.5],"texture":"#snow"},"west":{"uv":[12,2.5,13,3.5],"texture":"#snow"},"east":{"uv":[3,2.5,4,3.5],"texture":"#snow"}}},{"from":[2.5,22.5,11.5],"to":[3.5,23.5,12.5],"faces":{"down":{"uv":[3.5,5,2.5,4],"rotation":180,"texture":"#snow"},"up":{"uv":[12.5,4,13.5,5],"rotation":180,"texture":"#snow"},"north":{"uv":[12.5,2.5,13.5,3.5],"texture":"#snow"},"south":{"uv":[2.5,2.5,3.5,3.5],"texture":"#snow"},"west":{"uv":[11,2.5,12,3.5],"texture":"#snow"},"east":{"uv":[4,2.5,5,3.5],"texture":"#snow"}}},{"from":[1.5,22.5,10.5],"to":[2.5,23.5,11.5],"faces":{"down":{"uv":[2.5,6,1.5,5],"rotation":180,"texture":"#snow"},"up":{"uv":[13.5,5,14.5,6],"rotation":180,"texture":"#snow"},"north":{"uv":[13.5,2.5,14.5,3.5],"texture":"#snow"},"south":{"uv":[1.5,2.5,2.5,3.5],"texture":"#snow"},"west":{"uv":[10,2.5,11,3.5],"texture":"#snow"},"east":{"uv":[5,2.5,6,3.5],"texture":"#snow"}}},{"from":[3.5,21.5,13.5],"to":[4.5,22.5,14.5],"faces":{"down":{"uv":[4.5,3,3.5,2],"rotation":180,"texture":"#snow"},"up":{"uv":[11.5,2,12.5,3],"rotation":180,"texture":"#snow"},"north":{"uv":[11.5,3.5,12.5,4.5],"texture":"#snow"},"south":{"uv":[3.5,3.5,4.5,4.5],"texture":"#snow"},"west":{"uv":[13,3.5,14,4.5],"texture":"#snow"},"east":{"uv":[2,3.5,3,4.5],"texture":"#snow"}}},{"from":[2.5,21.5,12.5],"to":[3.5,22.5,13.5],"faces":{"down":{"uv":[3.5,4,2.5,3],"rotation":180,"texture":"#snow"},"up":{"uv":[12.5,3,13.5,4],"rotation":180,"texture":"#snow"},"north":{"uv":[12.5,3.5,13.5,4.5],"texture":"#snow"},"south":{"uv":[2.5,3.5,3.5,4.5],"texture":"#snow"},"west":{"uv":[12,3.5,13,4.5],"texture":"#snow"},"east":{"uv":[3,3.5,4,4.5],"texture":"#snow"}}},{"from":[1.5,21.5,11.5],"to":[2.5,22.5,12.5],"faces":{"down":{"uv":[2.5,5,1.5,4],"rotation":180,"texture":"#snow"},"up":{"uv":[13.5,4,14.5,5],"rotation":180,"texture":"#snow"},"north":{"uv":[13.5,3.5,14.5,4.5],"texture":"#snow"},"south":{"uv":[1.5,3.5,2.5,4.5],"texture":"#snow"},"west":{"uv":[11,3.5,12,4.5],"texture":"#snow"},"east":{"uv":[4,3.5,5,4.5],"texture":"#snow"}}},{"from":[1.5,23.5,5.5],"to":[2.5,24.5,10.5],"faces":{"down":{"uv":[10.5,3,5.5,2],"rotation":90,"texture":"#snow"},"up":{"uv":[5.5,2,10.5,3],"rotation":270,"texture":"#snow"},"north":{"uv":[13,1.5,14,2.5],"texture":"#snow"},"south":{"uv":[2,1.5,3,2.5],"texture":"#snow"},"west":{"uv":[5.5,1.5,10.5,2.5],"texture":"#snow"},"east":{"uv":[5.5,1.5,10.5,2.5],"texture":"#snow"}}},{"from":[2.5,24.5,5.5],"to":[3.5,25.5,10.5],"faces":{"down":{"uv":[10.5,4,5.5,3],"rotation":90,"texture":"#snow"},"up":{"uv":[5.5,3,10.5,4],"rotation":270,"texture":"#snow"},"north":{"uv":[12,0.5,13,1.5],"texture":"#snow"},"south":{"uv":[3,0.5,4,1.5],"texture":"#snow"},"west":{"uv":[5.5,0.5,10.5,1.5],"texture":"#snow"},"east":{"uv":[5.5,0.5,10.5,1.5],"texture":"#snow"}}},{"from":[3.5,24.5,4.5],"to":[4.5,25.5,5.5],"faces":{"down":{"uv":[5.5,5,4.5,4],"rotation":90,"texture":"#snow"},"up":{"uv":[10.5,4,11.5,5],"rotation":270,"texture":"#snow"},"north":{"uv":[11,0.5,12,1.5],"texture":"#snow"},"south":{"uv":[4,0.5,5,1.5],"texture":"#snow"},"west":{"uv":[4.5,0.5,5.5,1.5],"texture":"#snow"},"east":{"uv":[10.5,0.5,11.5,1.5],"texture":"#snow"}}},{"from":[4.5,24.5,3.5],"to":[5.5,25.5,4.5],"faces":{"down":{"uv":[4.5,6,3.5,5],"rotation":90,"texture":"#snow"},"up":{"uv":[11.5,5,12.5,6],"rotation":270,"texture":"#snow"},"north":{"uv":[10,0.5,11,1.5],"texture":"#snow"},"south":{"uv":[5,0.5,6,1.5],"texture":"#snow"},"west":{"uv":[3.5,0.5,4.5,1.5],"texture":"#snow"},"east":{"uv":[11.5,0.5,12.5,1.5],"texture":"#snow"}}},{"from":[2.5,23.5,4.5],"to":[3.5,24.5,5.5],"faces":{"down":{"uv":[5.5,4,4.5,3],"rotation":90,"texture":"#snow"},"up":{"uv":[10.5,3,11.5,4],"rotation":270,"texture":"#snow"},"north":{"uv":[12,1.5,13,2.5],"texture":"#snow"},"south":{"uv":[3,1.5,4,2.5],"texture":"#snow"},"west":{"uv":[4.5,1.5,5.5,2.5],"texture":"#snow"},"east":{"uv":[10.5,1.5,11.5,2.5],"texture":"#snow"}}},{"from":[3.5,23.5,3.5],"to":[4.5,24.5,4.5],"faces":{"down":{"uv":[4.5,5,3.5,4],"rotation":90,"texture":"#snow"},"up":{"uv":[11.5,4,12.5,5],"rotation":270,"texture":"#snow"},"north":{"uv":[11,1.5,12,2.5],"texture":"#snow"},"south":{"uv":[4,1.5,5,2.5],"texture":"#snow"},"west":{"uv":[3.5,1.5,4.5,2.5],"texture":"#snow"},"east":{"uv":[11.5,1.5,12.5,2.5],"texture":"#snow"}}},{"from":[4.5,23.5,2.5],"to":[5.5,24.5,3.5],"faces":{"down":{"uv":[3.5,6,2.5,5],"rotation":90,"texture":"#snow"},"up":{"uv":[12.5,5,13.5,6],"rotation":270,"texture":"#snow"},"north":{"uv":[10,1.5,11,2.5],"texture":"#snow"},"south":{"uv":[5,1.5,6,2.5],"texture":"#snow"},"west":{"uv":[2.5,1.5,3.5,2.5],"texture":"#snow"},"east":{"uv":[12.5,1.5,13.5,2.5],"texture":"#snow"}}},{"from":[1.5,22.5,4.5],"to":[2.5,23.5,5.5],"faces":{"down":{"uv":[5.5,3,4.5,2],"rotation":90,"texture":"#snow"},"up":{"uv":[10.5,2,11.5,3],"rotation":270,"texture":"#snow"},"north":{"uv":[13,2.5,14,3.5],"texture":"#snow"},"south":{"uv":[2,2.5,3,3.5],"texture":"#snow"},"west":{"uv":[4.5,2.5,5.5,3.5],"texture":"#snow"},"east":{"uv":[10.5,2.5,11.5,3.5],"texture":"#snow"}}},{"from":[2.5,22.5,3.5],"to":[3.5,23.5,4.5],"faces":{"down":{"uv":[4.5,4,3.5,3],"rotation":90,"texture":"#snow"},"up":{"uv":[11.5,3,12.5,4],"rotation":270,"texture":"#snow"},"north":{"uv":[12,2.5,13,3.5],"texture":"#snow"},"south":{"uv":[3,2.5,4,3.5],"texture":"#snow"},"west":{"uv":[3.5,2.5,4.5,3.5],"texture":"#snow"},"east":{"uv":[11.5,2.5,12.5,3.5],"texture":"#snow"}}},{"from":[3.5,22.5,2.5],"to":[4.5,23.5,3.5],"faces":{"down":{"uv":[3.5,5,2.5,4],"rotation":90,"texture":"#snow"},"up":{"uv":[12.5,4,13.5,5],"rotation":270,"texture":"#snow"},"north":{"uv":[11,2.5,12,3.5],"texture":"#snow"},"south":{"uv":[4,2.5,5,3.5],"texture":"#snow"},"west":{"uv":[2.5,2.5,3.5,3.5],"texture":"#snow"},"east":{"uv":[12.5,2.5,13.5,3.5],"texture":"#snow"}}},{"from":[4.5,22.5,1.5],"to":[5.5,23.5,2.5],"faces":{"down":{"uv":[2.5,6,1.5,5],"rotation":90,"texture":"#snow"},"up":{"uv":[13.5,5,14.5,6],"rotation":270,"texture":"#snow"},"north":{"uv":[10,2.5,11,3.5],"texture":"#snow"},"south":{"uv":[5,2.5,6,3.5],"texture":"#snow"},"west":{"uv":[1.5,2.5,2.5,3.5],"texture":"#snow"},"east":{"uv":[13.5,2.5,14.5,3.5],"texture":"#snow"}}},{"from":[1.5,21.5,3.5],"to":[2.5,22.5,4.5],"faces":{"down":{"uv":[4.5,3,3.5,2],"rotation":90,"texture":"#snow"},"up":{"uv":[11.5,2,12.5,3],"rotation":270,"texture":"#snow"},"north":{"uv":[13,3.5,14,4.5],"texture":"#snow"},"south":{"uv":[2,3.5,3,4.5],"texture":"#snow"},"west":{"uv":[3.5,3.5,4.5,4.5],"texture":"#snow"},"east":{"uv":[11.5,3.5,12.5,4.5],"texture":"#snow"}}},{"from":[2.5,21.5,2.5],"to":[3.5,22.5,3.5],"faces":{"down":{"uv":[3.5,4,2.5,3],"rotation":90,"texture":"#snow"},"up":{"uv":[12.5,3,13.5,4],"rotation":270,"texture":"#snow"},"north":{"uv":[12,3.5,13,4.5],"texture":"#snow"},"south":{"uv":[3,3.5,4,4.5],"texture":"#snow"},"west":{"uv":[2.5,3.5,3.5,4.5],"texture":"#snow"},"east":{"uv":[12.5,3.5,13.5,4.5],"texture":"#snow"}}},{"from":[3.5,21.5,1.5],"to":[4.5,22.5,2.5],"faces":{"down":{"uv":[2.5,5,1.5,4],"rotation":90,"texture":"#snow"},"up":{"uv":[13.5,4,14.5,5],"rotation":270,"texture":"#snow"},"north":{"uv":[11,3.5,12,4.5],"texture":"#snow"},"south":{"uv":[4,3.5,5,4.5],"texture":"#snow"},"west":{"uv":[1.5,3.5,2.5,4.5],"texture":"#snow"},"east":{"uv":[13.5,3.5,14.5,4.5],"texture":"#snow"}}},{"from":[5.5,25.5,3.5],"to":[10.5,26.5,12.5],"faces":{"down":{"uv":[10.5,12.5,5.5,3.5],"texture":"#snow"},"up":{"uv":[5.5,3.5,10.5,12.5],"texture":"#snow"},"north":{"uv":[5.5,0,10.5,0],"texture":"#snow"},"south":{"uv":[5.5,0,10.5,0],"texture":"#snow"},"west":{"uv":[3.5,0,12.5,0],"texture":"#snow"},"east":{"uv":[3.5,0,12.5,0],"texture":"#snow"}}},{"from":[4.5,25.5,4.5],"to":[5.5,26.5,11.5],"faces":{"down":{"uv":[11.5,11.5,10.5,4.5],"texture":"#snow"},"up":{"uv":[4.5,4.5,5.5,11.5],"texture":"#snow"},"north":{"uv":[10.5,0,11.5,0],"texture":"#snow"},"south":{"uv":[4.5,0,5.5,0],"texture":"#snow"},"west":{"uv":[4.5,0,11.5,0],"texture":"#snow"},"east":{"uv":[4.5,0,11.5,0],"texture":"#snow"}}},{"from":[3.5,25.5,5.5],"to":[4.5,26.5,10.5],"faces":{"down":{"uv":[12.5,10.5,11.5,5.5],"texture":"#snow"},"up":{"uv":[3.5,5.5,4.5,10.5],"texture":"#snow"},"north":{"uv":[11.5,0,12.5,0],"texture":"#snow"},"south":{"uv":[3.5,0,4.5,0],"texture":"#snow"},"west":{"uv":[5.5,0,10.5,0],"texture":"#snow"},"east":{"uv":[5.5,0,10.5,0],"texture":"#snow"}}},{"from":[10.5,25.5,4.5],"to":[11.5,26.5,11.5],"faces":{"down":{"uv":[5.5,11.5,4.5,4.5],"texture":"#snow"},"up":{"uv":[10.5,4.5,11.5,11.5],"texture":"#snow"},"north":{"uv":[4.5,0,5.5,0],"texture":"#snow"},"south":{"uv":[10.5,0,11.5,0],"texture":"#snow"},"west":{"uv":[4.5,0,11.5,0],"texture":"#snow"},"east":{"uv":[4.5,0,11.5,0],"texture":"#snow"}}},{"from":[11.5,25.5,5.5],"to":[12.5,26.5,10.5],"faces":{"down":{"uv":[4.5,10.5,3.5,5.5],"texture":"#snow"},"up":{"uv":[11.5,5.5,12.5,10.5],"texture":"#snow"},"north":{"uv":[3.5,0,4.5,0],"texture":"#snow"},"south":{"uv":[11.5,0,12.5,0],"texture":"#snow"},"west":{"uv":[5.5,0,10.5,0],"texture":"#snow"},"east":{"uv":[5.5,0,10.5,0],"texture":"#snow"}}},{"from":[5.5,26.5,5.5],"to":[10.5,27.5,10.5],"faces":{"down":{"uv":[10.5,10.5,5.5,5.5],"texture":"#snow"},"up":{"uv":[5.5,5.5,10.5,10.5],"texture":"#snow"},"north":{"uv":[5.5,0,10.5,0],"texture":"#snow"},"south":{"uv":[5.5,0,10.5,0],"texture":"#snow"},"west":{"uv":[5.5,0,10.5,0],"texture":"#snow"},"east":{"uv":[5.5,0,10.5,0],"texture":"#snow"}}},{"from":[4.5,7.5,5.5],"to":[11.5,8.5,10.5],"faces":{"down":{"uv":[11.5,10.5,4.5,5.5],"texture":"#snow"},"up":{"uv":[4.5,5.5,11.5,10.5],"texture":"#snow"},"north":{"uv":[4.5,7.5,11.5,8.5],"texture":"#snow"},"south":{"uv":[4.5,7.5,11.5,8.5],"texture":"#snow"},"west":{"uv":[5.5,7.5,10.5,8.5],"texture":"#snow"},"east":{"uv":[5.5,7.5,10.5,8.5],"texture":"#snow"}}},{"from":[5.5,7.5,4.5],"to":[10.5,8.5,5.5],"faces":{"down":{"uv":[10.5,5.5,5.5,4.5],"texture":"#snow"},"up":{"uv":[5.5,4.5,10.5,5.5],"texture":"#snow"},"north":{"uv":[5.5,7.5,10.5,8.5],"texture":"#snow"},"south":{"uv":[5.5,7.5,10.5,8.5],"texture":"#snow"},"west":{"uv":[4.5,7.5,5.5,8.5],"texture":"#snow"},"east":{"uv":[10.5,7.5,11.5,8.5],"texture":"#snow"}}},{"from":[5.5,7.5,10.5],"to":[10.5,8.5,11.5],"faces":{"down":{"uv":[10.5,11.5,5.5,10.5],"texture":"#snow"},"up":{"uv":[5.5,10.5,10.5,11.5],"texture":"#snow"},"north":{"uv":[5.5,7.5,10.5,8.5],"texture":"#snow"},"south":{"uv":[5.5,7.5,10.5,8.5],"texture":"#snow"},"west":{"uv":[10.5,7.5,11.5,8.5],"texture":"#snow"},"east":{"uv":[4.5,7.5,5.5,8.5],"texture":"#snow"}}},{"from":[6.5,6.5,6.5],"to":[9.5,7.5,9.5],"faces":{"down":{"uv":[9.5,9.5,6.5,6.5],"texture":"#snow"},"up":{"uv":[6.5,6.5,9.5,9.5],"texture":"#snow"},"north":{"uv":[6.5,8.5,9.5,9.5],"texture":"#snow"},"south":{"uv":[6.5,8.5,9.5,9.5],"texture":"#snow"},"west":{"uv":[6.5,8.5,9.5,9.5],"texture":"#snow"},"east":{"uv":[6.5,8.5,9.5,9.5],"texture":"#snow"}}},{"from":[7.6875,-11.5,7.75],"to":[8.1875,6.5,8.25],"faces":{"down":{"uv":[8.3125,8.25,7.8125,7.75],"texture":"#sword_black"},"up":{"uv":[7.6875,7.75,8.1875,8.25],"texture":"#sword_black"},"north":{"uv":[7.8125,9.5,8.3125,16],"texture":"#sword_black"},"south":{"uv":[7.6875,9.5,8.1875,16],"texture":"#sword_black"},"west":{"uv":[7.75,9.5,8.25,16],"texture":"#sword_black"},"east":{"uv":[7.75,9.5,8.25,16],"texture":"#sword_black"}}}],"display":{"thirdperson_righthand":{"rotation":[63,0,0],"translation":[0,10.2,24],"scale":[1.5,1.5,1.5]},"firstperson_righthand":{"rotation":[0,0,0],"translation":[0,10.39,1.51],"scale":[1,1,1]},"gui":{"rotation":[0,-31,-45],"translation":[-1,-1,0],"scale":[0.42,0.42,0.42]}}}