{"textures":{"texture":"minemakers/iron","landscape":"minemakers/landscape2","hardened_clay_stained_blue":"blocks/hardened_clay_stained_blue","snow":"blocks/snow","sky":"minemakers/sky","santa":"minemakers/santa","penguin":"minemakers/penguin","star":"minemakers/star","leaves":"minemakers/leaves","wood3":"minemakers/wood3","iron_block":"blocks/iron_block","sword_black":"minemakers/sword_black"},"elements":[{"from":[1,-6,8],"to":[15,-5.5,9],"faces":{"down":{"uv":[15,9,1,8],"texture":"#texture"},"up":{"uv":[1,8,15,9],"texture":"#texture"},"north":{"uv":[1,16,15,16],"texture":"#texture"},"south":{"uv":[1,16,15,16],"texture":"#texture"},"west":{"uv":[8,16,9,16],"texture":"#texture"},"east":{"uv":[7,16,8,16],"texture":"#texture"}}},{"from":[7.5,-6,8.5],"to":[8.5,-5.5,15],"faces":{"down":{"uv":[8.5,15,7.5,8.5],"texture":"#texture"},"up":{"uv":[7.5,8.5,8.5,15],"texture":"#texture"},"north":{"uv":[7.5,16,8.5,16],"texture":"#texture"},"south":{"uv":[7.5,16,8.5,16],"texture":"#texture"},"west":{"uv":[8.5,16,15,16],"texture":"#texture"},"east":{"uv":[1,16,7.5,16],"texture":"#texture"}}},{"from":[6.5,-5.5,7],"to":[9.5,-4.5,10],"faces":{"down":{"uv":[9.5,10,6.5,7],"texture":"#texture"},"up":{"uv":[6.5,7,9.5,10],"texture":"#texture"},"north":{"uv":[6.5,16,9.5,16],"texture":"#texture"},"south":{"uv":[6.5,16,9.5,16],"texture":"#texture"},"west":{"uv":[7,16,10,16],"texture":"#texture"},"east":{"uv":[6,16,9,16],"texture":"#texture"}}},{"from":[7.5,-6,5.5],"to":[8.5,-5.5,7.5],"faces":{"down":{"uv":[8.5,7.5,7.5,5.5],"texture":"#iron_block"},"up":{"uv":[7.5,5.5,8.5,7.5],"texture":"#iron_block"},"north":{"uv":[7.5,16,8.5,16],"texture":"#iron_block"},"south":{"uv":[7.5,16,8.5,16],"texture":"#iron_block"},"west":{"uv":[5.5,16,7.5,16],"texture":"#iron_block"},"east":{"uv":[8.5,16,10.5,16],"texture":"#iron_block"}}},{"from":[7.75,-6,4.6875],"to":[8.25,-5,5.6875],"faces":{"down":{"uv":[8.25,5.6875,7.75,4.6875],"texture":"#iron_block"},"up":{"uv":[7.75,4.6875,8.25,5.6875],"texture":"#iron_block"},"north":{"uv":[7.75,16,8.25,16],"texture":"#iron_block"},"south":{"uv":[7.75,16,8.25,16],"texture":"#iron_block"},"west":{"uv":[4.6875,16,5.6875,16],"texture":"#iron_block"},"east":{"uv":[10.3125,16,11.3125,16],"texture":"#iron_block"}}},{"from":[7.5,-5.8125,3.625],"to":[8.5,-5.3125,5.125],"faces":{"down":{"uv":[8.5,5.125,7.5,3.625],"texture":"#iron_block"},"up":{"uv":[7.5,3.625,8.5,5.125],"texture":"#iron_block"},"north":{"uv":[7.5,16,8.5,16],"texture":"#iron_block"},"south":{"uv":[7.5,16,8.5,16],"texture":"#iron_block"},"west":{"uv":[3.625,16,5.125,16],"texture":"#iron_block"},"east":{"uv":[10.875,16,12.375,16],"texture":"#iron_block"}}},{"from":[7.75,-6,3],"to":[8.25,-5,4],"faces":{"down":{"uv":[8.25,4,7.75,3],"texture":"#iron_block"},"up":{"uv":[7.75,3,8.25,4],"texture":"#iron_block"},"north":{"uv":[7.75,16,8.25,16],"texture":"#iron_block"},"south":{"uv":[7.75,16,8.25,16],"texture":"#iron_block"},"west":{"uv":[3,16,4,16],"texture":"#iron_block"},"east":{"uv":[12,16,13,16],"texture":"#iron_block"}}},{"from":[7.5,-5.75,1.6875],"to":[8.5,-5.25,3.1875],"faces":{"down":{"uv":[8.5,3.1875,7.5,1.6875],"texture":"#iron_block"},"up":{"uv":[7.5,1.6875,8.5,3.1875],"texture":"#iron_block"},"north":{"uv":[7.5,16,8.5,16],"texture":"#iron_block"},"south":{"uv":[7.5,16,8.5,16],"texture":"#iron_block"},"west":{"uv":[1.6875,16,3.1875,16],"texture":"#iron_block"},"east":{"uv":[12.8125,16,14.3125,16],"texture":"#iron_block"}}},{"from":[7.75,-6,1],"to":[8.25,-5,2],"faces":{"down":{"uv":[8.25,2,7.75,1],"texture":"#iron_block"},"up":{"uv":[7.75,1,8.25,2],"texture":"#iron_block"},"north":{"uv":[7.75,16,8.25,16],"texture":"#iron_block"},"south":{"uv":[7.75,16,8.25,16],"texture":"#iron_block"},"west":{"uv":[1,16,2,16],"texture":"#iron_block"},"east":{"uv":[14,16,15,16],"texture":"#iron_block"}}},{"from":[7.5,-6.25,0.125],"to":[8.5,-5.75,1.125],"rotation":{"origin":[7.5,-5.75,0.125],"axis":"x","angle":-45},"faces":{"down":{"uv":[8.5,1,7.5,0],"texture":"#iron_block"},"up":{"uv":[7.5,0,8.5,1],"texture":"#iron_block"},"north":{"uv":[7.5,15,8.5,15.5],"texture":"#iron_block"},"south":{"uv":[7.5,15,8.5,15.5],"texture":"#iron_block"},"west":{"uv":[0,15,1,15.5],"texture":"#iron_block"},"east":{"uv":[15,15,16,15.5],"texture":"#iron_block"}}},{"from":[1,-7,8],"to":[2,-4,9],"faces":{"down":{"uv":[1,16,2,16],"texture":"#texture"},"up":{"uv":[14,16,15,16],"rotation":180,"texture":"#texture"},"north":{"uv":[15,9.5,14,6.5],"rotation":180,"texture":"#texture"},"south":{"uv":[1,6.5,2,9.5],"texture":"#texture"},"west":{"uv":[6.5,16,9.5,16],"rotation":90,"texture":"#texture"},"east":{"uv":[6.5,16,9.5,16],"rotation":270,"texture":"#texture"}}},{"from":[6.5,0.5,7],"to":[9.5,1.5,8],"faces":{"down":{"uv":[6.5,16,9.5,16],"texture":"#texture"},"up":{"uv":[6.5,16,9.5,16],"rotation":180,"texture":"#texture"},"north":{"uv":[9.5,2,6.5,1],"rotation":180,"texture":"#texture"},"south":{"uv":[6.5,1,9.5,2],"texture":"#texture"},"west":{"uv":[1,16,2,16],"rotation":90,"texture":"#texture"},"east":{"uv":[14,16,15,16],"rotation":270,"texture":"#texture"}}},{"from":[2,-4.5,7],"to":[3,-2.5,8],"faces":{"down":{"uv":[2,16,3,16],"texture":"#texture"},"up":{"uv":[13,16,14,16],"rotation":180,"texture":"#texture"},"north":{"uv":[14,7,13,5],"rotation":180,"texture":"#texture"},"south":{"uv":[2,5,3,7],"texture":"#texture"},"west":{"uv":[5,16,7,16],"rotation":90,"texture":"#texture"},"east":{"uv":[9,16,11,16],"rotation":270,"texture":"#texture"}}},{"from":[5,-0.5,7],"to":[7,0.5,8],"faces":{"down":{"uv":[5,16,7,16],"texture":"#texture"},"up":{"uv":[9,16,11,16],"rotation":180,"texture":"#texture"},"north":{"uv":[11,3,9,2],"rotation":180,"texture":"#texture"},"south":{"uv":[5,2,7,3],"texture":"#texture"},"west":{"uv":[2,16,3,16],"rotation":90,"texture":"#texture"},"east":{"uv":[13,16,14,16],"rotation":270,"texture":"#texture"}}},{"from":[3,-3,7],"to":[4,-1.5,8],"faces":{"down":{"uv":[3,16,4,16],"texture":"#texture"},"up":{"uv":[12,16,13,16],"rotation":180,"texture":"#texture"},"north":{"uv":[13,5.5,12,4],"rotation":180,"texture":"#texture"},"south":{"uv":[3,4,4,5.5],"texture":"#texture"},"west":{"uv":[4,16,5.5,16],"rotation":90,"texture":"#texture"},"east":{"uv":[10.5,16,12,16],"rotation":270,"texture":"#texture"}}},{"from":[4,-1.5,7],"to":[5.5,-0.5,8],"faces":{"down":{"uv":[4,16,5.5,16],"texture":"#texture"},"up":{"uv":[10.5,16,12,16],"rotation":180,"texture":"#texture"},"north":{"uv":[12,4,10.5,3],"rotation":180,"texture":"#texture"},"south":{"uv":[4,3,5.5,4],"texture":"#texture"},"west":{"uv":[3,16,4,16],"rotation":90,"texture":"#texture"},"east":{"uv":[12,16,13,16],"rotation":270,"texture":"#texture"}}},{"from":[9,-0.5,7],"to":[11,0.5,8],"faces":{"down":{"uv":[9,16,11,16],"texture":"#texture"},"up":{"uv":[5,16,7,16],"rotation":180,"texture":"#texture"},"north":{"uv":[7,3,5,2],"rotation":180,"texture":"#texture"},"south":{"uv":[9,2,11,3],"texture":"#texture"},"west":{"uv":[2,16,3,16],"rotation":90,"texture":"#texture"},"east":{"uv":[13,16,14,16],"rotation":270,"texture":"#texture"}}},{"from":[10.5,-1.5,7],"to":[12,-0.5,8],"faces":{"down":{"uv":[10.5,16,12,16],"texture":"#texture"},"up":{"uv":[4,16,5.5,16],"rotation":180,"texture":"#texture"},"north":{"uv":[5.5,4,4,3],"rotation":180,"texture":"#texture"},"south":{"uv":[10.5,3,12,4],"texture":"#texture"},"west":{"uv":[3,16,4,16],"rotation":90,"texture":"#texture"},"east":{"uv":[12,16,13,16],"rotation":270,"texture":"#texture"}}},{"from":[12,-3,7],"to":[13,-1.5,8],"faces":{"down":{"uv":[12,16,13,16],"texture":"#texture"},"up":{"uv":[3,16,4,16],"rotation":180,"texture":"#texture"},"north":{"uv":[4,5.5,3,4],"rotation":180,"texture":"#texture"},"south":{"uv":[12,4,13,5.5],"texture":"#texture"},"west":{"uv":[4,16,5.5,16],"rotation":90,"texture":"#texture"},"east":{"uv":[10.5,16,12,16],"rotation":270,"texture":"#texture"}}},{"from":[13,-4.5,7],"to":[14,-2.5,8],"faces":{"down":{"uv":[13,16,14,16],"texture":"#texture"},"up":{"uv":[2,16,3,16],"rotation":180,"texture":"#texture"},"north":{"uv":[3,7,2,5],"rotation":180,"texture":"#texture"},"south":{"uv":[13,5,14,7],"texture":"#texture"},"west":{"uv":[5,16,7,16],"rotation":90,"texture":"#texture"},"east":{"uv":[9,16,11,16],"rotation":270,"texture":"#texture"}}},{"from":[14,-7,8],"to":[15,-4,9],"faces":{"down":{"uv":[14,16,15,16],"texture":"#texture"},"up":{"uv":[1,16,2,16],"rotation":180,"texture":"#texture"},"north":{"uv":[2,9.5,1,6.5],"rotation":180,"texture":"#texture"},"south":{"uv":[14,6.5,15,9.5],"texture":"#texture"},"west":{"uv":[6.5,16,9.5,16],"rotation":90,"texture":"#texture"},"east":{"uv":[6.5,16,9.5,16],"rotation":270,"texture":"#texture"}}},{"from":[2,-4.5,9],"to":[3,-2.5,10],"faces":{"down":{"uv":[13,16,14,16],"rotation":180,"texture":"#texture"},"up":{"uv":[2,16,3,16],"texture":"#texture"},"north":{"uv":[2,9,3,11],"rotation":180,"texture":"#texture"},"south":{"uv":[14,11,13,9],"texture":"#texture"},"west":{"uv":[9,16,11,16],"rotation":270,"texture":"#texture"},"east":{"uv":[5,16,7,16],"rotation":90,"texture":"#texture"}}},{"from":[3,-3,9],"to":[4,-1.5,10],"faces":{"down":{"uv":[12,16,13,16],"rotation":180,"texture":"#texture"},"up":{"uv":[3,16,4,16],"texture":"#texture"},"north":{"uv":[3,10.5,4,12],"rotation":180,"texture":"#texture"},"south":{"uv":[13,12,12,10.5],"texture":"#texture"},"west":{"uv":[10.5,16,12,16],"rotation":270,"texture":"#texture"},"east":{"uv":[4,16,5.5,16],"rotation":90,"texture":"#texture"}}},{"from":[4,-1.5,9],"to":[5.5,-0.5,10],"faces":{"down":{"uv":[10.5,16,12,16],"rotation":180,"texture":"#texture"},"up":{"uv":[4,16,5.5,16],"texture":"#texture"},"north":{"uv":[4,12,5.5,13],"rotation":180,"texture":"#texture"},"south":{"uv":[12,13,10.5,12],"texture":"#texture"},"west":{"uv":[12,16,13,16],"rotation":270,"texture":"#texture"},"east":{"uv":[3,16,4,16],"rotation":90,"texture":"#texture"}}},{"from":[5,-0.5,9],"to":[7,0.5,10],"faces":{"down":{"uv":[9,16,11,16],"rotation":180,"texture":"#texture"},"up":{"uv":[5,16,7,16],"texture":"#texture"},"north":{"uv":[5,13,7,14],"rotation":180,"texture":"#texture"},"south":{"uv":[11,14,9,13],"texture":"#texture"},"west":{"uv":[13,16,14,16],"rotation":270,"texture":"#texture"},"east":{"uv":[2,16,3,16],"rotation":90,"texture":"#texture"}}},{"from":[6.5,0.5,9],"to":[9.5,1.5,10],"faces":{"down":{"uv":[6.5,16,9.5,16],"rotation":180,"texture":"#texture"},"up":{"uv":[6.5,16,9.5,16],"texture":"#texture"},"north":{"uv":[6.5,14,9.5,15],"rotation":180,"texture":"#texture"},"south":{"uv":[9.5,15,6.5,14],"texture":"#texture"},"west":{"uv":[14,16,15,16],"rotation":270,"texture":"#texture"},"east":{"uv":[1,16,2,16],"rotation":90,"texture":"#texture"}}},{"from":[9,-0.5,9],"to":[11,0.5,10],"faces":{"down":{"uv":[5,16,7,16],"rotation":180,"texture":"#texture"},"up":{"uv":[9,16,11,16],"texture":"#texture"},"north":{"uv":[9,13,11,14],"rotation":180,"texture":"#texture"},"south":{"uv":[7,14,5,13],"texture":"#texture"},"west":{"uv":[13,16,14,16],"rotation":270,"texture":"#texture"},"east":{"uv":[2,16,3,16],"rotation":90,"texture":"#texture"}}},{"from":[10.5,-1.5,9],"to":[12,-0.5,10],"faces":{"down":{"uv":[4,16,5.5,16],"rotation":180,"texture":"#texture"},"up":{"uv":[10.5,16,12,16],"texture":"#texture"},"north":{"uv":[10.5,12,12,13],"rotation":180,"texture":"#texture"},"south":{"uv":[5.5,13,4,12],"texture":"#texture"},"west":{"uv":[12,16,13,16],"rotation":270,"texture":"#texture"},"east":{"uv":[3,16,4,16],"rotation":90,"texture":"#texture"}}},{"from":[12,-3,9],"to":[13,-1.5,10],"faces":{"down":{"uv":[3,16,4,16],"rotation":180,"texture":"#texture"},"up":{"uv":[12,16,13,16],"texture":"#texture"},"north":{"uv":[12,10.5,13,12],"rotation":180,"texture":"#texture"},"south":{"uv":[4,12,3,10.5],"texture":"#texture"},"west":{"uv":[10.5,16,12,16],"rotation":270,"texture":"#texture"},"east":{"uv":[4,16,5.5,16],"rotation":90,"texture":"#texture"}}},{"from":[13,-4.5,9],"to":[14,-3,10],"faces":{"down":{"uv":[2,16,3,16],"rotation":180,"texture":"#texture"},"up":{"uv":[13,16,14,16],"texture":"#texture"},"north":{"uv":[13,9,14,10.5],"rotation":180,"texture":"#texture"},"south":{"uv":[3,10.5,2,9],"texture":"#texture"},"west":{"uv":[9,16,10.5,16],"rotation":270,"texture":"#texture"},"east":{"uv":[5.5,16,7,16],"rotation":90,"texture":"#texture"}}},{"from":[13.5,-6,7.5],"to":[14.5,-5,9.5],"faces":{"down":{"uv":[1.5,16,2.5,16],"rotation":180,"texture":"#texture"},"up":{"uv":[13.5,16,14.5,16],"texture":"#texture"},"north":{"uv":[13.5,7.5,14.5,8.5],"rotation":180,"texture":"#texture"},"south":{"uv":[2.5,8.5,1.5,7.5],"texture":"#texture"},"west":{"uv":[7.5,16,8.5,16],"rotation":270,"texture":"#texture"},"east":{"uv":[7.5,16,8.5,16],"rotation":90,"texture":"#texture"}}},{"from":[1.5,-6,7.5],"to":[2.5,-5,9.5],"faces":{"down":{"uv":[13.5,16,14.5,16],"rotation":180,"texture":"#texture"},"up":{"uv":[1.5,16,2.5,16],"texture":"#texture"},"north":{"uv":[1.5,7.5,2.5,8.5],"rotation":180,"texture":"#texture"},"south":{"uv":[14.5,8.5,13.5,7.5],"texture":"#texture"},"west":{"uv":[7.5,16,8.5,16],"rotation":270,"texture":"#texture"},"east":{"uv":[7.5,16,8.5,16],"rotation":90,"texture":"#texture"}}},{"from":[9.6875,-0.25,8],"to":[10.1875,0.25,9],"faces":{"down":{"uv":[6.3125,9,5.8125,8],"texture":"#sword_black"},"up":{"uv":[9.6875,8,10.1875,9],"texture":"#sword_black"},"north":{"uv":[5.8125,15.75,6.3125,16],"texture":"#sword_black"},"south":{"uv":[9.6875,15.75,10.1875,16],"texture":"#sword_black"},"west":{"uv":[8,15.75,9,16],"texture":"#sword_black"},"east":{"uv":[7,15.75,8,16],"texture":"#sword_black"}}},{"from":[5.9375,-0.25,8],"to":[6.4375,0.25,9],"faces":{"down":{"uv":[10.0625,9,9.5625,8],"texture":"#sword_black"},"up":{"uv":[5.9375,8,6.4375,9],"texture":"#sword_black"},"north":{"uv":[9.5625,15.75,10.0625,16],"texture":"#sword_black"},"south":{"uv":[5.9375,15.75,6.4375,16],"texture":"#sword_black"},"west":{"uv":[8,15.75,9,16],"texture":"#sword_black"},"east":{"uv":[7,15.75,8,16],"texture":"#sword_black"}}},{"from":[12.1875,-2.25,8],"to":[12.6875,-1.75,9],"faces":{"down":{"uv":[3.8125,9,3.3125,8],"texture":"#sword_black"},"up":{"uv":[12.1875,8,12.6875,9],"texture":"#sword_black"},"north":{"uv":[3.3125,16,3.8125,16],"texture":"#sword_black"},"south":{"uv":[12.1875,16,12.6875,16],"texture":"#sword_black"},"west":{"uv":[8,16,9,16],"texture":"#sword_black"},"east":{"uv":[7,16,8,16],"texture":"#sword_black"}}},{"from":[2.1875,-3.75,8],"to":[2.6875,-3.25,9],"faces":{"down":{"uv":[13.8125,9,13.3125,8],"texture":"#sword_black"},"up":{"uv":[2.1875,8,2.6875,9],"texture":"#sword_black"},"north":{"uv":[13.3125,16,13.8125,16],"texture":"#sword_black"},"south":{"uv":[2.1875,16,2.6875,16],"texture":"#sword_black"},"west":{"uv":[8,16,9,16],"texture":"#sword_black"},"east":{"uv":[7,16,8,16],"texture":"#sword_black"}}},{"from":[8.4375,0.75,8],"to":[8.9375,1.25,9],"faces":{"down":{"uv":[7.5625,9,7.0625,8],"texture":"#sword_black"},"up":{"uv":[8.4375,8,8.9375,9],"texture":"#sword_black"},"north":{"uv":[7.0625,14.75,7.5625,15.25],"texture":"#sword_black"},"south":{"uv":[8.4375,14.75,8.9375,15.25],"texture":"#sword_black"},"west":{"uv":[8,14.75,9,15.25],"texture":"#sword_black"},"east":{"uv":[7,14.75,8,15.25],"texture":"#sword_black"}}},{"from":[7.1875,0.75,8],"to":[7.6875,1.25,9],"faces":{"down":{"uv":[8.8125,9,8.3125,8],"texture":"#sword_black"},"up":{"uv":[7.1875,8,7.6875,9],"texture":"#sword_black"},"north":{"uv":[8.3125,14.75,8.8125,15.25],"texture":"#sword_black"},"south":{"uv":[7.1875,14.75,7.6875,15.25],"texture":"#sword_black"},"west":{"uv":[8,14.75,9,15.25],"texture":"#sword_black"},"east":{"uv":[7,14.75,8,15.25],"texture":"#sword_black"}}},{"from":[10.875,-1.25,8],"to":[11.375,-0.75,9],"faces":{"down":{"uv":[5.125,9,4.625,8],"texture":"#sword_black"},"up":{"uv":[10.875,8,11.375,9],"texture":"#sword_black"},"north":{"uv":[4.625,16,5.125,16],"texture":"#sword_black"},"south":{"uv":[10.875,16,11.375,16],"texture":"#sword_black"},"west":{"uv":[8,16,9,16],"texture":"#sword_black"},"east":{"uv":[7,16,8,16],"texture":"#sword_black"}}},{"from":[4.5625,-1.25,8],"to":[5.0625,-0.75,9],"faces":{"down":{"uv":[11.4375,9,10.9375,8],"texture":"#sword_black"},"up":{"uv":[4.5625,8,5.0625,9],"texture":"#sword_black"},"north":{"uv":[10.9375,16,11.4375,16],"texture":"#sword_black"},"south":{"uv":[4.5625,16,5.0625,16],"texture":"#sword_black"},"west":{"uv":[8,16,9,16],"texture":"#sword_black"},"east":{"uv":[7,16,8,16],"texture":"#sword_black"}}},{"from":[13.1875,-3.75,8],"to":[13.6875,-3.25,9],"faces":{"down":{"uv":[2.8125,9,2.3125,8],"texture":"#sword_black"},"up":{"uv":[13.1875,8,13.6875,9],"texture":"#sword_black"},"north":{"uv":[2.3125,16,2.8125,16],"texture":"#sword_black"},"south":{"uv":[13.1875,16,13.6875,16],"texture":"#sword_black"},"west":{"uv":[8,16,9,16],"texture":"#sword_black"},"east":{"uv":[7,16,8,16],"texture":"#sword_black"}}},{"from":[3.1875,-2.25,8],"to":[3.6875,-1.75,9],"faces":{"down":{"uv":[12.8125,9,12.3125,8],"texture":"#sword_black"},"up":{"uv":[3.1875,8,3.6875,9],"texture":"#sword_black"},"north":{"uv":[12.3125,16,12.8125,16],"texture":"#sword_black"},"south":{"uv":[3.1875,16,3.6875,16],"texture":"#sword_black"},"west":{"uv":[8,16,9,16],"texture":"#sword_black"},"east":{"uv":[7,16,8,16],"texture":"#sword_black"}}}],"display":{"thirdperson_righthand":{"rotation":[43,13,0],"translation":[0,11.72,5.67],"scale":[1,1,1]},"head":{"rotation":[0,0,0],"translation":[0,-10.96,-1.7],"scale":[2.29,2.29,2.71]},"ground":{"rotation":[0,0,0],"translation":[0,10,0],"scale":[1,1,1]},"firstperson_righthand":{"rotation":[1,10,0],"translation":[0,10.02,0],"scale":[1,1,1]},"gui":{"rotation":[41,33,0],"translation":[0,8.13,0],"scale":[1,1,1]}}}