{"textures":{"texture":"blocks/command_block_back","sword_black":"minemakers/sword_black"},"elements":[{"from":[1,1,1],"to":[15,15,15],"faces":{"down":{"uv":[15,15,1,1],"texture":"#texture"},"up":{"uv":[1,1,15,15],"texture":"#texture"},"north":{"uv":[1,1,15,15],"texture":"#texture"},"south":{"uv":[1,1,15,15],"texture":"#texture"},"west":{"uv":[1,1,15,15],"texture":"#texture"},"east":{"uv":[1,1,15,15],"texture":"#texture"}}},{"from":[0,12,0],"to":[16,16,1],"faces":{"down":{"uv":[0,0,16,1],"texture":"#texture"},"up":{"uv":[0,0,16,1],"texture":"#texture"},"north":{"uv":[0,0,16,4],"texture":"#texture"},"south":{"uv":[0,0,16,4],"texture":"#texture"},"west":{"uv":[0,0,1,4],"texture":"#texture"},"east":{"uv":[0,0,1,4],"texture":"#texture"}}},{"from":[0,0,0],"to":[16,3,1],"faces":{"down":{"uv":[0,0,16,1],"texture":"#texture"},"up":{"uv":[0,0,16,1],"texture":"#texture"},"north":{"uv":[0,13,16,16],"texture":"#texture"},"south":{"uv":[0,13,16,16],"texture":"#texture"},"west":{"uv":[0,13,1,16],"texture":"#texture"},"east":{"uv":[0,13,1,16],"texture":"#texture"}}},{"from":[12,3,0],"to":[16,12,1],"faces":{"down":{"uv":[0,0,3,1],"texture":"#texture"},"up":{"uv":[0,0,3,1],"texture":"#texture"},"north":{"uv":[0,4,4,13.5],"texture":"#texture"},"south":{"uv":[0,4,4,13],"texture":"#texture"},"west":{"uv":[0,4,1,13],"texture":"#texture"},"east":{"uv":[0,4,1,13],"texture":"#texture"}}},{"from":[0,3,0],"to":[3,12,1],"faces":{"down":{"uv":[13,0,16,1],"texture":"#texture"},"up":{"uv":[13,0,16,1],"texture":"#texture"},"north":{"uv":[13,4,16,13],"texture":"#texture"},"south":{"uv":[13,4,16,13],"texture":"#texture"},"west":{"uv":[0,4,1,13],"texture":"#texture"},"east":{"uv":[0,4,1,13],"texture":"#texture"}}},{"from":[15,12,1],"to":[16,16,16],"faces":{"down":{"uv":[0,0,16,1],"rotation":270,"texture":"#texture"},"up":{"uv":[0,0,16,1],"rotation":90,"texture":"#texture"},"north":{"uv":[0,0,1,4],"texture":"#texture"},"south":{"uv":[0,0,1,4],"texture":"#texture"},"west":{"uv":[0,0,16,4],"texture":"#texture"},"east":{"uv":[0,0,16,4],"texture":"#texture"}}},{"from":[15,0,1],"to":[16,3,16],"faces":{"down":{"uv":[0,0,16,1],"rotation":270,"texture":"#texture"},"up":{"uv":[0,0,16,1],"rotation":90,"texture":"#texture"},"north":{"uv":[0,13,1,16],"texture":"#texture"},"south":{"uv":[0,13,1,16],"texture":"#texture"},"west":{"uv":[0,13,16,16],"texture":"#texture"},"east":{"uv":[0,13,16,16],"texture":"#texture"}}},{"from":[15,3,12],"to":[16,12,16],"faces":{"down":{"uv":[0,0,3,1],"rotation":270,"texture":"#texture"},"up":{"uv":[0,0,3,1],"rotation":90,"texture":"#texture"},"north":{"uv":[0,4,1,13],"texture":"#texture"},"south":{"uv":[0,4,1,13],"texture":"#texture"},"west":{"uv":[0,4,4,13],"texture":"#texture"},"east":{"uv":[0,4,4,13.5],"texture":"#texture"}}},{"from":[15,3,1],"to":[16,12,3],"faces":{"down":{"uv":[13,0,16,1],"rotation":270,"texture":"#texture"},"up":{"uv":[13,0,16,1],"rotation":90,"texture":"#texture"},"north":{"uv":[0,4,1,13],"texture":"#texture"},"south":{"uv":[0,4,1,13],"texture":"#texture"},"west":{"uv":[13,4,16,13],"texture":"#texture"},"east":{"uv":[13,4,16,13],"texture":"#texture"}}},{"from":[0,12,15],"to":[15,16,16],"faces":{"down":{"uv":[0,0,16,1],"rotation":180,"texture":"#texture"},"up":{"uv":[0,0,16,1],"rotation":180,"texture":"#texture"},"north":{"uv":[0,0,16,4],"texture":"#texture"},"south":{"uv":[0,0,16,4],"texture":"#texture"},"west":{"uv":[0,0,1,4],"texture":"#texture"},"east":{"uv":[0,0,1,4],"texture":"#texture"}}},{"from":[0,0,15],"to":[15,3,16],"faces":{"down":{"uv":[0,0,16,1],"rotation":180,"texture":"#texture"},"up":{"uv":[0,0,16,1],"rotation":180,"texture":"#texture"},"north":{"uv":[0,13,16,16],"texture":"#texture"},"south":{"uv":[0,13,16,16],"texture":"#texture"},"west":{"uv":[0,13,1,16],"texture":"#texture"},"east":{"uv":[0,13,1,16],"texture":"#texture"}}},{"from":[0,3,15],"to":[4,12,16],"faces":{"down":{"uv":[0,0,3,1],"rotation":180,"texture":"#texture"},"up":{"uv":[0,0,3,1],"rotation":180,"texture":"#texture"},"north":{"uv":[0,4,4,13],"texture":"#texture"},"south":{"uv":[0,4,4,13.5],"texture":"#texture"},"west":{"uv":[0,4,1,13],"texture":"#texture"},"east":{"uv":[0,4,1,13],"texture":"#texture"}}},{"from":[13,3,15],"to":[15,12,16],"faces":{"down":{"uv":[13,0,16,1],"rotation":180,"texture":"#texture"},"up":{"uv":[13,0,16,1],"rotation":180,"texture":"#texture"},"north":{"uv":[13,4,16,13],"texture":"#texture"},"south":{"uv":[13,4,16,13],"texture":"#texture"},"west":{"uv":[0,4,1,13],"texture":"#texture"},"east":{"uv":[0,4,1,13],"texture":"#texture"}}},{"from":[0,12,1],"to":[1,16,15],"faces":{"down":{"uv":[0,0,16,1],"rotation":90,"texture":"#texture"},"up":{"uv":[0,0,16,1],"rotation":270,"texture":"#texture"},"north":{"uv":[0,0,1,4],"texture":"#texture"},"south":{"uv":[0,0,1,4],"texture":"#texture"},"west":{"uv":[0,0,16,4],"texture":"#texture"},"east":{"uv":[0,0,16,4],"texture":"#texture"}}},{"from":[0,0,1],"to":[1,3,15],"faces":{"down":{"uv":[0,0,16,1],"rotation":90,"texture":"#texture"},"up":{"uv":[0,0,16,1],"rotation":270,"texture":"#texture"},"north":{"uv":[0,13,1,16],"texture":"#texture"},"south":{"uv":[0,13,1,16],"texture":"#texture"},"west":{"uv":[0,13,16,16],"texture":"#texture"},"east":{"uv":[0,13,16,16],"texture":"#texture"}}},{"from":[0,3,1],"to":[1,12,4],"faces":{"down":{"uv":[0,0,3,1],"rotation":90,"texture":"#texture"},"up":{"uv":[0,0,3,1],"rotation":270,"texture":"#texture"},"north":{"uv":[0,4,1,13],"texture":"#texture"},"south":{"uv":[0,4,1,13],"texture":"#texture"},"west":{"uv":[0,4,4,13.5],"texture":"#texture"},"east":{"uv":[0,4,4,13],"texture":"#texture"}}},{"from":[0,3,13],"to":[1,12,15],"faces":{"down":{"uv":[13,0,16,1],"rotation":90,"texture":"#texture"},"up":{"uv":[13,0,16,1],"rotation":270,"texture":"#texture"},"north":{"uv":[0,4,1,13],"texture":"#texture"},"south":{"uv":[0,4,1,13],"texture":"#texture"},"west":{"uv":[13,4,16,13],"texture":"#texture"},"east":{"uv":[13,4,16,13],"texture":"#texture"}}},{"from":[1,15,1],"to":[15,16,4],"faces":{"down":{"uv":[1,1,15,4],"texture":"#texture"},"up":{"uv":[1,1,15,4],"texture":"#texture"},"north":{"uv":[1,0,15,1],"texture":"#texture"},"south":{"uv":[1,0,15,1],"texture":"#texture"},"west":{"uv":[1,0,4,1],"texture":"#texture"},"east":{"uv":[1,0,4,1],"texture":"#texture"}}},{"from":[1,15,13],"to":[15,16,15],"faces":{"down":{"uv":[1,13,15,15],"texture":"#texture"},"up":{"uv":[1,13,15,15],"texture":"#texture"},"north":{"uv":[1,0,15,1],"texture":"#texture"},"south":{"uv":[1,0,15,1],"texture":"#texture"},"west":{"uv":[13,0,15,1],"texture":"#texture"},"east":{"uv":[13,0,15,1],"texture":"#texture"}}},{"from":[1,15,4],"to":[4,16,13],"faces":{"down":{"uv":[15,13,12,4],"texture":"#texture"},"up":{"uv":[1,4,4,13],"texture":"#texture"},"north":{"uv":[12,0,15,1],"texture":"#texture"},"south":{"uv":[1,0,4,1],"texture":"#texture"},"west":{"uv":[4,0,13,1],"texture":"#texture"},"east":{"uv":[3,0,12,1],"texture":"#texture"}}},{"from":[13,15,4],"to":[15,16,13],"faces":{"down":{"uv":[3,13,1,4],"texture":"#texture"},"up":{"uv":[13,4,15,13],"texture":"#texture"},"north":{"uv":[1,0,3,1],"texture":"#texture"},"south":{"uv":[13,0,15,1],"texture":"#texture"},"west":{"uv":[4,0,13,1],"texture":"#texture"},"east":{"uv":[3,0,12,1],"texture":"#texture"}}},{"from":[1,0,12],"to":[15,1,15],"faces":{"down":{"uv":[1,1,15,4],"texture":"#texture"},"up":{"uv":[1,1,15,4],"texture":"#texture"},"north":{"uv":[1,0,15,1],"texture":"#texture"},"south":{"uv":[1,0,15,1],"texture":"#texture"},"west":{"uv":[1,0,4,1],"texture":"#texture"},"east":{"uv":[1,0,4,1],"texture":"#texture"}}},{"from":[1,0,1],"to":[15,1,3],"faces":{"down":{"uv":[1,13,15,15],"texture":"#texture"},"up":{"uv":[1,13,15,15],"texture":"#texture"},"north":{"uv":[1,0,15,1],"texture":"#texture"},"south":{"uv":[1,0,15,1],"texture":"#texture"},"west":{"uv":[13,0,15,1],"texture":"#texture"},"east":{"uv":[13,0,15,1],"texture":"#texture"}}},{"from":[12,0,3],"to":[15,1,12],"faces":{"down":{"uv":[4,12,1,3],"texture":"#texture"},"up":{"uv":[12,3,15,12],"texture":"#texture"},"north":{"uv":[1,15,4,16],"texture":"#texture"},"south":{"uv":[12,15,15,16],"texture":"#texture"},"west":{"uv":[3,15,12,16],"texture":"#texture"},"east":{"uv":[4,15,13,16],"texture":"#texture"}}},{"from":[1,0,3],"to":[3,1,12],"faces":{"down":{"uv":[15,12,13,3],"texture":"#texture"},"up":{"uv":[1,3,3,12],"texture":"#texture"},"north":{"uv":[13,15,15,16],"texture":"#texture"},"south":{"uv":[1,15,3,16],"texture":"#texture"},"west":{"uv":[3,15,12,16],"texture":"#texture"},"east":{"uv":[4,15,13,16],"texture":"#texture"}}}],"display":{"ground":{"rotation":[45,0,45],"translation":[0,8,0],"scale":[1,1,1]},"gui":{"rotation":[0,0,0],"translation":[0,0,0],"scale":[0,0,0]},"firstperson_righthand":{"rotation":[0,0,0],"translation":[0,0,0],"scale":[0,0,0]},"thirdperson_righthand":{"rotation":[0,0,0],"translation":[0,0,0],"scale":[0,0,0]}}}