{"__comment":"Designed by Keel with BDcraft Cubik PRO 0.96 Beta - http://bdcraft.net","textures":{"texture":"minemakers/leaves","gold_block":"minemakers/wood3","snow":"blocks/snow"},"elements":[{"from":[7,0,7],"to":[9,10,9],"faces":{"down":{"uv":[7.5,7.5,8.5,8.5],"texture":"#gold_block"},"up":{"uv":[7.5,7.5,8.5,8.5],"texture":"#gold_block"},"north":{"uv":[7.5,11,8.5,16],"texture":"#gold_block"},"south":{"uv":[7.5,11,8.5,16],"texture":"#gold_block"},"west":{"uv":[7.5,11,8.5,16],"texture":"#gold_block"},"east":{"uv":[7.5,11,8.5,16],"texture":"#gold_block"}}},{"from":[5,2,5],"to":[7,4,11],"faces":{"down":{"uv":[6.5,6.5,7.5,9.5],"texture":"#texture"},"up":{"uv":[6.5,6.5,7.5,9.5],"texture":"#texture"},"north":{"uv":[6.5,14,7.5,15],"texture":"#texture"},"south":{"uv":[6.5,14,7.5,15],"texture":"#texture"},"west":{"uv":[6.5,14,9.5,15],"texture":"#texture"},"east":{"uv":[6.5,14,9.5,15],"texture":"#texture"}}},{"from":[9,2,5],"to":[11,4,11],"faces":{"down":{"uv":[7,11,5,5],"texture":"#texture"},"up":{"uv":[9,5,11,11],"texture":"#texture"},"north":{"uv":[5,12,7,14],"texture":"#texture"},"south":{"uv":[9,12,11,14],"texture":"#texture"},"west":{"uv":[5,12,11,14],"texture":"#texture"},"east":{"uv":[5,12,11,14],"texture":"#texture"}}},{"from":[7,2,3],"to":[9,4,7],"faces":{"down":{"uv":[9,7,7,3],"texture":"#texture"},"up":{"uv":[7,3,9,7],"texture":"#texture"},"north":{"uv":[7,12,9,14],"texture":"#texture"},"south":{"uv":[7,12,9,14],"texture":"#texture"},"west":{"uv":[3,12,7,14],"texture":"#texture"},"east":{"uv":[9,12,13,14],"texture":"#texture"}}},{"from":[7,2,9],"to":[9,4,13],"faces":{"down":{"uv":[9,13,7,9],"texture":"#texture"},"up":{"uv":[7,9,9,13],"texture":"#texture"},"north":{"uv":[7,12,9,14],"texture":"#texture"},"south":{"uv":[7,12,9,14],"texture":"#texture"},"west":{"uv":[9,12,13,14],"texture":"#texture"},"east":{"uv":[3,12,7,14],"texture":"#texture"}}},{"from":[3,2,7],"to":[5,4,9],"faces":{"down":{"uv":[13,9,11,7],"texture":"#texture"},"up":{"uv":[3,7,5,9],"texture":"#texture"},"north":{"uv":[11,12,13,14],"texture":"#texture"},"south":{"uv":[3,12,5,14],"texture":"#texture"},"west":{"uv":[7,12,9,14],"texture":"#texture"},"east":{"uv":[7,12,9,14],"texture":"#texture"}}},{"from":[11,2,7],"to":[13,4,9],"faces":{"down":{"uv":[5,9,3,7],"texture":"#texture"},"up":{"uv":[11,7,13,9],"texture":"#texture"},"north":{"uv":[3,12,5,14],"texture":"#texture"},"south":{"uv":[11,12,13,14],"texture":"#texture"},"west":{"uv":[7,12,9,14],"texture":"#texture"},"east":{"uv":[7,12,9,14],"texture":"#texture"}}},{"from":[5,4,5],"to":[7,6,11],"faces":{"down":{"uv":[11,11,9,5],"texture":"#texture"},"up":{"uv":[5,5,7,11],"texture":"#texture"},"north":{"uv":[9,10,11,12],"texture":"#texture"},"south":{"uv":[5,10,7,12],"texture":"#texture"},"west":{"uv":[5,10,11,12],"texture":"#texture"},"east":{"uv":[5,10,11,12],"texture":"#texture"}}},{"from":[7,4,5],"to":[9,6,7],"faces":{"down":{"uv":[9,7,7,5],"texture":"#texture"},"up":{"uv":[7,5,9,7],"texture":"#texture"},"north":{"uv":[7,10,9,12],"texture":"#texture"},"south":{"uv":[7,10,9,12],"texture":"#texture"},"west":{"uv":[5,10,7,12],"texture":"#texture"},"east":{"uv":[9,10,11,12],"texture":"#texture"}}},{"from":[7,4,9],"to":[9,6,11],"faces":{"down":{"uv":[9,11,7,9],"texture":"#texture"},"up":{"uv":[7,9,9,11],"texture":"#texture"},"north":{"uv":[7,10,9,12],"texture":"#texture"},"south":{"uv":[7,10,9,12],"texture":"#texture"},"west":{"uv":[9,10,11,12],"texture":"#texture"},"east":{"uv":[5,10,7,12],"texture":"#texture"}}},{"from":[9,4,7],"to":[11,6,9],"faces":{"down":{"uv":[7,9,5,7],"texture":"#texture"},"up":{"uv":[9,7,11,9],"texture":"#texture"},"north":{"uv":[5,10,7,12],"texture":"#texture"},"south":{"uv":[9,10,11,12],"texture":"#texture"},"west":{"uv":[7,10,9,12],"texture":"#texture"},"east":{"uv":[7,10,9,12],"texture":"#texture"}}},{"from":[3,6,7],"to":[7,8,9],"faces":{"down":{"uv":[13,9,9,7],"texture":"#texture"},"up":{"uv":[3,7,7,9],"texture":"#texture"},"north":{"uv":[9,8,13,10],"texture":"#texture"},"south":{"uv":[3,8,7,10],"texture":"#texture"},"west":{"uv":[7,8,9,10],"texture":"#texture"},"east":{"uv":[7,8,9,10],"texture":"#texture"}}},{"from":[7,6,9],"to":[9,8,13],"faces":{"down":{"uv":[9,13,7,9],"texture":"#texture"},"up":{"uv":[7,9,9,13],"texture":"#texture"},"north":{"uv":[7,8,9,10],"texture":"#texture"},"south":{"uv":[7,8,9,10],"texture":"#texture"},"west":{"uv":[9,8,13,10],"texture":"#texture"},"east":{"uv":[3,8,7,10],"texture":"#texture"}}},{"from":[5,6,9],"to":[7,8,11],"faces":{"down":{"uv":[11,11,9,9],"texture":"#texture"},"up":{"uv":[5,9,7,11],"texture":"#texture"},"north":{"uv":[9,8,11,10],"texture":"#texture"},"south":{"uv":[5,8,7,10],"texture":"#texture"},"west":{"uv":[9,8,11,10],"texture":"#texture"},"east":{"uv":[5,8,7,10],"texture":"#texture"}}},{"from":[7,6,5],"to":[11,8,7],"faces":{"down":{"uv":[9,7,5,5],"texture":"#texture"},"up":{"uv":[7,5,11,7],"texture":"#texture"},"north":{"uv":[5,8,9,10],"texture":"#texture"},"south":{"uv":[7,8,11,10],"texture":"#texture"},"west":{"uv":[5,8,7,10],"texture":"#texture"},"east":{"uv":[9,8,11,10],"texture":"#texture"}}},{"from":[9,6,7],"to":[11,8,9],"faces":{"down":{"uv":[7,9,5,7],"texture":"#texture"},"up":{"uv":[9,7,11,9],"texture":"#texture"},"north":{"uv":[5,8,7,10],"texture":"#texture"},"south":{"uv":[9,8,11,10],"texture":"#texture"},"west":{"uv":[7,8,9,10],"texture":"#texture"},"east":{"uv":[7,8,9,10],"texture":"#texture"}}},{"from":[5,8,5],"to":[9,10,7],"faces":{"down":{"uv":[11,7,7,5],"texture":"#texture"},"up":{"uv":[5,5,9,7],"texture":"#texture"},"north":{"uv":[7,6,11,8],"texture":"#texture"},"south":{"uv":[5,6,9,8],"texture":"#texture"},"west":{"uv":[5,6,7,8],"texture":"#texture"},"east":{"uv":[9,6,11,8],"texture":"#texture"}}},{"from":[5,8,7],"to":[7,10,9],"faces":{"down":{"uv":[11,9,9,7],"texture":"#texture"},"up":{"uv":[5,7,7,9],"texture":"#texture"},"north":{"uv":[9,6,11,8],"texture":"#texture"},"south":{"uv":[5,6,7,8],"texture":"#texture"},"west":{"uv":[7,6,9,8],"texture":"#texture"},"east":{"uv":[7,6,9,8],"texture":"#texture"}}},{"from":[7,8,9],"to":[11,10,11],"faces":{"down":{"uv":[7,9,11,11],"texture":"#texture"},"up":{"uv":[7,9,11,11],"texture":"#texture"},"north":{"uv":[7,6,11,8],"texture":"#texture"},"south":{"uv":[7,6,11,8],"texture":"#texture"},"west":{"uv":[9,6,11,8],"texture":"#texture"},"east":{"uv":[9,6,11,8],"texture":"#texture"}}},{"from":[9,8,7],"to":[11,10,9],"faces":{"down":{"uv":[7,9,5,7],"texture":"#texture"},"up":{"uv":[9,7,11,9],"texture":"#texture"},"north":{"uv":[5,6,7,8],"texture":"#texture"},"south":{"uv":[9,6,11,8],"texture":"#texture"},"west":{"uv":[7,6,9,8],"texture":"#texture"},"east":{"uv":[7,6,9,8],"texture":"#texture"}}},{"from":[7,10,7],"to":[9,16,9],"faces":{"down":{"uv":[9,9,7,7],"texture":"#texture"},"up":{"uv":[7,7,9,9],"texture":"#texture"},"north":{"uv":[7,0,9,6],"texture":"#texture"},"south":{"uv":[7,0,9,6],"texture":"#texture"},"west":{"uv":[7,0,9,6],"texture":"#texture"},"east":{"uv":[7,0,9,6],"texture":"#texture"}}},{"from":[7,10,5],"to":[9,12,7],"faces":{"down":{"uv":[9,7,7,5],"texture":"#texture"},"up":{"uv":[7,5,9,7],"texture":"#texture"},"north":{"uv":[7,4,9,6],"texture":"#texture"},"south":{"uv":[7,4,9,6],"texture":"#texture"},"west":{"uv":[5,4,7,6],"texture":"#texture"},"east":{"uv":[9,4,11,6],"texture":"#texture"}}},{"from":[5,10,7],"to":[7,12,9],"faces":{"down":{"uv":[11,9,9,7],"texture":"#texture"},"up":{"uv":[5,7,7,9],"texture":"#texture"},"north":{"uv":[9,4,11,6],"texture":"#texture"},"south":{"uv":[5,4,7,6],"texture":"#texture"},"west":{"uv":[7,4,9,6],"texture":"#texture"},"east":{"uv":[7,4,9,6],"texture":"#texture"}}}],"display":{"thirdperson_righthand":{"rotation":[0,0,0],"translation":[0,11.34,2.46],"scale":[2,2,2]},"ground":{"rotation":[0,0,0],"translation":[0,6.43,0],"scale":[2,2,2]},"firstperson_righthand":{"rotation":[-28,1,0],"translation":[0,0.57,-3.78],"scale":[2,2,2]},"gui":{"rotation":[0,-35,-38],"translation":[0.6,0.5,0],"scale":[1,1,1]},"head":{"rotation":[0,0,0],"translation":[0,-12.7,0],"scale":[4,4,4]}}}