{"textures":{"texture":"blocks/iron_block","landscape":"minemakers/landscape2","hardened_clay_stained_blue":"blocks/hardened_clay_stained_blue","snow":"blocks/snow","sky":"minemakers/sky","santa":"minemakers/santa","penguin":"minemakers/penguin","star":"minemakers/star","leaves":"minemakers/leaves","wood3":"minemakers/wood3"},"elements":[{"from":[1,0,4],"to":[15,6,12],"faces":{"down":{"uv":[1.5,10,12.5,14.5],"texture":"#hardened_clay_stained_blue"},"up":{"uv":[0,2,16,9.5],"texture":"#snow"},"north":{"uv":[1.5,0,6.5,2.5],"texture":"#landscape"},"south":{"uv":[7,0,12,2.5],"texture":"#landscape"},"west":{"uv":[4.5,0,7,2.5],"texture":"#landscape"},"east":{"uv":[12,0,14.5,2.5],"texture":"#landscape"}}},{"from":[7,1,3.5],"to":[9,4.5,4],"faces":{"down":{"uv":[0,0,16,16],"texture":"#texture"},"up":{"uv":[0,0,16,16],"texture":"#texture"},"north":{"uv":[0,0,16,16],"texture":"#texture"},"south":{"uv":[0,0,16,16],"texture":"#texture"},"west":{"uv":[0,0,16,16],"texture":"#texture"},"east":{"uv":[0,0,16,16],"texture":"#texture"}}},{"from":[7.5,1.5,2.5],"to":[8.5,4,3],"rotation":{"origin":[7.5,4,2.5],"axis":"x","angle":-22.5},"faces":{"down":{"uv":[0,0,16,16],"texture":"#texture"},"up":{"uv":[0,0,16,16],"texture":"#texture"},"north":{"uv":[0,0,16,16],"texture":"#texture"},"south":{"uv":[0,0,16,16],"texture":"#texture"},"west":{"uv":[0,0,16,16],"texture":"#texture"},"east":{"uv":[0,0,16,16],"texture":"#texture"}}},{"from":[1,6,11],"to":[15,7,15],"faces":{"down":{"uv":[0.5,1.5,14.5,5.5],"texture":"#sky"},"up":{"uv":[0.5,2.5,14.5,6.5],"texture":"#sky"},"north":{"uv":[1.5,3.5,15.5,4.5],"texture":"#sky"},"south":{"uv":[1,3,15,4],"texture":"#sky"},"west":{"uv":[2.5,3,6.5,4],"texture":"#sky"},"east":{"uv":[4.5,3.5,8.5,4.5],"texture":"#sky"}}},{"from":[1,12,11],"to":[15,13,15],"faces":{"down":{"uv":[1.5,3,15.5,7],"texture":"#sky"},"up":{"uv":[1,3.5,15,7.5],"texture":"#sky"},"north":{"uv":[1,3,15,4],"texture":"#sky"},"south":{"uv":[1,3,15,4],"texture":"#sky"},"west":{"uv":[11,3,15,4],"texture":"#sky"},"east":{"uv":[11,3,15,4],"texture":"#sky"}}},{"from":[1,6,15],"to":[15,13,16],"faces":{"down":{"uv":[1,6,15,7],"texture":"#sky"},"up":{"uv":[0.5,5,14.5,6],"texture":"#sky"},"north":{"uv":[1,1,15,8],"texture":"#sky"},"south":{"uv":[1,0.5,15,7.5],"texture":"#sky"},"west":{"uv":[8.5,0,9.5,7],"texture":"#sky"},"east":{"uv":[10.5,0,11.5,7],"texture":"#sky"}}},{"from":[1,7,11],"to":[2,12,15],"faces":{"down":{"uv":[2,3,3,7],"texture":"#sky"},"up":{"uv":[6,1,7,5],"texture":"#sky"},"north":{"uv":[1.5,2,2.5,7],"texture":"#sky"},"south":{"uv":[1.5,2.5,2.5,7.5],"texture":"#sky"},"west":{"uv":[11,2,15,7],"texture":"#sky"},"east":{"uv":[10.5,2,14.5,7],"texture":"#sky"}}},{"from":[14,7,11],"to":[15,12,15],"faces":{"down":{"uv":[5,3,6,7],"texture":"#sky"},"up":{"uv":[14,3,15,7],"texture":"#sky"},"north":{"uv":[11.5,2.5,12.5,7.5],"texture":"#sky"},"south":{"uv":[10,1,11,6],"texture":"#sky"},"west":{"uv":[0.5,1.5,4.5,6.5],"texture":"#sky"},"east":{"uv":[0.5,2,4.5,7],"texture":"#sky"}}},{"from":[3,5,12],"to":[4,6,13],"faces":{"down":{"uv":[0,0,16,16],"texture":"#texture"},"up":{"uv":[0,0,16,16],"texture":"#texture"},"north":{"uv":[0,0,16,16],"texture":"#texture"},"south":{"uv":[0,0,16,16],"texture":"#texture"},"west":{"uv":[0,0,16,16],"texture":"#texture"},"east":{"uv":[0,0,16,16],"texture":"#texture"}}},{"from":[12,5,12],"to":[13,6,13],"faces":{"down":{"uv":[0,0,16,16],"texture":"#texture"},"up":{"uv":[0,0,16,16],"texture":"#texture"},"north":{"uv":[0,0,16,16],"texture":"#texture"},"south":{"uv":[0,0,16,16],"texture":"#texture"},"west":{"uv":[0,0,16,16],"texture":"#texture"},"east":{"uv":[0,0,16,16],"texture":"#texture"}}},{"from":[6,6,7],"to":[6.5,7.5,7.5],"rotation":{"origin":[6,7.5,7],"axis":"x","angle":-22.5},"faces":{"down":{"uv":[2,4,3,5],"texture":"#santa"},"up":{"uv":[1,4,2,5],"texture":"#santa"},"north":{"uv":[1,5,2,8],"texture":"#santa"},"south":{"uv":[3,5,4,8],"texture":"#santa"},"west":{"uv":[2,5,3,8],"texture":"#santa"},"east":{"uv":[0,5,1,8],"texture":"#santa"}}},{"from":[6,7.5,7],"to":[7,9,7.5],"faces":{"down":{"uv":[7,4,9,5],"texture":"#santa"},"up":{"uv":[5,4,7,5],"texture":"#santa"},"north":{"uv":[5,5,7,8],"texture":"#santa"},"south":{"uv":[8,5,10,8],"texture":"#santa"},"west":{"uv":[4,5,5,8],"texture":"#santa"},"east":{"uv":[7,5,8,8],"texture":"#santa"}}},{"from":[6,9,6.6875],"to":[7,10,7.6875],"faces":{"down":{"uv":[4,0,6,2],"texture":"#santa"},"up":{"uv":[2,0,4,2],"texture":"#santa"},"north":{"uv":[2,2,4,4],"texture":"#santa"},"south":{"uv":[6,2,8,4],"texture":"#santa"},"west":{"uv":[4,2,6,4],"texture":"#santa"},"east":{"uv":[0,2,2,4],"texture":"#santa"}}},{"from":[7,7.5,6.94903],"to":[7.5,9,7.44903],"rotation":{"origin":[7,9,6.94903],"axis":"x","angle":22.5},"faces":{"down":{"uv":[12,4,13,5],"texture":"#santa"},"up":{"uv":[11,4,12,5],"texture":"#santa"},"north":{"uv":[11,5,12,8],"texture":"#santa"},"south":{"uv":[13,5,14,8],"texture":"#santa"},"west":{"uv":[10,5,11,8],"texture":"#santa"},"east":{"uv":[12,5,13,8],"texture":"#santa"}}},{"from":[5.5,7.5,7],"to":[6,9,7.5],"rotation":{"origin":[5.5,9,7],"axis":"x","angle":45},"faces":{"down":{"uv":[12,4,13,5],"texture":"#santa"},"up":{"uv":[11,4,12,5],"texture":"#santa"},"north":{"uv":[11,5,12,8],"texture":"#santa"},"south":{"uv":[13,5,14,8],"texture":"#santa"},"west":{"uv":[12,5,13,8],"texture":"#santa"},"east":{"uv":[10,5,11,8],"texture":"#santa"}}},{"from":[6.5,6,7],"to":[7,7.5,7.5],"faces":{"down":{"uv":[2,4,3,5],"texture":"#santa"},"up":{"uv":[1,4,2,5],"texture":"#santa"},"north":{"uv":[1,5,2,8],"texture":"#santa"},"south":{"uv":[3,5,4,8],"texture":"#santa"},"west":{"uv":[0,5,1,8],"texture":"#santa"},"east":{"uv":[2,5,3,8],"texture":"#santa"}}},{"from":[9.5,7.5,8],"to":[10.5,9,8.5],"faces":{"down":{"uv":[7,4,9,5],"texture":"#penguin"},"up":{"uv":[5,4,7,5],"texture":"#penguin"},"north":{"uv":[5,5,7,8],"texture":"#penguin"},"south":{"uv":[8,5,10,8],"texture":"#penguin"},"west":{"uv":[4,5,5,8],"texture":"#penguin"},"east":{"uv":[7,5,8,8],"texture":"#penguin"}}},{"from":[9.5,8.9375,8.13268],"to":[10.5,9.9375,9.13268],"rotation":{"origin":[9.5,9.9375,8.13268],"axis":"x","angle":22.5},"faces":{"down":{"uv":[4,0,6,2],"texture":"#penguin"},"up":{"uv":[2,0,4,2],"texture":"#penguin"},"north":{"uv":[2,2,4,4],"texture":"#penguin"},"south":{"uv":[6,2,8,4],"texture":"#penguin"},"west":{"uv":[4,2,6,4],"texture":"#penguin"},"east":{"uv":[0,2,2,4],"texture":"#penguin"}}},{"from":[10.5,7.5,7.94903],"to":[11,9,8.44903],"rotation":{"origin":[10.5,9,7.94903],"axis":"x","angle":22.5},"faces":{"down":{"uv":[12,4,13,5],"texture":"#penguin"},"up":{"uv":[11,4,12,5],"texture":"#penguin"},"north":{"uv":[11,5,12,8],"texture":"#penguin"},"south":{"uv":[13,5,14,8],"texture":"#penguin"},"west":{"uv":[10,5,11,8],"texture":"#penguin"},"east":{"uv":[12,5,13,8],"texture":"#penguin"}}},{"from":[9,7.5,8],"to":[9.5,9,8.5],"faces":{"down":{"uv":[12,4,13,5],"texture":"#penguin"},"up":{"uv":[11,4,12,5],"texture":"#penguin"},"north":{"uv":[11,5,12,8],"texture":"#penguin"},"south":{"uv":[13,5,14,8],"texture":"#penguin"},"west":{"uv":[12,5,13,8],"texture":"#penguin"},"east":{"uv":[10,5,11,8],"texture":"#penguin"}}},{"from":[10,6,8],"to":[10.5,7.5,8.5],"faces":{"down":{"uv":[2,4,3,5],"texture":"#penguin"},"up":{"uv":[1,4,2,5],"texture":"#penguin"},"north":{"uv":[1,5,2,8],"texture":"#penguin"},"south":{"uv":[3,5,4,8],"texture":"#penguin"},"west":{"uv":[0,5,1,8],"texture":"#penguin"},"east":{"uv":[2,5,3,8],"texture":"#penguin"}}},{"from":[9.5,6,8],"to":[10,7.5,8.5],"faces":{"down":{"uv":[2,4,3,5],"texture":"#penguin"},"up":{"uv":[1,4,2,5],"texture":"#penguin"},"north":{"uv":[1,5,2,8],"texture":"#penguin"},"south":{"uv":[3,5,4,8],"texture":"#penguin"},"west":{"uv":[0,5,1,8],"texture":"#penguin"},"east":{"uv":[2,5,3,8],"texture":"#penguin"}}},{"from":[0,3,7.5],"to":[1,4,8.5],"faces":{"down":{"uv":[1.5,7.5,2.5,8.5],"texture":"#texture"},"up":{"uv":[1,7.5,2,8.5],"texture":"#texture"},"north":{"uv":[1.5,12,2.5,13],"texture":"#texture"},"south":{"uv":[1.5,12,2.5,13],"texture":"#texture"},"west":{"uv":[8,12,9,13],"texture":"#texture"},"east":{"uv":[7.5,12,8.5,13],"texture":"#texture"}}},{"from":[-2.5,3.25,7.75],"to":[0,3.75,8.25],"faces":{"down":{"uv":[1.5,7.75,4,8.25],"texture":"#texture"},"up":{"uv":[1,7.75,3.5,8.25],"texture":"#texture"},"north":{"uv":[2,12.25,4.5,12.75],"texture":"#texture"},"south":{"uv":[1.5,12.25,4,12.75],"texture":"#texture"},"west":{"uv":[7.75,12.25,8.25,12.75],"texture":"#texture"},"east":{"uv":[7.75,12.25,8.25,12.75],"texture":"#texture"}}},{"from":[-2.5,2.375,7.75],"to":[-2,3.375,8.25],"faces":{"down":{"uv":[2,7.75,2.5,8.25],"texture":"#texture"},"up":{"uv":[1.5,7.75,2,8.25],"texture":"#texture"},"north":{"uv":[2,12.625,2.5,13.625],"texture":"#texture"},"south":{"uv":[1.5,12.625,2,13.625],"texture":"#texture"},"west":{"uv":[7.75,12.625,8.25,13.625],"texture":"#texture"},"east":{"uv":[7.75,12.625,8.25,13.625],"texture":"#texture"}}},{"from":[-4,2.375,7.75],"to":[-2.5,2.875,8.25],"faces":{"down":{"uv":[1.5,7.75,3,8.25],"texture":"#texture"},"up":{"uv":[2,7.75,3.5,8.25],"texture":"#texture"},"north":{"uv":[1.5,13.125,3,13.625],"texture":"#texture"},"south":{"uv":[2,13.125,3.5,13.625],"texture":"#texture"},"west":{"uv":[7.75,13.125,8.25,13.625],"texture":"#texture"},"east":{"uv":[8.25,13.125,8.75,13.625],"texture":"#texture"}}},{"from":[2.5,5.75,5],"to":[4.5,6.25,7.5],"faces":{"down":{"uv":[13.5,7.5,11.5,5],"texture":"#hardened_clay_stained_blue"},"up":{"uv":[2.5,5,4.5,7.5],"texture":"#hardened_clay_stained_blue"},"north":{"uv":[11.5,9.75,13.5,10.25],"texture":"#hardened_clay_stained_blue"},"south":{"uv":[2.5,9.75,4.5,10.25],"texture":"#hardened_clay_stained_blue"},"west":{"uv":[5,9.75,7.5,10.25],"texture":"#hardened_clay_stained_blue"},"east":{"uv":[8.5,9.75,11,10.25],"texture":"#hardened_clay_stained_blue"}}},{"from":[12,10.5,6],"to":[13,11.5,6.5],"rotation":{"origin":[12,11.5,6],"axis":"x","angle":45},"faces":{"down":{"uv":[1.5,1,3.5,2.5],"texture":"#star"},"up":{"uv":[1.5,0.5,4.5,2.5],"texture":"#star"},"north":{"uv":[0,0,16,16],"texture":"#star"},"south":{"uv":[1.5,0.5,4,2.5],"texture":"#star"},"west":{"uv":[0.5,0.5,4.5,2.5],"texture":"#star"},"east":{"uv":[1.5,0.5,3.5,3],"texture":"#star"}}},{"from":[8.5,9.5,14.6875],"to":[9.5,10.5,15.1875],"faces":{"down":{"uv":[1.5,1,3.5,2.5],"texture":"#star"},"up":{"uv":[1.5,0.5,4.5,2.5],"texture":"#star"},"north":{"uv":[0,0,16,16],"texture":"#star"},"south":{"uv":[0,0,16,16],"texture":"#star"},"west":{"uv":[0.5,0.5,4.5,2.5],"texture":"#star"},"east":{"uv":[1.5,0.5,3.5,3],"texture":"#star"}}},{"from":[12,8,14.6875],"to":[13,9,15.1875],"faces":{"down":{"uv":[1.5,1,3.5,2.5],"texture":"#star"},"up":{"uv":[1.5,0.5,4.5,2.5],"texture":"#star"},"north":{"uv":[0,0,16,16],"texture":"#star"},"south":{"uv":[0,0,16,16],"texture":"#star"},"west":{"uv":[0.5,0.5,4.5,2.5],"texture":"#star"},"east":{"uv":[1.5,0.5,3.5,3],"texture":"#star"}}},{"from":[5,8,14.6875],"to":[6,9,15.1875],"faces":{"down":{"uv":[1.5,1,3.5,2.5],"texture":"#star"},"up":{"uv":[1.5,0.5,4.5,2.5],"texture":"#star"},"north":{"uv":[0,0,16,16],"texture":"#star"},"south":{"uv":[0,0,16,16],"texture":"#star"},"west":{"uv":[0.5,0.5,4.5,2.5],"texture":"#star"},"east":{"uv":[1.5,0.5,3.5,3],"texture":"#star"}}},{"from":[3.5,9.5,14.6875],"to":[4.5,10.5,15.1875],"faces":{"down":{"uv":[1.5,1,3.5,2.5],"texture":"#star"},"up":{"uv":[1.5,0.5,4.5,2.5],"texture":"#star"},"north":{"uv":[0,0,16,16],"texture":"#star"},"south":{"uv":[0,0,16,16],"texture":"#star"},"west":{"uv":[0.5,0.5,4.5,2.5],"texture":"#star"},"east":{"uv":[1.5,0.5,3.5,3],"texture":"#star"}}},{"from":[12,6,5.5],"to":[13,10,6.5],"faces":{"down":{"uv":[0,0,16,16],"texture":"#wood3"},"up":{"uv":[0,0,16,16],"texture":"#wood3"},"north":{"uv":[0,0,16,16],"texture":"#wood3"},"south":{"uv":[0,0,16,16],"texture":"#wood3"},"west":{"uv":[0,0,16,16],"texture":"#wood3"},"east":{"uv":[0,0,16,16],"texture":"#wood3"}}},{"from":[11,7,5.5],"to":[12,10,6.5],"faces":{"down":{"uv":[5,6.5,4,5.5],"texture":"#leaves"},"up":{"uv":[11,5.5,12,6.5],"texture":"#leaves"},"north":{"uv":[4,6,5,9],"texture":"#leaves"},"south":{"uv":[11,6,12,9],"texture":"#leaves"},"west":{"uv":[5.5,6,6.5,9],"texture":"#leaves"},"east":{"uv":[9.5,6,10.5,9],"texture":"#leaves"}}},{"from":[12,7,4.5],"to":[13,10,5.5],"faces":{"down":{"uv":[4,5.5,3,4.5],"texture":"#leaves"},"up":{"uv":[12,4.5,13,5.5],"texture":"#leaves"},"north":{"uv":[3,6,4,9],"texture":"#leaves"},"south":{"uv":[12,6,13,9],"texture":"#leaves"},"west":{"uv":[4.5,6,5.5,9],"texture":"#leaves"},"east":{"uv":[10.5,6,11.5,9],"texture":"#leaves"}}},{"from":[12,7,6.5],"to":[13,10,7.5],"faces":{"down":{"uv":[4,7.5,3,6.5],"texture":"#leaves"},"up":{"uv":[12,6.5,13,7.5],"texture":"#leaves"},"north":{"uv":[3,6,4,9],"texture":"#leaves"},"south":{"uv":[12,6,13,9],"texture":"#leaves"},"west":{"uv":[6.5,6,7.5,9],"texture":"#leaves"},"east":{"uv":[8.5,6,9.5,9],"texture":"#leaves"}}},{"from":[13,7,5.5],"to":[14,10,6.5],"faces":{"down":{"uv":[3,6.5,2,5.5],"texture":"#leaves"},"up":{"uv":[13,5.5,14,6.5],"texture":"#leaves"},"north":{"uv":[2,6,3,9],"texture":"#leaves"},"south":{"uv":[13,6,14,9],"texture":"#leaves"},"west":{"uv":[5.5,6,6.5,9],"texture":"#leaves"},"east":{"uv":[9.5,6,10.5,9],"texture":"#leaves"}}},{"from":[12,10,5.5],"to":[13,11,6.5],"faces":{"down":{"uv":[4,6.5,3,5.5],"texture":"#leaves"},"up":{"uv":[12,5.5,13,6.5],"texture":"#leaves"},"north":{"uv":[3,5,4,6],"texture":"#leaves"},"south":{"uv":[12,5,13,6],"texture":"#leaves"},"west":{"uv":[5.5,5,6.5,6],"texture":"#leaves"},"east":{"uv":[9.5,5,10.5,6],"texture":"#leaves"}}},{"from":[11,7,4.5],"to":[14,8,7.5],"faces":{"down":{"uv":[5,7.5,2,4.5],"texture":"#leaves"},"up":{"uv":[11,4.5,14,7.5],"texture":"#leaves"},"north":{"uv":[2,8,5,9],"texture":"#leaves"},"south":{"uv":[11,8,14,9],"texture":"#leaves"},"west":{"uv":[4.5,8,7.5,9],"texture":"#leaves"},"east":{"uv":[8.5,8,11.5,9],"texture":"#leaves"}}}],"display":{"thirdperson_righthand":{"rotation":[18,-4,-3],"translation":[-0.38,3.78,-2.08],"scale":[1,1,1]},"ground":{"rotation":[0,0,0],"translation":[0,4.54,0],"scale":[1,1,1]},"firstperson_righthand":{"rotation":[-28,9,0],"translation":[-0.19,-1.5,0],"scale":[1,1,1]},"gui":{"rotation":[30,139,-3],"translation":[-0.9,0.38,0],"scale":[0.7,0.7,0.7]}}}