{"textures":{"snow":"blocks/hardened_clay_stained_yellow","texture":"blocks/hardened_clay","sword_black":"minemakers/sword_black"},"elements":[{"from":[6,9,4],"to":[8.5,11.5,6.5],"faces":{"down":{"uv":[10,6.5,7.5,4],"texture":"#snow"},"up":{"uv":[6,4,8.5,6.5],"texture":"#snow"},"north":{"uv":[7.5,4.5,10,7],"texture":"#snow"},"south":{"uv":[6,4.5,8.5,7],"texture":"#snow"},"west":{"uv":[4,4.5,6.5,7],"texture":"#snow"},"east":{"uv":[9.5,4.5,12,7],"texture":"#snow"}}},{"from":[7.0625,0.9375,5.0625],"to":[7.5625,8.9375,5.5625],"faces":{"down":{"uv":[8.9375,5.5625,8.4375,5.0625],"texture":"#sword_black"},"up":{"uv":[7.0625,5.0625,7.5625,5.5625],"texture":"#sword_black"},"north":{"uv":[8.4375,7.0625,8.9375,15.0625],"texture":"#sword_black"},"south":{"uv":[7.0625,7.0625,7.5625,15.0625],"texture":"#sword_black"},"west":{"uv":[5.0625,7.0625,5.5625,15.0625],"texture":"#sword_black"},"east":{"uv":[10.4375,7.0625,10.9375,15.0625],"texture":"#sword_black"}}}],"display":{"thirdperson_righthand":{"rotation":[40,0,0],"translation":[2,8,17],"scale":[2.5,2.5,2.5]},"ground":{"rotation":[0,0,90],"translation":[0,0,-2.65],"scale":[1.3,1.3,1.3]},"firstperson_righthand":{"rotation":[-21,-3,0],"translation":[0,4.72,1.51],"scale":[1,1,1]},"gui":{"rotation":[45,30,-45],"translation":[3.2,-1.5,0],"scale":[1.6,1.6,1.6]}}}