{"stat.useItem.minecraft.lapis_block":67,"stat.useItem.minecraft.chain_command_block":132,"stat.useItem.minecraft.quartz_block":998,"stat.useItem.minecraft.painting":101,"stat.useItem.minecraft.repeater":33,"stat.leaveGame":77,"stat.useItem.minecraft.bookshelf":122,"stat.useItem.minecraft.skull":56,"stat.useItem.minecraft.repeating_command_block":6,"stat.useItem.minecraft.diamond_sword":19,"stat.useItem.minecraft.glowstone":123,"stat.drop.minecraft.skull":27,"stat.swimOneCm":12847,"stat.useItem.minecraft.snow":2722,"stat.useItem.minecraft.planks":1835,"stat.climbOneCm":8815,"stat.useItem.minecraft.nether_brick_stairs":18,"stat.useItem.minecraft.coal_block":145,"stat.useItem.minecraft.redstone_torch":12,"stat.useItem.minecraft.dirt":80,"stat.useItem.minecraft.stone_slab2":142,"stat.useItem.minecraft.red_sandstone_stairs":38,"achievement.exploreAllBiomes":{"value":0,"progress":["Ice Plains","Forest","Ocean","Plains","Extreme Hills Edge"]},"stat.useItem.minecraft.water_bucket":4,"stat.useItem.minecraft.diamond_hoe":9,"stat.useItem.minecraft.sandstone_stairs":4,"stat.useItem.minecraft.red_nether_brick":1344,"stat.useItem.minecraft.detector_rail":3,"stat.useItem.minecraft.rail":23,"stat.useItem.minecraft.brick_block":154,"stat.flyOneCm":4628880,"stat.killEntity.Villager":3,"stat.timeSinceDeath":1129363,"stat.useItem.minecraft.fence_gate":1,"stat.useItem.minecraft.sign":12,"stat.drop.minecraft.diamond":1,"stat.pickup.minecraft.stained_hardened_clay":1,"stat.useItem.minecraft.spawn_egg":4,"stat.cauldronFilled":4,"stat.useItem.minecraft.wooden_slab":227,"stat.useItem.minecraft.iron_door":1,"stat.useItem.minecraft.noteblock":3,"stat.useItem.minecraft.lever":44,"stat.useItem.minecraft.hardened_clay":4023,"stat.useItem.minecraft.oak_stairs":603,"stat.furnaceInteraction":8,"stat.useItem.minecraft.armor_stand":8,"stat.talkedToVillager":1,"stat.useItem.minecraft.green_shulker_box":1,"stat.useItem.minecraft.redstone":8,"stat.drop.minecraft.stained_hardened_clay":1,"stat.useItem.minecraft.red_sandstone":1084,"stat.useItem.minecraft.spruce_fence":22,"stat.useItem.minecraft.trapdoor":46,"stat.useItem.minecraft.blue_shulker_box":5,"stat.sprintOneCm":437868,"stat.useItem.minecraft.diamond_block":20,"stat.useItem.minecraft.stained_glass":61,"stat.useItem.minecraft.hay_block":4,"stat.useItem.minecraft.fence":319,"stat.useItem.minecraft.stone_stairs":57,"stat.pickup.minecraft.skull":5,"stat.useItem.minecraft.dark_oak_door":12,"stat.useItem.minecraft.stone_slab":444,"stat.useItem.minecraft.acacia_fence":80,"stat.useItem.minecraft.ice":334,"stat.useItem.minecraft.bed":20,"achievement.openInventory":578,"stat.useItem.minecraft.cauldron":4,"stat.useItem.minecraft.flint_and_steel":8,"stat.useItem.minecraft.wheat_seeds":6,"stat.useItem.minecraft.wooden_button":1,"stat.useItem.minecraft.stone_pressure_plate":9,"stat.useItem.minecraft.dye":478,"stat.drop":31,"stat.playOneMinute":1129363,"stat.useItem.minecraft.cake":4,"stat.useItem.minecraft.wooden_sword":2,"stat.useItem.minecraft.nether_brick":744,"stat.useItem.minecraft.ladder":49,"stat.killEntity.Zombie":3,"stat.useItem.minecraft.birch_stairs":8,"stat.diveOneCm":9529,"stat.chestOpened":9,"stat.useItem.minecraft.sticky_piston":23,"stat.useItem.minecraft.stone":166,"stat.useItem.minecraft.quartz_stairs":13,"stat.useItem.minecraft.lime_shulker_box":1,"stat.killEntity.Vex":1,"stat.useItem.minecraft.carpet":334,"stat.useItem.minecraft.heavy_weighted_pressure_plate":24,"stat.useItem.minecraft.stained_glass_pane":95,"stat.useItem.minecraft.packed_ice":1409,"stat.useItem.minecraft.flower_pot":28,"stat.jump":3098,"stat.useItem.minecraft.iron_trapdoor":4,"stat.useItem.minecraft.piston":20,"stat.useItem.minecraft.stone_axe":1,"stat.crouchOneCm":72552,"stat.useItem.minecraft.stone_button":13,"stat.useItem.minecraft.coal_ore":18,"stat.boatOneCm":798,"stat.useItem.minecraft.sapling":68,"stat.useItem.minecraft.redstone_lamp":31,"stat.pickup.minecraft.red_sandstone":192,"stat.pickup.minecraft.cookie":1,"stat.useItem.minecraft.red_shulker_box":2,"stat.useItem.minecraft.stone_brick_stairs":129,"stat.useItem.minecraft.furnace":45,"stat.useItem.minecraft.gold_block":2,"stat.useItem.minecraft.slime":6,"stat.useItem.minecraft.stone_sword":1,"stat.useItem.minecraft.orange_shulker_box":1,"stat.damageDealt":1660,"stat.useItem.minecraft.snow_layer":1472,"stat.useItem.minecraft.wool":17,"stat.useItem.minecraft.crafting_table":13,"stat.killEntity.VindicationIllager":1,"stat.flowerPotted":25,"stat.useItem.minecraft.iron_bars":36,"stat.useItem.minecraft.command_block":134,"stat.walkOneCm":1073387,"stat.useItem.minecraft.torch":20,"stat.useItem.minecraft.chest":1,"stat.useItem.minecraft.observer":3,"stat.useItem.minecraft.log":253,"stat.useItem.minecraft.comparator":1,"stat.useItem.minecraft.cobblestone":297,"stat.useItem.minecraft.emerald_block":7,"stat.useItem.minecraft.redstone_block":34,"stat.useItem.minecraft.item_frame":5,"stat.shulkerBoxOpened":6,"stat.useItem.minecraft.spruce_stairs":17,"stat.useItem.minecraft.stained_hardened_clay":2761,"stat.useItem.minecraft.leaves":628,"stat.useItem.minecraft.glass_pane":5,"stat.useItem.minecraft.netherrack":7,"stat.useItem.minecraft.tripwire_hook":9,"stat.useItem.minecraft.barrier":95,"stat.drop.minecraft.cookie":2,"stat.useItem.minecraft.iron_block":32,"stat.useItem.minecraft.daylight_detector":2,"stat.mobKills":9,"stat.useItem.minecraft.wooden_pressure_plate":8,"stat.useItem.minecraft.stonebrick":85,"stat.useItem.minecraft.wooden_door":1,"stat.useItem.minecraft.spruce_door":5,"stat.useItem.minecraft.cobblestone_wall":30,"stat.sneakTime":37152,"stat.useItem.minecraft.wooden_axe":1,"stat.useItem.minecraft.map":2,"stat.useItem.minecraft.web":9}