{"stat.useItem.minecraft.lapis_block":40,"stat.useItem.minecraft.quartz_block":111,"stat.useItem.minecraft.painting":19,"stat.useItem.minecraft.quartz_stairs":3,"stat.leaveGame":9,"stat.useItem.minecraft.bookshelf":28,"stat.useItem.minecraft.skull":14,"stat.useItem.minecraft.carpet":116,"stat.useItem.minecraft.glowstone":1,"stat.useItem.minecraft.flower_pot":10,"stat.jump":398,"stat.useItem.minecraft.planks":982,"stat.climbOneCm":2246,"stat.useItem.minecraft.nether_brick_stairs":4,"stat.useItem.minecraft.piston":18,"stat.crouchOneCm":31100,"stat.useItem.minecraft.redstone_torch":14,"stat.useItem.minecraft.stone_button":1,"achievement.exploreAllBiomes":{"value":0,"progress":["Forest","Extreme Hills Edge"]},"stat.useItem.minecraft.redstone_lamp":30,"stat.useItem.minecraft.red_nether_brick":416,"stat.useItem.minecraft.golden_rail":4,"stat.useItem.minecraft.stone_brick_stairs":29,"stat.useItem.minecraft.rail":5,"stat.useItem.minecraft.anvil":3,"stat.flyOneCm":340025,"stat.timeSinceDeath":175339,"stat.useItem.minecraft.fence_gate":9,"stat.useItem.minecraft.sign":5,"stat.useItem.minecraft.wooden_slab":22,"stat.flowerPotted":11,"stat.useItem.minecraft.iron_bars":12,"stat.useItem.minecraft.command_block":12,"stat.useItem.minecraft.noteblock":1,"stat.walkOneCm":282421,"stat.useItem.minecraft.torch":4,"stat.useItem.minecraft.lever":41,"stat.useItem.minecraft.observer":4,"stat.useItem.minecraft.oak_stairs":349,"stat.useItem.minecraft.cobblestone":26,"stat.useItem.minecraft.emerald_block":13,"stat.useItem.minecraft.minecart":1,"stat.useItem.minecraft.redstone_block":1,"stat.useItem.minecraft.redstone":2,"stat.useItem.minecraft.spruce_stairs":2,"stat.useItem.minecraft.stained_hardened_clay":134,"stat.useItem.minecraft.trapdoor":6,"stat.sprintOneCm":150230,"stat.useItem.minecraft.diamond_block":1,"stat.useItem.minecraft.fence":21,"stat.useItem.minecraft.stone_stairs":5,"stat.useItem.minecraft.stone_slab":20,"achievement.openInventory":79,"stat.useItem.minecraft.daylight_detector":7,"stat.useItem.minecraft.stonebrick":30,"stat.playOneMinute":175339,"stat.useItem.minecraft.nether_brick":802,"stat.useItem.minecraft.ladder":6,"stat.sneakTime":9126}