{
    "overrides": [
		{ "predicate": {"damaged": 0, "damage": 0}, "model": "item/diamond_hoe"},
		{ "predicate": {"damaged": 0, "damage": 0.0006402048655569782}, "model": "item/diamond_hoe"},
		{ "predicate": {"damaged": 0, "damage": 0.0012804097311139564}, "model": "item/diamond_hoe1"},
		{ "predicate": {"damaged": 0, "damage": 0.0019206145966709346}, "model": "item/diamond_hoe2"},
		{ "predicate": {"damaged": 0, "damage": 0.002560819462227913}, "model": "item/diamond_hoe3"},
		{ "predicate": {"damaged": 0, "damage": 0.003201024327784891}, "model": "item/diamond_hoe4"},
		{ "predicate": {"damaged": 0, "damage": 0.0038412291933418692}, "model": "item/diamond_hoe5"},
		{ "predicate": {"damaged": 0, "damage": 0.004481434058898847}, "model": "item/diamond_hoe6"},
		{ "predicate": {"damaged": 0, "damage": 0.005121638924455826}, "model": "item/diamond_hoe7"},
		{ "predicate": {"damaged": 0, "damage": 0.005761843790012804}, "model": "item/diamond_hoe8"},
		{ "predicate": {"damaged": 0, "damage": 0.006402048655569782}, "model": "item/diamond_hoe9"},
		{ "predicate": {"damaged": 0, "damage": 0.00704225352112676}, "model": "item/diamond_hoe10"},
		{ "predicate": {"damaged": 0, "damage": 0.0076824583866837385}, "model": "item/diamond_hoe11"},
		{ "predicate": {"damaged": 0, "damage": 0.008322663252240717}, "model": "item/diamond_hoe12"},
		{ "predicate": {"damaged": 0, "damage": 0.008962868117797694}, "model": "item/diamond_hoe13"},
		{ "predicate": {"damaged": 0, "damage": 0.009603072983354673}, "model": "item/diamond_hoe14"},
		{ "predicate": {"damaged": 0, "damage": 0.010243277848911651}, "model": "item/diamond_hoe15"},
		{ "predicate": {"damaged": 0, "damage": 0.01088348271446863}, "model": "item/diamond_hoe16"},
		{ "predicate": {"damaged": 0, "damage": 0.011523687580025609}, "model": "item/diamond_hoe17"},
		{ "predicate": {"damaged": 0, "damage": 0.012163892445582586}, "model": "item/diamond_hoe18"},
		{ "predicate": {"damaged": 0, "damage": 0.012804097311139564}, "model": "item/diamond_hoe19"},
		{ "predicate": {"damaged": 0, "damage": 0.013444302176696543}, "model": "item/diamond_hoe20"},
		{ "predicate": {"damaged": 0, "damage": 0.01408450704225352}, "model": "item/diamond_hoe21"},
		{ "predicate": {"damaged": 0, "damage": 0.014724711907810498}, "model": "item/diamond_hoe22"},
		{ "predicate": {"damaged": 0, "damage": 0.015364916773367477}, "model": "item/diamond_hoe23"},
		{ "predicate": {"damaged": 0, "damage": 0.016005121638924456}, "model": "item/diamond_hoe24"},
		{ "predicate": {"damaged": 0, "damage": 0.016645326504481434}, "model": "item/diamond_hoe25"},
		{ "predicate": {"damaged": 0, "damage": 0.017285531370038413}, "model": "item/diamond_hoe26"},
		{ "predicate": {"damaged": 0, "damage": 0.017925736235595388}, "model": "item/diamond_hoe27"},
		{ "predicate": {"damaged": 0, "damage": 0.018565941101152367}, "model": "item/diamond_hoe28"},
		{ "predicate": {"damaged": 0, "damage": 0.019206145966709345}, "model": "item/diamond_hoe29"},
		{ "predicate": {"damaged": 0, "damage": 0.019846350832266324}, "model": "item/diamond_hoe30"},
		{ "predicate": {"damaged": 0, "damage": 0.020486555697823303}, "model": "item/diamond_hoe31"},
		{ "predicate": {"damaged": 0, "damage": 0.02112676056338028}, "model": "item/diamond_hoe32"},
		{ "predicate": {"damaged": 0, "damage": 0.02176696542893726}, "model": "item/diamond_hoe33"},
		{ "predicate": {"damaged": 0, "damage": 0.02240717029449424}, "model": "item/diamond_hoe34"},
		{ "predicate": {"damaged": 0, "damage": 0.023047375160051217}, "model": "item/diamond_hoe35"},
		{ "predicate": {"damaged": 0, "damage": 0.023687580025608192}, "model": "item/diamond_hoe36"},
		{ "predicate": {"damaged": 0, "damage": 0.02432778489116517}, "model": "item/diamond_hoe37"},
		{ "predicate": {"damaged": 0, "damage": 0.02496798975672215}, "model": "item/diamond_hoe38"},
		{ "predicate": {"damaged": 0, "damage": 0.02560819462227913}, "model": "item/diamond_hoe39"},
		{ "predicate": {"damaged": 0, "damage": 0.026248399487836107}, "model": "item/diamond_hoe40"},
		{ "predicate": {"damaged": 0, "damage": 0.026888604353393086}, "model": "item/diamond_hoe41"},
		{ "predicate": {"damaged": 0, "damage": 0.027528809218950064}, "model": "item/diamond_hoe42"},
		{ "predicate": {"damaged": 0, "damage": 0.02816901408450704}, "model": "item/diamond_hoe43"},
		{ "predicate": {"damaged": 0, "damage": 0.028809218950064018}, "model": "item/diamond_hoe44"},
		{ "predicate": {"damaged": 0, "damage": 0.029449423815620997}, "model": "item/diamond_hoe45"},
		{ "predicate": {"damaged": 0, "damage": 0.030089628681177975}, "model": "item/diamond_hoe46"},
		{ "predicate": {"damaged": 0, "damage": 0.030729833546734954}, "model": "item/diamond_hoe47"},
		{ "predicate": {"damaged": 0, "damage": 0.03137003841229193}, "model": "item/diamond_hoe48"},
		{ "predicate": {"damaged": 0, "damage": 0.03201024327784891}, "model": "item/diamond_hoe49"},
		{ "predicate": {"damaged": 0, "damage": 0.03265044814340589}, "model": "item/diamond_hoe50"},
		{ "predicate": {"damaged": 0, "damage": 0.03329065300896287}, "model": "item/diamond_hoe51"},
		{ "predicate": {"damaged": 0, "damage": 0.03393085787451985}, "model": "item/diamond_hoe52"},
		{ "predicate": {"damaged": 0, "damage": 0.034571062740076826}, "model": "item/diamond_hoe53"},
		{ "predicate": {"damaged": 0, "damage": 0.035211267605633804}, "model": "item/diamond_hoe54"},
		{ "predicate": {"damaged": 0, "damage": 0.035851472471190776}, "model": "item/diamond_hoe55"},
		{ "predicate": {"damaged": 0, "damage": 0.036491677336747755}, "model": "item/diamond_hoe56"},
		{ "predicate": {"damaged": 0, "damage": 0.03713188220230473}, "model": "item/diamond_hoe57"},
		{ "predicate": {"damaged": 0, "damage": 0.03777208706786171}, "model": "item/diamond_hoe58"},
		{ "predicate": {"damaged": 0, "damage": 0.03841229193341869}, "model": "item/diamond_hoe59"},
		{ "predicate": {"damaged": 0, "damage": 0.03905249679897567}, "model": "item/diamond_hoe60"},
		{ "predicate": {"damaged": 0, "damage": 0.03969270166453265}, "model": "item/diamond_hoe61"},
		{ "predicate": {"damaged": 0, "damage": 0.04033290653008963}, "model": "item/diamond_hoe62"},
		{ "predicate": {"damaged": 0, "damage": 0.040973111395646605}, "model": "item/diamond_hoe63"},
		{ "predicate": {"damaged": 0, "damage": 0.041613316261203584}, "model": "item/diamond_hoe64"},
		{ "predicate": {"damaged": 0, "damage": 0.04225352112676056}, "model": "item/diamond_hoe65"},
		{ "predicate": {"damaged": 0, "damage": 0.04289372599231754}, "model": "item/diamond_hoe66"},
		{ "predicate": {"damaged": 0, "damage": 0.04353393085787452}, "model": "item/diamond_hoe67"}
	],
    "textures": {
		"texture": "items/diamond_hoe"
	},
	"elements": [ 
	{
		"__comment": "diamond_hoe x16",
		"from": [ 2, 1, 7.5 ],
		"to": [ 4, 3, 8.5 ],
		"faces": {
			"down":  { "uv": [ 2, 15, 4, 14 ], "texture": "#texture" },
			"up":    { "uv": [ 2, 13, 4, 14 ], "texture": "#texture" },
			"north": { "uv": [ 4, 13, 2, 15 ], "texture": "#texture" },
			"south": { "uv": [ 2, 13, 4, 15 ], "texture": "#texture" },
			"west":  { "uv": [ 2, 13, 3, 15 ], "texture": "#texture" },
			"east":  { "uv": [ 4, 13, 3, 15 ], "texture": "#texture" }
		}
	},
	{
		"__comment": "diamond_hoe x16",
		"from": [ 3, 3, 7.5 ],
		"to": [ 6, 4, 8.5 ],
		"faces": {
			"down":  { "uv": [ 3, 13, 6, 12 ], "texture": "#texture" },
			"up":    { "uv": [ 3, 12, 6, 13 ], "texture": "#texture" },
			"north": { "uv": [ 6, 12, 3, 13 ], "texture": "#texture" },
			"south": { "uv": [ 3, 12, 6, 13 ], "texture": "#texture" },
			"west":  { "uv": [ 3, 12, 4, 13 ], "texture": "#texture" },
			"east":  { "uv": [ 6, 12, 5, 13 ], "texture": "#texture" }
		}
	},
	{
		"__comment": "diamond_hoe x16",
		"from": [ 4, 4, 7.5 ],
		"to": [ 7, 5, 8.5 ],
		"faces": {
			"down":  { "uv": [ 4, 12, 7, 11 ], "texture": "#texture" },
			"up":    { "uv": [ 4, 11, 7, 12 ], "texture": "#texture" },
			"north": { "uv": [ 7, 11, 4, 12 ], "texture": "#texture" },
			"south": { "uv": [ 4, 11, 7, 12 ], "texture": "#texture" },
			"west":  { "uv": [ 4, 11, 5, 12 ], "texture": "#texture" },
			"east":  { "uv": [ 7, 11, 6, 12 ], "texture": "#texture" }
		}
	},
	{
		"__comment": "diamond_hoe x16",
		"from": [ 4, 2, 7.5 ],
		"to": [ 5, 3, 8.5 ],
		"faces": {
			"down":  { "uv": [ 4, 14, 5, 13 ], "texture": "#texture" },
			"north": { "uv": [ 5, 13, 4, 14 ], "texture": "#texture" },
			"south": { "uv": [ 4, 13, 5, 14 ], "texture": "#texture" },
			"east":  { "uv": [ 5, 13, 4, 14 ], "texture": "#texture" }
		}
	},
	{
		"__comment": "diamond_hoe x16",
		"from": [ 5, 5, 7.5 ],
		"to": [ 8, 6, 8.5 ],
		"faces": {
			"down":  { "uv": [ 5, 11, 8, 10 ], "texture": "#texture" },
			"up":    { "uv": [ 5, 10, 8, 11 ], "texture": "#texture" },
			"north": { "uv": [ 8, 10, 5, 11 ], "texture": "#texture" },
			"south": { "uv": [ 5, 10, 8, 11 ], "texture": "#texture" },
			"west":  { "uv": [ 5, 10, 6, 11 ], "texture": "#texture" },
			"east":  { "uv": [ 8, 10, 7, 11 ], "texture": "#texture" }
		}
	},
	{
		"__comment": "diamond_hoe x16",
		"from": [ 6, 13, 7.5 ],
		"to": [ 11, 14, 8.5 ],
		"faces": {
			"down":  { "uv": [ 6, 3, 11, 2 ], "texture": "#texture" },
			"up":    { "uv": [ 6, 2, 11, 3 ], "texture": "#texture" },
			"north": { "uv": [ 11, 2, 6, 3 ], "texture": "#texture" },
			"south": { "uv": [ 6, 2, 11, 3 ], "texture": "#texture" },
			"west":  { "uv": [ 6, 2, 7, 3 ], "texture": "#texture" },
			"east":  { "uv": [ 11, 2, 10, 3 ], "texture": "#texture" }
		}
	},
	{
		"__comment": "diamond_hoe x16",
		"from": [ 6, 6, 7.5 ],
		"to": [ 9, 7, 8.5 ],
		"faces": {
			"down":  { "uv": [ 6, 10, 9, 9 ], "texture": "#texture" },
			"up":    { "uv": [ 6, 9, 9, 10 ], "texture": "#texture" },
			"north": { "uv": [ 9, 9, 6, 10 ], "texture": "#texture" },
			"south": { "uv": [ 6, 9, 9, 10 ], "texture": "#texture" },
			"west":  { "uv": [ 6, 9, 7, 10 ], "texture": "#texture" },
			"east":  { "uv": [ 9, 9, 8, 10 ], "texture": "#texture" }
		}
	},
	{
		"__comment": "diamond_hoe x16",
		"from": [ 7, 14, 7.5 ],
		"to": [ 10, 15, 8.5 ],
		"faces": {
			"up":    { "uv": [ 7, 1, 10, 2 ], "texture": "#texture" },
			"north": { "uv": [ 10, 1, 7, 2 ], "texture": "#texture" },
			"south": { "uv": [ 7, 1, 10, 2 ], "texture": "#texture" },
			"west":  { "uv": [ 7, 1, 8, 2 ], "texture": "#texture" },
			"east":  { "uv": [ 10, 1, 9, 2 ], "texture": "#texture" }
		}
	},
	{
		"__comment": "diamond_hoe x16",
		"from": [ 7, 12, 7.5 ],
		"to": [ 14, 13, 8.5 ],
		"faces": {
			"down":  { "uv": [ 7, 4, 14, 3 ], "texture": "#texture" },
			"up":    { "uv": [ 7, 3, 14, 4 ], "texture": "#texture" },
			"north": { "uv": [ 14, 3, 7, 4 ], "texture": "#texture" },
			"south": { "uv": [ 7, 3, 14, 4 ], "texture": "#texture" },
			"west":  { "uv": [ 7, 3, 8, 4 ], "texture": "#texture" },
			"east":  { "uv": [ 14, 3, 13, 4 ], "texture": "#texture" }
		}
	},
	{
		"__comment": "diamond_hoe x16",
		"from": [ 7, 7, 7.5 ],
		"to": [ 10, 8, 8.5 ],
		"faces": {
			"down":  { "uv": [ 7, 9, 10, 8 ], "texture": "#texture" },
			"up":    { "uv": [ 7, 8, 10, 9 ], "texture": "#texture" },
			"north": { "uv": [ 10, 8, 7, 9 ], "texture": "#texture" },
			"south": { "uv": [ 7, 8, 10, 9 ], "texture": "#texture" },
			"west":  { "uv": [ 7, 8, 8, 9 ], "texture": "#texture" },
			"east":  { "uv": [ 10, 8, 9, 9 ], "texture": "#texture" }
		}
	},
	{
		"__comment": "diamond_hoe x16",
		"from": [ 8, 8, 7.5 ],
		"to": [ 11, 9, 8.5 ],
		"faces": {
			"down":  { "uv": [ 8, 8, 11, 7 ], "texture": "#texture" },
			"up":    { "uv": [ 8, 7, 11, 8 ], "texture": "#texture" },
			"north": { "uv": [ 11, 7, 8, 8 ], "texture": "#texture" },
			"south": { "uv": [ 8, 7, 11, 8 ], "texture": "#texture" },
			"west":  { "uv": [ 8, 7, 9, 8 ], "texture": "#texture" },
			"east":  { "uv": [ 11, 7, 10, 8 ], "texture": "#texture" }
		}
	},
	{
		"__comment": "diamond_hoe x16",
		"from": [ 9, 11, 7.5 ],
		"to": [ 14, 12, 8.5 ],
		"faces": {
			"down":  { "uv": [ 9, 5, 14, 4 ], "texture": "#texture" },
			"north": { "uv": [ 14, 4, 9, 5 ], "texture": "#texture" },
			"south": { "uv": [ 9, 4, 14, 5 ], "texture": "#texture" },
			"west":  { "uv": [ 9, 4, 10, 5 ], "texture": "#texture" },
			"east":  { "uv": [ 14, 4, 13, 5 ], "texture": "#texture" }
		}
	},
	{
		"__comment": "diamond_hoe x16",
		"from": [ 9, 9, 7.5 ],
		"to": [ 13, 10, 8.5 ],
		"faces": {
			"down":  { "uv": [ 9, 7, 13, 6 ], "texture": "#texture" },
			"up":    { "uv": [ 9, 6, 13, 7 ], "texture": "#texture" },
			"north": { "uv": [ 13, 6, 9, 7 ], "texture": "#texture" },
			"south": { "uv": [ 9, 6, 13, 7 ], "texture": "#texture" },
			"west":  { "uv": [ 9, 6, 10, 7 ], "texture": "#texture" },
			"east":  { "uv": [ 13, 6, 12, 7 ], "texture": "#texture" }
		}
	},
	{
		"__comment": "diamond_hoe x16",
		"from": [ 10, 10, 7.5 ],
		"to": [ 14, 11, 8.5 ],
		"faces": {
			"down":  { "uv": [ 10, 6, 14, 5 ], "texture": "#texture" },
			"north": { "uv": [ 14, 5, 10, 6 ], "texture": "#texture" },
			"south": { "uv": [ 10, 5, 14, 6 ], "texture": "#texture" },
			"west":  { "uv": [ 10, 5, 11, 6 ], "texture": "#texture" },
			"east":  { "uv": [ 14, 5, 13, 6 ], "texture": "#texture" }
		}
	}
	],
	"display": {
		"thirdperson_righthand": {
			"rotation": [ 0, -90, 55 ],
			"translation": [ 0, 4, 0.5 ],
			"scale": [ 0.85, 0.85, 0.85 ]
		},
		"thirdperson_lefthand": {
			"rotation": [ 0, 90, -55 ],
			"translation": [ 0, 4, 0.5 ],
			"scale": [ 0.85, 0.85, 0.85 ]
		},
		"head": {
			"rotation": [ 89, 0, 0 ],
			"translation": [ 0, 6.8, 0 ],
			"scale": [ 1, 1, 1 ]
		},
		"ground": {
			"rotation": [ 0, 0, 0 ],
			"translation": [ 0, 2, 0 ],
			"scale": [ 0.5, 0.5, 0.5 ]
		},
		"fixed": {
			"rotation": [ 0, 0, 0 ],
			"translation": [ 0, 0, 0 ],
			"scale": [ 1, 1, 1 ]
		},
		"firstperson_righthand": {
			"rotation": [ 0, -90, 25 ],
			"translation": [ 1.13, 3.2, 1.13 ],
			"scale": [ 0.68, 0.68, 0.68 ]
		},
		"firstperson_lefthand": {
			"rotation": [ 0, 90, -25 ],
			"translation": [ 1.13, 3.2, 1.13 ],
			"scale": [ 0.68, 0.68, 0.68 ]
		},
		"gui": {
			"rotation": [ 0, 0, 0 ],
			"translation": [ 0, 0, 0 ],
			"scale": [ 1, 1, 1 ]
		}
	}
}
