{
"__comment": "Designed by Mithey with BDcraft Cubik PRO 0.96 Beta - http://bdcraft.net",
"textures": {
    "texture": "items/christmas_stocking"
},
"elements": [ 
{
    "__comment": "christmas_stocking x16",
    "from": [ 0, 2, 7.5 ],
    "to": [ 14, 4, 8.5 ],
    "faces": {
        "down":  { "uv": [ 0, 14, 14, 13 ], "texture": "#texture" },
        "up":    { "uv": [ 0, 12, 14, 13 ], "texture": "#texture" },
        "north": { "uv": [ 14, 12, 0, 14 ], "texture": "#texture" },
        "south": { "uv": [ 0, 12, 14, 14 ], "texture": "#texture" },
        "west":  { "uv": [ 0, 12, 1, 14 ], "texture": "#texture" },
        "east":  { "uv": [ 14, 12, 13, 14 ], "texture": "#texture" }
    }
},
{
    "__comment": "christmas_stocking x16",
    "from": [ 1, 4, 7.5 ],
    "to": [ 14, 5, 8.5 ],
    "faces": {
        "down":  { "uv": [ 1, 12, 14, 11 ], "texture": "#texture" },
        "up":    { "uv": [ 1, 11, 14, 12 ], "texture": "#texture" },
        "north": { "uv": [ 14, 11, 1, 12 ], "texture": "#texture" },
        "south": { "uv": [ 1, 11, 14, 12 ], "texture": "#texture" },
        "west":  { "uv": [ 1, 11, 2, 12 ], "texture": "#texture" },
        "east":  { "uv": [ 14, 11, 13, 12 ], "texture": "#texture" }
    }
},
{
    "__comment": "christmas_stocking x16",
    "from": [ 1, 1, 7.5 ],
    "to": [ 15, 2, 8.5 ],
    "faces": {
        "down":  { "uv": [ 1, 15, 15, 14 ], "texture": "#texture" },
        "up":    { "uv": [ 1, 14, 15, 15 ], "texture": "#texture" },
        "north": { "uv": [ 15, 14, 1, 15 ], "texture": "#texture" },
        "south": { "uv": [ 1, 14, 15, 15 ], "texture": "#texture" },
        "west":  { "uv": [ 1, 14, 2, 15 ], "texture": "#texture" },
        "east":  { "uv": [ 15, 14, 14, 15 ], "texture": "#texture" }
    }
},
{
    "__comment": "christmas_stocking x16",
    "from": [ 2, 5, 7.5 ],
    "to": [ 15, 6, 8.5 ],
    "faces": {
        "down":  { "uv": [ 2, 11, 15, 10 ], "texture": "#texture" },
        "up":    { "uv": [ 2, 10, 15, 11 ], "texture": "#texture" },
        "north": { "uv": [ 15, 10, 2, 11 ], "texture": "#texture" },
        "south": { "uv": [ 2, 10, 15, 11 ], "texture": "#texture" },
        "west":  { "uv": [ 2, 10, 3, 11 ], "texture": "#texture" },
        "east":  { "uv": [ 15, 10, 14, 11 ], "texture": "#texture" }
    }
},
{
    "__comment": "christmas_stocking x16",
    "from": [ 2, 0, 7.5 ],
    "to": [ 8, 1, 8.5 ],
    "faces": {
        "down":  { "uv": [ 2, 16, 8, 15 ], "texture": "#texture" },
        "up":    { "uv": [ 2, 15, 8, 16 ], "texture": "#texture" },
        "north": { "uv": [ 8, 15, 2, 16 ], "texture": "#texture" },
        "south": { "uv": [ 2, 15, 8, 16 ], "texture": "#texture" },
        "west":  { "uv": [ 2, 15, 3, 16 ], "texture": "#texture" },
        "east":  { "uv": [ 8, 15, 7, 16 ], "texture": "#texture" }
    }
},
{
    "__comment": "christmas_stocking x16",
    "from": [ 7, 6, 7.5 ],
    "to": [ 15, 7, 8.5 ],
    "faces": {
        "down":  { "uv": [ 7, 10, 15, 9 ], "texture": "#texture" },
        "up":    { "uv": [ 7, 9, 15, 10 ], "texture": "#texture" },
        "north": { "uv": [ 15, 9, 7, 10 ], "texture": "#texture" },
        "south": { "uv": [ 7, 9, 15, 10 ], "texture": "#texture" },
        "west":  { "uv": [ 7, 9, 8, 10 ], "texture": "#texture" },
        "east":  { "uv": [ 15, 9, 14, 10 ], "texture": "#texture" }
    }
},
{
    "__comment": "christmas_stocking x16",
    "from": [ 8, 12, 7.5 ],
    "to": [ 16, 14, 8.5 ],
    "faces": {
        "down":  { "uv": [ 8, 4, 16, 3 ], "texture": "#texture" },
        "up":    { "uv": [ 8, 2, 16, 3 ], "texture": "#texture" },
        "north": { "uv": [ 16, 2, 8, 4 ], "texture": "#texture" },
        "south": { "uv": [ 8, 2, 16, 4 ], "texture": "#texture" },
        "west":  { "uv": [ 8, 2, 9, 4 ], "texture": "#texture" },
        "east":  { "uv": [ 16, 2, 15, 4 ], "texture": "#texture" }
    }
},
{
    "__comment": "christmas_stocking x16",
    "from": [ 9, 14, 7.5 ],
    "to": [ 15, 15, 8.5 ],
    "faces": {
        "down":  { "uv": [ 9, 2, 15, 1 ], "texture": "#texture" },
        "up":    { "uv": [ 9, 1, 15, 2 ], "texture": "#texture" },
        "north": { "uv": [ 15, 1, 9, 2 ], "texture": "#texture" },
        "south": { "uv": [ 9, 1, 15, 2 ], "texture": "#texture" },
        "west":  { "uv": [ 9, 1, 10, 2 ], "texture": "#texture" },
        "east":  { "uv": [ 15, 1, 14, 2 ], "texture": "#texture" }
    }
},
{
    "__comment": "christmas_stocking x16",
    "from": [ 9, 7, 7.5 ],
    "to": [ 15, 12, 8.5 ],
    "faces": {
        "down":  { "uv": [ 9, 9, 15, 8 ], "texture": "#texture" },
        "up":    { "uv": [ 9, 4, 15, 5 ], "texture": "#texture" },
        "north": { "uv": [ 15, 4, 9, 9 ], "texture": "#texture" },
        "south": { "uv": [ 9, 4, 15, 9 ], "texture": "#texture" },
        "west":  { "uv": [ 9, 4, 10, 9 ], "texture": "#texture" },
        "east":  { "uv": [ 15, 4, 14, 9 ], "texture": "#texture" }
    }
},
{
    "__comment": "christmas_stocking x16",
    "from": [ 10, 0, 7.5 ],
    "to": [ 14, 1, 8.5 ],
    "faces": {
        "down":  { "uv": [ 10, 16, 14, 15 ], "texture": "#texture" },
        "up":    { "uv": [ 10, 15, 14, 16 ], "texture": "#texture" },
        "north": { "uv": [ 14, 15, 10, 16 ], "texture": "#texture" },
        "south": { "uv": [ 10, 15, 14, 16 ], "texture": "#texture" },
        "west":  { "uv": [ 10, 15, 11, 16 ], "texture": "#texture" },
        "east":  { "uv": [ 14, 15, 13, 16 ], "texture": "#texture" }
    }
},
{
    "__comment": "christmas_stocking x16",
    "from": [ 11, 15, 7.5 ],
    "to": [ 13, 16, 8.5 ],
    "faces": {
        "down":  { "uv": [ 11, 1, 13, 0 ], "texture": "#texture" },
        "up":    { "uv": [ 11, 0, 13, 1 ], "texture": "#texture" },
        "north": { "uv": [ 13, 0, 11, 1 ], "texture": "#texture" },
        "south": { "uv": [ 11, 0, 13, 1 ], "texture": "#texture" },
        "west":  { "uv": [ 11, 0, 12, 1 ], "texture": "#texture" },
        "east":  { "uv": [ 13, 0, 12, 1 ], "texture": "#texture" }
    }
},
{
    "__comment": "christmas_stocking x16",
    "from": [ 14, 2, 7.5 ],
    "to": [ 15, 3, 8.5 ],
    "faces": {
        "down":  { "uv": [ 14, 14, 15, 13 ], "texture": "#texture" },
        "up":    { "uv": [ 14, 13, 15, 14 ], "texture": "#texture" },
        "north": { "uv": [ 15, 13, 14, 14 ], "texture": "#texture" },
        "south": { "uv": [ 14, 13, 15, 14 ], "texture": "#texture" },
        "west":  { "uv": [ 14, 13, 15, 14 ], "texture": "#texture" },
        "east":  { "uv": [ 15, 13, 14, 14 ], "texture": "#texture" }
    }
}
],
"display": {
    "head": {
        "rotation": [ 0, 0, 0 ],
        "translation": [ 0, 0, 0 ],
        "scale": [ 1.5, 1.5, 1.5 ]
    }
}
}