{"item.armor.equip_generic":{"sounds":[{"name":"empty","stream":false}],"category":"master","replace":"true"},"entity.splash_potion.break":{"sounds":[{"name":"empty","stream":false}],"category":"master","replace":"true"},"entity.endermen.teleport":{"sounds":[{"name":"mob/endermen/portal2","stream":false}],"category":"master","replace":"true"},"entity.arrow.hit":{"sounds":[{"name":"random/bowhit","stream":false}],"category":"master","replace":"true"},"entity.arrow.shoot":{"sounds":[{"name":"random/bowcustom","stream":false}],"category":"master","replace":"true"},"musicbox":{"sounds":[{"name":"musicbox","stream":true}],"category":"master"},"m1":{"sounds":[{"name":"yahoo","stream":false}],"category":"master"},"m2":{"sounds":[{"name":"slide","stream":false}],"category":"master"},"m5":{"sounds":[{"name":"vanish","stream":false}],"category":"master"},"m7":{"sounds":[{"name":"inflate","stream":false}],"category":"master"},"u1":{"sounds":[{"name":"christmas","stream":true}],"category":"master"},"u2":{"sounds":[{"name":"army","stream":true}],"category":"master"},"u4":{"sounds":[{"name":"freeze","stream":true}],"category":"master"},"u5":{"sounds":[{"name":"chainsaw","stream":true}],"category":"master"},"u6":{"sounds":[{"name":"cursedhand","stream":true}],"category":"master"},"u7":{"sounds":[{"name":"teddy","stream":true}],"category":"master"}}