{"stat.beaconInteraction":2,"stat.useItem.minecraft.chain_command_block":451,"stat.useItem.minecraft.quartz_block":842,"stat.useItem.minecraft.painting":13,"stat.leaveGame":39,"stat.useItem.minecraft.bookshelf":5,"stat.drop.minecraft.redstone":17,"stat.useItem.minecraft.lead":17,"stat.useItem.minecraft.repeating_command_block":36,"stat.useItem.minecraft.glowstone":5,"stat.drop.minecraft.skull":7,"stat.useItem.minecraft.planks":430,"stat.useItem.minecraft.nether_brick_stairs":1,"stat.drop.minecraft.coal_block":1,"stat.pickup.minecraft.porkchop":2,"stat.useItem.minecraft.water_bucket":43,"stat.drop.minecraft.redstone_torch":1,"stat.useItem.minecraft.sandstone_stairs":52,"stat.useItem.minecraft.vine":26,"stat.useItem.minecraft.rail":33,"stat.drop.minecraft.splash_potion":2,"stat.useItem.minecraft.anvil":3,"stat.hopperInspected":1,"stat.useItem.minecraft.fence_gate":3,"stat.useItem.minecraft.spawn_egg":1,"stat.useItem.minecraft.oak_stairs":52,"stat.furnaceInteraction":1,"stat.useItem.minecraft.dark_oak_stairs":27,"stat.drop.minecraft.stone_slab":2,"stat.useItem.minecraft.redstone":305,"stat.drop.minecraft.stained_hardened_clay":7,"stat.useItem.minecraft.trapdoor":23,"stat.useItem.minecraft.stained_glass":69,"stat.useItem.minecraft.fence":88,"stat.useItem.minecraft.stone_stairs":39,"stat.useItem.minecraft.dark_oak_door":4,"stat.useItem.minecraft.ice":19,"achievement.openInventory":1532,"stat.pickup.minecraft.stone_stairs":1,"stat.useItem.minecraft.flint_and_steel":2,"stat.useItem.minecraft.wooden_button":12,"stat.useItem.minecraft.hopper":9,"stat.useItem.minecraft.dye":22,"stat.deaths":40,"stat.drop.minecraft.chain_command_block":174,"stat.playOneMinute":2056231,"stat.useItem.minecraft.jungle_stairs":10,"stat.useItem.minecraft.jukebox":2,"stat.chestOpened":31,"stat.useItem.minecraft.splash_potion":195,"stat.useItem.minecraft.stone":420,"stat.drop.minecraft.hopper":3,"stat.useItem.minecraft.sponge":417,"stat.useItem.minecraft.ender_chest":3,"stat.useItem.minecraft.packed_ice":670,"stat.fallOneCm":212267,"stat.drop.minecraft.stone":1,"stat.crouchOneCm":220299,"stat.pickup.minecraft.painting":3,"stat.pickup.minecraft.comparator":2,"stat.pickup.minecraft.repeater":5,"stat.useItem.minecraft.dark_oak_fence":36,"stat.useItem.minecraft.furnace":7,"stat.pickup.minecraft.lead":2,"stat.useItem.minecraft.enchanting_table":1,"stat.useItem.minecraft.wool":1813,"stat.useItem.minecraft.iron_bars":12,"stat.flowerPotted":1,"stat.useItem.minecraft.torch":49,"stat.useItem.minecraft.log":559,"stat.useItem.minecraft.comparator":108,"stat.useItem.minecraft.cobblestone":45,"stat.useItem.minecraft.gravel":74,"stat.drop.minecraft.sign":3,"stat.drop.minecraft.stonebrick":2,"stat.drop.minecraft.planks":1,"stat.pickup.minecraft.hopper":2,"stat.pickup.minecraft.wooden_door":3,"stat.useItem.minecraft.tallgrass":29,"stat.useItem.minecraft.glass_pane":8,"stat.useItem.minecraft.deadbush":9,"stat.useItem.minecraft.barrier":851,"stat.drop.minecraft.comparator":29,"stat.useItem.minecraft.stonebrick":300,"stat.useItem.minecraft.wooden_door":1,"stat.sneakTime":110395,"stat.drop.minecraft.sea_lantern":1,"stat.useItem.minecraft.brewing_stand":3,"stat.drop.minecraft.wooden_axe":19,"stat.useItem.minecraft.web":49,"stat.useItem.minecraft.brick_stairs":14,"stat.useItem.minecraft.lapis_block":71,"stat.pickup.minecraft.stone_pressure_plate":1,"stat.horseOneCm":1332,"stat.useItem.minecraft.repeater":518,"stat.useItem.minecraft.beacon":1,"stat.drop.minecraft.beacon":1,"stat.useItem.minecraft.skull":113,"stat.useItem.minecraft.diamond_sword":1,"stat.swimOneCm":1221,"stat.useItem.minecraft.snow":475,"stat.climbOneCm":41301,"stat.drop.minecraft.sticky_piston":1,"stat.drop.minecraft.cobblestone":2,"stat.useItem.minecraft.coal_block":101,"stat.enderchestOpened":3,"stat.useItem.minecraft.redstone_torch":4,"stat.useItem.minecraft.dirt":751,"achievement.exploreAllBiomes":{"value":0,"progress":["Plains","Ice Mountains"]},"stat.drop.minecraft.quartz_stairs":9,"stat.pickup.minecraft.quartz_stairs":2,"stat.useItem.minecraft.brick_block":113,"stat.flyOneCm":16217098,"stat.pickup.minecraft.cactus":3,"stat.pickup.minecraft.redstone":6,"stat.timeSinceDeath":1743613,"stat.useItem.minecraft.sign":167,"stat.useItem.minecraft.wooden_slab":354,"stat.useItem.minecraft.iron_door":1,"stat.drop.minecraft.repeater":33,"stat.useItem.minecraft.lever":3,"stat.pickup.minecraft.wooden_axe":1,"stat.drop.minecraft.stained_glass":3,"stat.drop.minecraft.wool":43,"stat.useItem.minecraft.armor_stand":2,"stat.drop.minecraft.bedrock":1,"stat.drop.minecraft.redstone_lamp":1,"stat.useItem.minecraft.sea_lantern":74,"stat.useItem.minecraft.written_book":1,"stat.sprintOneCm":1703261,"stat.useItem.minecraft.hay_block":245,"stat.useItem.minecraft.stone_slab":405,"stat.useItem.minecraft.bed":7,"stat.useItem.minecraft.stone_pressure_plate":12,"stat.drop.minecraft.leaves":2,"stat.drop.minecraft.cobblestone_wall":1,"stat.drop":768,"stat.pickup.minecraft.stone_button":3,"stat.useItem.minecraft.ladder":56,"stat.drop.minecraft.redstone_block":39,"stat.useItem.minecraft.sticky_piston":1,"stat.drop.minecraft.stone_stairs":1,"stat.pickup.minecraft.sign":1,"stat.useItem.minecraft.quartz_stairs":289,"stat.useItem.minecraft.diamond_axe":18,"stat.useItem.minecraft.heavy_weighted_pressure_plate":8,"stat.useItem.minecraft.carpet":30,"stat.useItem.minecraft.stained_glass_pane":5,"stat.drop.minecraft.sponge":9,"stat.useItem.minecraft.flower_pot":1,"stat.useItem.minecraft.bedrock":95,"stat.jump":16945,"stat.useItem.minecraft.sand":9,"stat.useItem.minecraft.iron_trapdoor":4,"stat.useItem.minecraft.stone_button":71,"stat.drop.minecraft.glass":2,"stat.useItem.minecraft.glass":32,"stat.drop.minecraft.barrier":9,"stat.pickup.minecraft.command_block":3,"stat.drop.minecraft.gold_block":2,"stat.useItem.minecraft.redstone_lamp":6,"stat.damageTaken":470,"stat.pickup.minecraft.leather":8,"stat.useItem.minecraft.stone_brick_stairs":2,"stat.pickup.minecraft.written_book":26,"stat.useItem.minecraft.gold_block":33,"stat.drop.minecraft.stone_button":4,"stat.useItem.minecraft.slime":17,"stat.pickup.minecraft.quartz_block":6,"stat.damageDealt":100,"stat.useItem.minecraft.snow_layer":1068,"stat.useItem.minecraft.crafting_table":5,"stat.pickup.minecraft.minecart":66,"stat.killEntity.Pig":1,"stat.drop.minecraft.emerald_block":3,"stat.useItem.minecraft.command_block":1019,"stat.walkOneCm":2867228,"stat.useItem.minecraft.chest":15,"stat.pickup.minecraft.stick":1,"stat.useItem.minecraft.tnt":16,"stat.useItem.minecraft.emerald_block":42,"stat.useItem.minecraft.gold_ore":29,"stat.drop.minecraft.iron_block":1,"stat.useItem.minecraft.redstone_block":355,"stat.useItem.minecraft.item_frame":1,"stat.useItem.minecraft.spruce_stairs":108,"stat.useItem.minecraft.stained_hardened_clay":237,"stat.useItem.minecraft.leaves":539,"stat.drop.minecraft.command_block":260,"stat.pickup.minecraft.ladder":3,"stat.useItem.minecraft.cactus":25,"stat.useItem.minecraft.netherrack":4,"stat.useItem.minecraft.prismarine":108,"stat.drop.minecraft.lever":1,"stat.useItem.minecraft.iron_block":19,"stat.mobKills":1,"stat.drop.minecraft.repeating_command_block":26,"stat.useItem.minecraft.cobblestone_wall":114,"stat.drop.minecraft.prismarine":1,"stat.drop.minecraft.spruce_stairs":1,"stat.drop.minecraft.quartz_block":42,"stat.useItem.minecraft.sandstone":259}